# label=make_modules_install
# cmd=make -j8 modules_install INSTALL_MOD_PATH=/local/mnt/workspace/AURA_V1/evidence/compile_closure_wcd937x_continuation_20260520_033221/artifacts/modules_dir INSTALL_MOD_STRIP=1
# cwd=/local/mnt/workspace/AURA_V1/evidence/compile_closure_wcd937x_continuation_20260520_033221/repos/linux-compile-closure
# start=2026-05-20T03:49:02.022626+00:00
  SYMLINK /local/mnt/workspace/AURA_V1/evidence/compile_closure_wcd937x_continuation_20260520_033221/artifacts/modules_dir/lib/modules/6.18.0-00006-g53d68d37d754/build
  INSTALL /local/mnt/workspace/AURA_V1/evidence/compile_closure_wcd937x_continuation_20260520_033221/artifacts/modules_dir/lib/modules/6.18.0-00006-g53d68d37d754/modules.order
  INSTALL /local/mnt/workspace/AURA_V1/evidence/compile_closure_wcd937x_continuation_20260520_033221/artifacts/modules_dir/lib/modules/6.18.0-00006-g53d68d37d754/modules.builtin
  INSTALL /local/mnt/workspace/AURA_V1/evidence/compile_closure_wcd937x_continuation_20260520_033221/artifacts/modules_dir/lib/modules/6.18.0-00006-g53d68d37d754/modules.builtin.modinfo
  INSTALL /local/mnt/workspace/AURA_V1/evidence/compile_closure_wcd937x_continuation_20260520_033221/artifacts/modules_dir/lib/modules/6.18.0-00006-g53d68d37d754/kernel/arch/arm64/crypto/sha3-ce.ko
  INSTALL /local/mnt/workspace/AURA_V1/evidence/compile_closure_wcd937x_continuation_20260520_033221/artifacts/modules_dir/lib/modules/6.18.0-00006-g53d68d37d754/kernel/arch/arm64/crypto/sm3-ce.ko
  INSTALL /local/mnt/workspace/AURA_V1/evidence/compile_closure_wcd937x_continuation_20260520_033221/artifacts/modules_dir/lib/modules/6.18.0-00006-g53d68d37d754/kernel/arch/arm64/crypto/aes-neon-blk.ko
  INSTALL /local/mnt/workspace/AURA_V1/evidence/compile_closure_wcd937x_continuation_20260520_033221/artifacts/modules_dir/lib/modules/6.18.0-00006-g53d68d37d754/kernel/arch/arm64/crypto/aes-neon-bs.ko
  INSTALL /local/mnt/workspace/AURA_V1/evidence/compile_closure_wcd937x_continuation_20260520_033221/artifacts/modules_dir/lib/modules/6.18.0-00006-g53d68d37d754/kernel/fs/nfs/blocklayout/blocklayoutdriver.ko
  INSTALL /local/mnt/workspace/AURA_V1/evidence/compile_closure_wcd937x_continuation_20260520_033221/artifacts/modules_dir/lib/modules/6.18.0-00006-g53d68d37d754/kernel/fs/pstore/ramoops.ko
  STRIP   /local/mnt/workspace/AURA_V1/evidence/compile_closure_wcd937x_continuation_20260520_033221/artifacts/modules_dir/lib/modules/6.18.0-00006-g53d68d37d754/kernel/arch/arm64/crypto/sha3-ce.ko
  STRIP   /local/mnt/workspace/AURA_V1/evidence/compile_closure_wcd937x_continuation_20260520_033221/artifacts/modules_dir/lib/modules/6.18.0-00006-g53d68d37d754/kernel/arch/arm64/crypto/sm3-ce.ko
  STRIP   /local/mnt/workspace/AURA_V1/evidence/compile_closure_wcd937x_continuation_20260520_033221/artifacts/modules_dir/lib/modules/6.18.0-00006-g53d68d37d754/kernel/arch/arm64/crypto/aes-neon-blk.ko
  INSTALL /local/mnt/workspace/AURA_V1/evidence/compile_closure_wcd937x_continuation_20260520_033221/artifacts/modules_dir/lib/modules/6.18.0-00006-g53d68d37d754/kernel/fs/ubifs/ubifs.ko
  STRIP   /local/mnt/workspace/AURA_V1/evidence/compile_closure_wcd937x_continuation_20260520_033221/artifacts/modules_dir/lib/modules/6.18.0-00006-g53d68d37d754/kernel/arch/arm64/crypto/aes-neon-bs.ko
  STRIP   /local/mnt/workspace/AURA_V1/evidence/compile_closure_wcd937x_continuation_20260520_033221/artifacts/modules_dir/lib/modules/6.18.0-00006-g53d68d37d754/kernel/fs/nfs/blocklayout/blocklayoutdriver.ko
  STRIP   /local/mnt/workspace/AURA_V1/evidence/compile_closure_wcd937x_continuation_20260520_033221/artifacts/modules_dir/lib/modules/6.18.0-00006-g53d68d37d754/kernel/fs/pstore/ramoops.ko
  INSTALL /local/mnt/workspace/AURA_V1/evidence/compile_closure_wcd937x_continuation_20260520_033221/artifacts/modules_dir/lib/modules/6.18.0-00006-g53d68d37d754/kernel/fs/fuse/fuse.ko
  INSTALL /local/mnt/workspace/AURA_V1/evidence/compile_closure_wcd937x_continuation_20260520_033221/artifacts/modules_dir/lib/modules/6.18.0-00006-g53d68d37d754/kernel/fs/fuse/cuse.ko
  INSTALL /local/mnt/workspace/AURA_V1/evidence/compile_closure_wcd937x_continuation_20260520_033221/artifacts/modules_dir/lib/modules/6.18.0-00006-g53d68d37d754/kernel/fs/overlayfs/overlay.ko
  STRIP   /local/mnt/workspace/AURA_V1/evidence/compile_closure_wcd937x_continuation_20260520_033221/artifacts/modules_dir/lib/modules/6.18.0-00006-g53d68d37d754/kernel/fs/ubifs/ubifs.ko
  INSTALL /local/mnt/workspace/AURA_V1/evidence/compile_closure_wcd937x_continuation_20260520_033221/artifacts/modules_dir/lib/modules/6.18.0-00006-g53d68d37d754/kernel/fs/btrfs/btrfs.ko
  STRIP   /local/mnt/workspace/AURA_V1/evidence/compile_closure_wcd937x_continuation_20260520_033221/artifacts/modules_dir/lib/modules/6.18.0-00006-g53d68d37d754/kernel/fs/fuse/fuse.ko
  STRIP   /local/mnt/workspace/AURA_V1/evidence/compile_closure_wcd937x_continuation_20260520_033221/artifacts/modules_dir/lib/modules/6.18.0-00006-g53d68d37d754/kernel/fs/fuse/cuse.ko
  INSTALL /local/mnt/workspace/AURA_V1/evidence/compile_closure_wcd937x_continuation_20260520_033221/artifacts/modules_dir/lib/modules/6.18.0-00006-g53d68d37d754/kernel/crypto/crypto_engine.ko
  INSTALL /local/mnt/workspace/AURA_V1/evidence/compile_closure_wcd937x_continuation_20260520_033221/artifacts/modules_dir/lib/modules/6.18.0-00006-g53d68d37d754/kernel/crypto/dh_generic.ko
  INSTALL /local/mnt/workspace/AURA_V1/evidence/compile_closure_wcd937x_continuation_20260520_033221/artifacts/modules_dir/lib/modules/6.18.0-00006-g53d68d37d754/kernel/crypto/cmac.ko
  STRIP   /local/mnt/workspace/AURA_V1/evidence/compile_closure_wcd937x_continuation_20260520_033221/artifacts/modules_dir/lib/modules/6.18.0-00006-g53d68d37d754/kernel/fs/overlayfs/overlay.ko
  STRIP   /local/mnt/workspace/AURA_V1/evidence/compile_closure_wcd937x_continuation_20260520_033221/artifacts/modules_dir/lib/modules/6.18.0-00006-g53d68d37d754/kernel/crypto/crypto_engine.ko
  STRIP   /local/mnt/workspace/AURA_V1/evidence/compile_closure_wcd937x_continuation_20260520_033221/artifacts/modules_dir/lib/modules/6.18.0-00006-g53d68d37d754/kernel/crypto/dh_generic.ko
  STRIP   /local/mnt/workspace/AURA_V1/evidence/compile_closure_wcd937x_continuation_20260520_033221/artifacts/modules_dir/lib/modules/6.18.0-00006-g53d68d37d754/kernel/crypto/cmac.ko
  INSTALL /local/mnt/workspace/AURA_V1/evidence/compile_closure_wcd937x_continuation_20260520_033221/artifacts/modules_dir/lib/modules/6.18.0-00006-g53d68d37d754/kernel/crypto/md5.ko
  INSTALL /local/mnt/workspace/AURA_V1/evidence/compile_closure_wcd937x_continuation_20260520_033221/artifacts/modules_dir/lib/modules/6.18.0-00006-g53d68d37d754/kernel/crypto/sha1.ko
  INSTALL /local/mnt/workspace/AURA_V1/evidence/compile_closure_wcd937x_continuation_20260520_033221/artifacts/modules_dir/lib/modules/6.18.0-00006-g53d68d37d754/kernel/crypto/sha256.ko
  STRIP   /local/mnt/workspace/AURA_V1/evidence/compile_closure_wcd937x_continuation_20260520_033221/artifacts/modules_dir/lib/modules/6.18.0-00006-g53d68d37d754/kernel/crypto/md5.ko
  STRIP   /local/mnt/workspace/AURA_V1/evidence/compile_closure_wcd937x_continuation_20260520_033221/artifacts/modules_dir/lib/modules/6.18.0-00006-g53d68d37d754/kernel/crypto/sha1.ko
  INSTALL /local/mnt/workspace/AURA_V1/evidence/compile_closure_wcd937x_continuation_20260520_033221/artifacts/modules_dir/lib/modules/6.18.0-00006-g53d68d37d754/kernel/crypto/sm3_generic.ko
  STRIP   /local/mnt/workspace/AURA_V1/evidence/compile_closure_wcd937x_continuation_20260520_033221/artifacts/modules_dir/lib/modules/6.18.0-00006-g53d68d37d754/kernel/crypto/sha256.ko
  INSTALL /local/mnt/workspace/AURA_V1/evidence/compile_closure_wcd937x_continuation_20260520_033221/artifacts/modules_dir/lib/modules/6.18.0-00006-g53d68d37d754/kernel/crypto/blake2b_generic.ko
  INSTALL /local/mnt/workspace/AURA_V1/evidence/compile_closure_wcd937x_continuation_20260520_033221/artifacts/modules_dir/lib/modules/6.18.0-00006-g53d68d37d754/kernel/crypto/cbc.ko
  INSTALL /local/mnt/workspace/AURA_V1/evidence/compile_closure_wcd937x_continuation_20260520_033221/artifacts/modules_dir/lib/modules/6.18.0-00006-g53d68d37d754/kernel/crypto/xts.ko
  STRIP   /local/mnt/workspace/AURA_V1/evidence/compile_closure_wcd937x_continuation_20260520_033221/artifacts/modules_dir/lib/modules/6.18.0-00006-g53d68d37d754/kernel/crypto/sm3_generic.ko
  INSTALL /local/mnt/workspace/AURA_V1/evidence/compile_closure_wcd937x_continuation_20260520_033221/artifacts/modules_dir/lib/modules/6.18.0-00006-g53d68d37d754/kernel/crypto/ctr.ko
  STRIP   /local/mnt/workspace/AURA_V1/evidence/compile_closure_wcd937x_continuation_20260520_033221/artifacts/modules_dir/lib/modules/6.18.0-00006-g53d68d37d754/kernel/crypto/blake2b_generic.ko
  STRIP   /local/mnt/workspace/AURA_V1/evidence/compile_closure_wcd937x_continuation_20260520_033221/artifacts/modules_dir/lib/modules/6.18.0-00006-g53d68d37d754/kernel/crypto/cbc.ko
  STRIP   /local/mnt/workspace/AURA_V1/evidence/compile_closure_wcd937x_continuation_20260520_033221/artifacts/modules_dir/lib/modules/6.18.0-00006-g53d68d37d754/kernel/crypto/xts.ko
  INSTALL /local/mnt/workspace/AURA_V1/evidence/compile_closure_wcd937x_continuation_20260520_033221/artifacts/modules_dir/lib/modules/6.18.0-00006-g53d68d37d754/kernel/crypto/gcm.ko
  INSTALL /local/mnt/workspace/AURA_V1/evidence/compile_closure_wcd937x_continuation_20260520_033221/artifacts/modules_dir/lib/modules/6.18.0-00006-g53d68d37d754/kernel/crypto/ccm.ko
  STRIP   /local/mnt/workspace/AURA_V1/evidence/compile_closure_wcd937x_continuation_20260520_033221/artifacts/modules_dir/lib/modules/6.18.0-00006-g53d68d37d754/kernel/fs/btrfs/btrfs.ko
  STRIP   /local/mnt/workspace/AURA_V1/evidence/compile_closure_wcd937x_continuation_20260520_033221/artifacts/modules_dir/lib/modules/6.18.0-00006-g53d68d37d754/kernel/crypto/ctr.ko
  INSTALL /local/mnt/workspace/AURA_V1/evidence/compile_closure_wcd937x_continuation_20260520_033221/artifacts/modules_dir/lib/modules/6.18.0-00006-g53d68d37d754/kernel/crypto/des_generic.ko
  STRIP   /local/mnt/workspace/AURA_V1/evidence/compile_closure_wcd937x_continuation_20260520_033221/artifacts/modules_dir/lib/modules/6.18.0-00006-g53d68d37d754/kernel/crypto/gcm.ko
  STRIP   /local/mnt/workspace/AURA_V1/evidence/compile_closure_wcd937x_continuation_20260520_033221/artifacts/modules_dir/lib/modules/6.18.0-00006-g53d68d37d754/kernel/crypto/ccm.ko
  INSTALL /local/mnt/workspace/AURA_V1/evidence/compile_closure_wcd937x_continuation_20260520_033221/artifacts/modules_dir/lib/modules/6.18.0-00006-g53d68d37d754/kernel/crypto/sm4.ko
  STRIP   /local/mnt/workspace/AURA_V1/evidence/compile_closure_wcd937x_continuation_20260520_033221/artifacts/modules_dir/lib/modules/6.18.0-00006-g53d68d37d754/kernel/crypto/des_generic.ko
  INSTALL /local/mnt/workspace/AURA_V1/evidence/compile_closure_wcd937x_continuation_20260520_033221/artifacts/modules_dir/lib/modules/6.18.0-00006-g53d68d37d754/kernel/crypto/sm4_generic.ko
  INSTALL /local/mnt/workspace/AURA_V1/evidence/compile_closure_wcd937x_continuation_20260520_033221/artifacts/modules_dir/lib/modules/6.18.0-00006-g53d68d37d754/kernel/crypto/chacha.ko
  INSTALL /local/mnt/workspace/AURA_V1/evidence/compile_closure_wcd937x_continuation_20260520_033221/artifacts/modules_dir/lib/modules/6.18.0-00006-g53d68d37d754/kernel/crypto/deflate.ko
  STRIP   /local/mnt/workspace/AURA_V1/evidence/compile_closure_wcd937x_continuation_20260520_033221/artifacts/modules_dir/lib/modules/6.18.0-00006-g53d68d37d754/kernel/crypto/sm4.ko
  INSTALL /local/mnt/workspace/AURA_V1/evidence/compile_closure_wcd937x_continuation_20260520_033221/artifacts/modules_dir/lib/modules/6.18.0-00006-g53d68d37d754/kernel/crypto/michael_mic.ko
  STRIP   /local/mnt/workspace/AURA_V1/evidence/compile_closure_wcd937x_continuation_20260520_033221/artifacts/modules_dir/lib/modules/6.18.0-00006-g53d68d37d754/kernel/crypto/sm4_generic.ko
  STRIP   /local/mnt/workspace/AURA_V1/evidence/compile_closure_wcd937x_continuation_20260520_033221/artifacts/modules_dir/lib/modules/6.18.0-00006-g53d68d37d754/kernel/crypto/chacha.ko
  STRIP   /local/mnt/workspace/AURA_V1/evidence/compile_closure_wcd937x_continuation_20260520_033221/artifacts/modules_dir/lib/modules/6.18.0-00006-g53d68d37d754/kernel/crypto/deflate.ko
  INSTALL /local/mnt/workspace/AURA_V1/evidence/compile_closure_wcd937x_continuation_20260520_033221/artifacts/modules_dir/lib/modules/6.18.0-00006-g53d68d37d754/kernel/crypto/crc32c-cryptoapi.ko
  INSTALL /local/mnt/workspace/AURA_V1/evidence/compile_closure_wcd937x_continuation_20260520_033221/artifacts/modules_dir/lib/modules/6.18.0-00006-g53d68d37d754/kernel/crypto/authenc.ko
  STRIP   /local/mnt/workspace/AURA_V1/evidence/compile_closure_wcd937x_continuation_20260520_033221/artifacts/modules_dir/lib/modules/6.18.0-00006-g53d68d37d754/kernel/crypto/michael_mic.ko
  INSTALL /local/mnt/workspace/AURA_V1/evidence/compile_closure_wcd937x_continuation_20260520_033221/artifacts/modules_dir/lib/modules/6.18.0-00006-g53d68d37d754/kernel/crypto/authencesn.ko
  STRIP   /local/mnt/workspace/AURA_V1/evidence/compile_closure_wcd937x_continuation_20260520_033221/artifacts/modules_dir/lib/modules/6.18.0-00006-g53d68d37d754/kernel/crypto/crc32c-cryptoapi.ko
  STRIP   /local/mnt/workspace/AURA_V1/evidence/compile_closure_wcd937x_continuation_20260520_033221/artifacts/modules_dir/lib/modules/6.18.0-00006-g53d68d37d754/kernel/crypto/authenc.ko
  INSTALL /local/mnt/workspace/AURA_V1/evidence/compile_closure_wcd937x_continuation_20260520_033221/artifacts/modules_dir/lib/modules/6.18.0-00006-g53d68d37d754/kernel/crypto/xxhash_generic.ko
  STRIP   /local/mnt/workspace/AURA_V1/evidence/compile_closure_wcd937x_continuation_20260520_033221/artifacts/modules_dir/lib/modules/6.18.0-00006-g53d68d37d754/kernel/crypto/authencesn.ko
  INSTALL /local/mnt/workspace/AURA_V1/evidence/compile_closure_wcd937x_continuation_20260520_033221/artifacts/modules_dir/lib/modules/6.18.0-00006-g53d68d37d754/kernel/crypto/tcrypt.ko
  INSTALL /local/mnt/workspace/AURA_V1/evidence/compile_closure_wcd937x_continuation_20260520_033221/artifacts/modules_dir/lib/modules/6.18.0-00006-g53d68d37d754/kernel/crypto/ghash-generic.ko
  INSTALL /local/mnt/workspace/AURA_V1/evidence/compile_closure_wcd937x_continuation_20260520_033221/artifacts/modules_dir/lib/modules/6.18.0-00006-g53d68d37d754/kernel/crypto/af_alg.ko
  STRIP   /local/mnt/workspace/AURA_V1/evidence/compile_closure_wcd937x_continuation_20260520_033221/artifacts/modules_dir/lib/modules/6.18.0-00006-g53d68d37d754/kernel/crypto/xxhash_generic.ko
  INSTALL /local/mnt/workspace/AURA_V1/evidence/compile_closure_wcd937x_continuation_20260520_033221/artifacts/modules_dir/lib/modules/6.18.0-00006-g53d68d37d754/kernel/crypto/algif_rng.ko
  STRIP   /local/mnt/workspace/AURA_V1/evidence/compile_closure_wcd937x_continuation_20260520_033221/artifacts/modules_dir/lib/modules/6.18.0-00006-g53d68d37d754/kernel/crypto/tcrypt.ko
  STRIP   /local/mnt/workspace/AURA_V1/evidence/compile_closure_wcd937x_continuation_20260520_033221/artifacts/modules_dir/lib/modules/6.18.0-00006-g53d68d37d754/kernel/crypto/ghash-generic.ko
  STRIP   /local/mnt/workspace/AURA_V1/evidence/compile_closure_wcd937x_continuation_20260520_033221/artifacts/modules_dir/lib/modules/6.18.0-00006-g53d68d37d754/kernel/crypto/af_alg.ko
  INSTALL /local/mnt/workspace/AURA_V1/evidence/compile_closure_wcd937x_continuation_20260520_033221/artifacts/modules_dir/lib/modules/6.18.0-00006-g53d68d37d754/kernel/crypto/zstd.ko
  INSTALL /local/mnt/workspace/AURA_V1/evidence/compile_closure_wcd937x_continuation_20260520_033221/artifacts/modules_dir/lib/modules/6.18.0-00006-g53d68d37d754/kernel/crypto/ecc.ko
  STRIP   /local/mnt/workspace/AURA_V1/evidence/compile_closure_wcd937x_continuation_20260520_033221/artifacts/modules_dir/lib/modules/6.18.0-00006-g53d68d37d754/kernel/crypto/algif_rng.ko
  INSTALL /local/mnt/workspace/AURA_V1/evidence/compile_closure_wcd937x_continuation_20260520_033221/artifacts/modules_dir/lib/modules/6.18.0-00006-g53d68d37d754/kernel/crypto/ecdh_generic.ko
  STRIP   /local/mnt/workspace/AURA_V1/evidence/compile_closure_wcd937x_continuation_20260520_033221/artifacts/modules_dir/lib/modules/6.18.0-00006-g53d68d37d754/kernel/crypto/zstd.ko
  STRIP   /local/mnt/workspace/AURA_V1/evidence/compile_closure_wcd937x_continuation_20260520_033221/artifacts/modules_dir/lib/modules/6.18.0-00006-g53d68d37d754/kernel/crypto/ecc.ko
  INSTALL /local/mnt/workspace/AURA_V1/evidence/compile_closure_wcd937x_continuation_20260520_033221/artifacts/modules_dir/lib/modules/6.18.0-00006-g53d68d37d754/kernel/crypto/xor.ko
  INSTALL /local/mnt/workspace/AURA_V1/evidence/compile_closure_wcd937x_continuation_20260520_033221/artifacts/modules_dir/lib/modules/6.18.0-00006-g53d68d37d754/kernel/arch/arm64/lib/xor-neon.ko
  INSTALL /local/mnt/workspace/AURA_V1/evidence/compile_closure_wcd937x_continuation_20260520_033221/artifacts/modules_dir/lib/modules/6.18.0-00006-g53d68d37d754/kernel/lib/crc/crc-ccitt.ko
  STRIP   /local/mnt/workspace/AURA_V1/evidence/compile_closure_wcd937x_continuation_20260520_033221/artifacts/modules_dir/lib/modules/6.18.0-00006-g53d68d37d754/kernel/crypto/ecdh_generic.ko
  INSTALL /local/mnt/workspace/AURA_V1/evidence/compile_closure_wcd937x_continuation_20260520_033221/artifacts/modules_dir/lib/modules/6.18.0-00006-g53d68d37d754/kernel/lib/crypto/libarc4.ko
  STRIP   /local/mnt/workspace/AURA_V1/evidence/compile_closure_wcd937x_continuation_20260520_033221/artifacts/modules_dir/lib/modules/6.18.0-00006-g53d68d37d754/kernel/crypto/xor.ko
  INSTALL /local/mnt/workspace/AURA_V1/evidence/compile_closure_wcd937x_continuation_20260520_033221/artifacts/modules_dir/lib/modules/6.18.0-00006-g53d68d37d754/kernel/lib/crypto/libchacha.ko
  STRIP   /local/mnt/workspace/AURA_V1/evidence/compile_closure_wcd937x_continuation_20260520_033221/artifacts/modules_dir/lib/modules/6.18.0-00006-g53d68d37d754/kernel/arch/arm64/lib/xor-neon.ko
  STRIP   /local/mnt/workspace/AURA_V1/evidence/compile_closure_wcd937x_continuation_20260520_033221/artifacts/modules_dir/lib/modules/6.18.0-00006-g53d68d37d754/kernel/lib/crc/crc-ccitt.ko
  INSTALL /local/mnt/workspace/AURA_V1/evidence/compile_closure_wcd937x_continuation_20260520_033221/artifacts/modules_dir/lib/modules/6.18.0-00006-g53d68d37d754/kernel/lib/crypto/libdes.ko
  STRIP   /local/mnt/workspace/AURA_V1/evidence/compile_closure_wcd937x_continuation_20260520_033221/artifacts/modules_dir/lib/modules/6.18.0-00006-g53d68d37d754/kernel/lib/crypto/libarc4.ko
  INSTALL /local/mnt/workspace/AURA_V1/evidence/compile_closure_wcd937x_continuation_20260520_033221/artifacts/modules_dir/lib/modules/6.18.0-00006-g53d68d37d754/kernel/lib/crypto/libmd5.ko
  INSTALL /local/mnt/workspace/AURA_V1/evidence/compile_closure_wcd937x_continuation_20260520_033221/artifacts/modules_dir/lib/modules/6.18.0-00006-g53d68d37d754/kernel/lib/crypto/libsm3.ko
  STRIP   /local/mnt/workspace/AURA_V1/evidence/compile_closure_wcd937x_continuation_20260520_033221/artifacts/modules_dir/lib/modules/6.18.0-00006-g53d68d37d754/kernel/lib/crypto/libchacha.ko
  STRIP   /local/mnt/workspace/AURA_V1/evidence/compile_closure_wcd937x_continuation_20260520_033221/artifacts/modules_dir/lib/modules/6.18.0-00006-g53d68d37d754/kernel/lib/crypto/libdes.ko
  STRIP   /local/mnt/workspace/AURA_V1/evidence/compile_closure_wcd937x_continuation_20260520_033221/artifacts/modules_dir/lib/modules/6.18.0-00006-g53d68d37d754/kernel/lib/crypto/libmd5.ko
  INSTALL /local/mnt/workspace/AURA_V1/evidence/compile_closure_wcd937x_continuation_20260520_033221/artifacts/modules_dir/lib/modules/6.18.0-00006-g53d68d37d754/kernel/lib/zstd/zstd_compress.ko
  STRIP   /local/mnt/workspace/AURA_V1/evidence/compile_closure_wcd937x_continuation_20260520_033221/artifacts/modules_dir/lib/modules/6.18.0-00006-g53d68d37d754/kernel/lib/crypto/libsm3.ko
  INSTALL /local/mnt/workspace/AURA_V1/evidence/compile_closure_wcd937x_continuation_20260520_033221/artifacts/modules_dir/lib/modules/6.18.0-00006-g53d68d37d754/kernel/lib/reed_solomon/reed_solomon.ko
  INSTALL /local/mnt/workspace/AURA_V1/evidence/compile_closure_wcd937x_continuation_20260520_033221/artifacts/modules_dir/lib/modules/6.18.0-00006-g53d68d37d754/kernel/lib/raid6/raid6_pq.ko
  INSTALL /local/mnt/workspace/AURA_V1/evidence/compile_closure_wcd937x_continuation_20260520_033221/artifacts/modules_dir/lib/modules/6.18.0-00006-g53d68d37d754/kernel/drivers/irqchip/irq-bcm2712-mip.ko
  INSTALL /local/mnt/workspace/AURA_V1/evidence/compile_closure_wcd937x_continuation_20260520_033221/artifacts/modules_dir/lib/modules/6.18.0-00006-g53d68d37d754/kernel/drivers/irqchip/irq-imx-mu-msi.ko
  STRIP   /local/mnt/workspace/AURA_V1/evidence/compile_closure_wcd937x_continuation_20260520_033221/artifacts/modules_dir/lib/modules/6.18.0-00006-g53d68d37d754/kernel/lib/reed_solomon/reed_solomon.ko
  INSTALL /local/mnt/workspace/AURA_V1/evidence/compile_closure_wcd937x_continuation_20260520_033221/artifacts/modules_dir/lib/modules/6.18.0-00006-g53d68d37d754/kernel/drivers/irqchip/irq-pruss-intc.ko
  STRIP   /local/mnt/workspace/AURA_V1/evidence/compile_closure_wcd937x_continuation_20260520_033221/artifacts/modules_dir/lib/modules/6.18.0-00006-g53d68d37d754/kernel/lib/raid6/raid6_pq.ko
  INSTALL /local/mnt/workspace/AURA_V1/evidence/compile_closure_wcd937x_continuation_20260520_033221/artifacts/modules_dir/lib/modules/6.18.0-00006-g53d68d37d754/kernel/drivers/bus/mhi/host/mhi.ko
  STRIP   /local/mnt/workspace/AURA_V1/evidence/compile_closure_wcd937x_continuation_20260520_033221/artifacts/modules_dir/lib/modules/6.18.0-00006-g53d68d37d754/kernel/drivers/irqchip/irq-bcm2712-mip.ko
  STRIP   /local/mnt/workspace/AURA_V1/evidence/compile_closure_wcd937x_continuation_20260520_033221/artifacts/modules_dir/lib/modules/6.18.0-00006-g53d68d37d754/kernel/lib/zstd/zstd_compress.ko
  INSTALL /local/mnt/workspace/AURA_V1/evidence/compile_closure_wcd937x_continuation_20260520_033221/artifacts/modules_dir/lib/modules/6.18.0-00006-g53d68d37d754/kernel/drivers/bus/mhi/host/mhi_pci_generic.ko
  STRIP   /local/mnt/workspace/AURA_V1/evidence/compile_closure_wcd937x_continuation_20260520_033221/artifacts/modules_dir/lib/modules/6.18.0-00006-g53d68d37d754/kernel/drivers/irqchip/irq-imx-mu-msi.ko
  STRIP   /local/mnt/workspace/AURA_V1/evidence/compile_closure_wcd937x_continuation_20260520_033221/artifacts/modules_dir/lib/modules/6.18.0-00006-g53d68d37d754/kernel/drivers/irqchip/irq-pruss-intc.ko
  STRIP   /local/mnt/workspace/AURA_V1/evidence/compile_closure_wcd937x_continuation_20260520_033221/artifacts/modules_dir/lib/modules/6.18.0-00006-g53d68d37d754/kernel/drivers/bus/mhi/host/mhi.ko
  INSTALL /local/mnt/workspace/AURA_V1/evidence/compile_closure_wcd937x_continuation_20260520_033221/artifacts/modules_dir/lib/modules/6.18.0-00006-g53d68d37d754/kernel/drivers/bus/tegra-aconnect.ko
  STRIP   /local/mnt/workspace/AURA_V1/evidence/compile_closure_wcd937x_continuation_20260520_033221/artifacts/modules_dir/lib/modules/6.18.0-00006-g53d68d37d754/kernel/drivers/bus/mhi/host/mhi_pci_generic.ko
  INSTALL /local/mnt/workspace/AURA_V1/evidence/compile_closure_wcd937x_continuation_20260520_033221/artifacts/modules_dir/lib/modules/6.18.0-00006-g53d68d37d754/kernel/drivers/phy/allwinner/phy-sun6i-mipi-dphy.ko
  INSTALL /local/mnt/workspace/AURA_V1/evidence/compile_closure_wcd937x_continuation_20260520_033221/artifacts/modules_dir/lib/modules/6.18.0-00006-g53d68d37d754/kernel/drivers/phy/cadence/phy-cadence-torrent.ko
  INSTALL /local/mnt/workspace/AURA_V1/evidence/compile_closure_wcd937x_continuation_20260520_033221/artifacts/modules_dir/lib/modules/6.18.0-00006-g53d68d37d754/kernel/drivers/phy/cadence/cdns-dphy.ko
  STRIP   /local/mnt/workspace/AURA_V1/evidence/compile_closure_wcd937x_continuation_20260520_033221/artifacts/modules_dir/lib/modules/6.18.0-00006-g53d68d37d754/kernel/drivers/bus/tegra-aconnect.ko
  STRIP   /local/mnt/workspace/AURA_V1/evidence/compile_closure_wcd937x_continuation_20260520_033221/artifacts/modules_dir/lib/modules/6.18.0-00006-g53d68d37d754/kernel/drivers/phy/allwinner/phy-sun6i-mipi-dphy.ko
  STRIP   /local/mnt/workspace/AURA_V1/evidence/compile_closure_wcd937x_continuation_20260520_033221/artifacts/modules_dir/lib/modules/6.18.0-00006-g53d68d37d754/kernel/drivers/phy/cadence/phy-cadence-torrent.ko
  INSTALL /local/mnt/workspace/AURA_V1/evidence/compile_closure_wcd937x_continuation_20260520_033221/artifacts/modules_dir/lib/modules/6.18.0-00006-g53d68d37d754/kernel/drivers/phy/cadence/cdns-dphy-rx.ko
  STRIP   /local/mnt/workspace/AURA_V1/evidence/compile_closure_wcd937x_continuation_20260520_033221/artifacts/modules_dir/lib/modules/6.18.0-00006-g53d68d37d754/kernel/drivers/phy/cadence/cdns-dphy.ko
  INSTALL /local/mnt/workspace/AURA_V1/evidence/compile_closure_wcd937x_continuation_20260520_033221/artifacts/modules_dir/lib/modules/6.18.0-00006-g53d68d37d754/kernel/drivers/phy/cadence/phy-cadence-sierra.ko
  INSTALL /local/mnt/workspace/AURA_V1/evidence/compile_closure_wcd937x_continuation_20260520_033221/artifacts/modules_dir/lib/modules/6.18.0-00006-g53d68d37d754/kernel/drivers/phy/cadence/phy-cadence-salvo.ko
  INSTALL /local/mnt/workspace/AURA_V1/evidence/compile_closure_wcd937x_continuation_20260520_033221/artifacts/modules_dir/lib/modules/6.18.0-00006-g53d68d37d754/kernel/drivers/phy/freescale/phy-fsl-imx8mq-usb.ko
  STRIP   /local/mnt/workspace/AURA_V1/evidence/compile_closure_wcd937x_continuation_20260520_033221/artifacts/modules_dir/lib/modules/6.18.0-00006-g53d68d37d754/kernel/drivers/phy/cadence/cdns-dphy-rx.ko
  INSTALL /local/mnt/workspace/AURA_V1/evidence/compile_closure_wcd937x_continuation_20260520_033221/artifacts/modules_dir/lib/modules/6.18.0-00006-g53d68d37d754/kernel/drivers/phy/freescale/phy-fsl-imx8-mipi-dphy.ko
  STRIP   /local/mnt/workspace/AURA_V1/evidence/compile_closure_wcd937x_continuation_20260520_033221/artifacts/modules_dir/lib/modules/6.18.0-00006-g53d68d37d754/kernel/drivers/phy/cadence/phy-cadence-sierra.ko
  STRIP   /local/mnt/workspace/AURA_V1/evidence/compile_closure_wcd937x_continuation_20260520_033221/artifacts/modules_dir/lib/modules/6.18.0-00006-g53d68d37d754/kernel/drivers/phy/cadence/phy-cadence-salvo.ko
  STRIP   /local/mnt/workspace/AURA_V1/evidence/compile_closure_wcd937x_continuation_20260520_033221/artifacts/modules_dir/lib/modules/6.18.0-00006-g53d68d37d754/kernel/drivers/phy/freescale/phy-fsl-imx8mq-usb.ko
  INSTALL /local/mnt/workspace/AURA_V1/evidence/compile_closure_wcd937x_continuation_20260520_033221/artifacts/modules_dir/lib/modules/6.18.0-00006-g53d68d37d754/kernel/drivers/phy/freescale/phy-fsl-samsung-hdmi.ko
  STRIP   /local/mnt/workspace/AURA_V1/evidence/compile_closure_wcd937x_continuation_20260520_033221/artifacts/modules_dir/lib/modules/6.18.0-00006-g53d68d37d754/kernel/drivers/phy/freescale/phy-fsl-imx8-mipi-dphy.ko
  INSTALL /local/mnt/workspace/AURA_V1/evidence/compile_closure_wcd937x_continuation_20260520_033221/artifacts/modules_dir/lib/modules/6.18.0-00006-g53d68d37d754/kernel/drivers/phy/mediatek/phy-mtk-dp.ko
  INSTALL /local/mnt/workspace/AURA_V1/evidence/compile_closure_wcd937x_continuation_20260520_033221/artifacts/modules_dir/lib/modules/6.18.0-00006-g53d68d37d754/kernel/drivers/phy/mediatek/phy-mtk-pcie.ko
  INSTALL /local/mnt/workspace/AURA_V1/evidence/compile_closure_wcd937x_continuation_20260520_033221/artifacts/modules_dir/lib/modules/6.18.0-00006-g53d68d37d754/kernel/drivers/phy/mediatek/phy-mtk-hdmi-drv.ko
  STRIP   /local/mnt/workspace/AURA_V1/evidence/compile_closure_wcd937x_continuation_20260520_033221/artifacts/modules_dir/lib/modules/6.18.0-00006-g53d68d37d754/kernel/drivers/phy/freescale/phy-fsl-samsung-hdmi.ko
  STRIP   /local/mnt/workspace/AURA_V1/evidence/compile_closure_wcd937x_continuation_20260520_033221/artifacts/modules_dir/lib/modules/6.18.0-00006-g53d68d37d754/kernel/drivers/phy/mediatek/phy-mtk-dp.ko
  STRIP   /local/mnt/workspace/AURA_V1/evidence/compile_closure_wcd937x_continuation_20260520_033221/artifacts/modules_dir/lib/modules/6.18.0-00006-g53d68d37d754/kernel/drivers/phy/mediatek/phy-mtk-pcie.ko
  INSTALL /local/mnt/workspace/AURA_V1/evidence/compile_closure_wcd937x_continuation_20260520_033221/artifacts/modules_dir/lib/modules/6.18.0-00006-g53d68d37d754/kernel/drivers/phy/mediatek/phy-mtk-mipi-dsi-drv.ko
  STRIP   /local/mnt/workspace/AURA_V1/evidence/compile_closure_wcd937x_continuation_20260520_033221/artifacts/modules_dir/lib/modules/6.18.0-00006-g53d68d37d754/kernel/drivers/phy/mediatek/phy-mtk-hdmi-drv.ko
  INSTALL /local/mnt/workspace/AURA_V1/evidence/compile_closure_wcd937x_continuation_20260520_033221/artifacts/modules_dir/lib/modules/6.18.0-00006-g53d68d37d754/kernel/drivers/phy/qualcomm/phy-qcom-edp.ko
  STRIP   /local/mnt/workspace/AURA_V1/evidence/compile_closure_wcd937x_continuation_20260520_033221/artifacts/modules_dir/lib/modules/6.18.0-00006-g53d68d37d754/kernel/drivers/phy/mediatek/phy-mtk-mipi-dsi-drv.ko
  INSTALL /local/mnt/workspace/AURA_V1/evidence/compile_closure_wcd937x_continuation_20260520_033221/artifacts/modules_dir/lib/modules/6.18.0-00006-g53d68d37d754/kernel/drivers/phy/qualcomm/phy-qcom-m31.ko
  INSTALL /local/mnt/workspace/AURA_V1/evidence/compile_closure_wcd937x_continuation_20260520_033221/artifacts/modules_dir/lib/modules/6.18.0-00006-g53d68d37d754/kernel/drivers/phy/qualcomm/phy-qcom-pcie2.ko
  STRIP   /local/mnt/workspace/AURA_V1/evidence/compile_closure_wcd937x_continuation_20260520_033221/artifacts/modules_dir/lib/modules/6.18.0-00006-g53d68d37d754/kernel/drivers/phy/qualcomm/phy-qcom-edp.ko
  INSTALL /local/mnt/workspace/AURA_V1/evidence/compile_closure_wcd937x_continuation_20260520_033221/artifacts/modules_dir/lib/modules/6.18.0-00006-g53d68d37d754/kernel/drivers/phy/qualcomm/phy-qcom-qmp-combo.ko
  INSTALL /local/mnt/workspace/AURA_V1/evidence/compile_closure_wcd937x_continuation_20260520_033221/artifacts/modules_dir/lib/modules/6.18.0-00006-g53d68d37d754/kernel/drivers/phy/qualcomm/phy-qcom-qmp-usbc.ko
  INSTALL /local/mnt/workspace/AURA_V1/evidence/compile_closure_wcd937x_continuation_20260520_033221/artifacts/modules_dir/lib/modules/6.18.0-00006-g53d68d37d754/kernel/drivers/phy/qualcomm/phy-qcom-qmp-pcie.ko
  STRIP   /local/mnt/workspace/AURA_V1/evidence/compile_closure_wcd937x_continuation_20260520_033221/artifacts/modules_dir/lib/modules/6.18.0-00006-g53d68d37d754/kernel/drivers/phy/qualcomm/phy-qcom-pcie2.ko
  STRIP   /local/mnt/workspace/AURA_V1/evidence/compile_closure_wcd937x_continuation_20260520_033221/artifacts/modules_dir/lib/modules/6.18.0-00006-g53d68d37d754/kernel/drivers/phy/qualcomm/phy-qcom-m31.ko
  INSTALL /local/mnt/workspace/AURA_V1/evidence/compile_closure_wcd937x_continuation_20260520_033221/artifacts/modules_dir/lib/modules/6.18.0-00006-g53d68d37d754/kernel/drivers/phy/qualcomm/phy-qcom-qmp-pcie-msm8996.ko
  STRIP   /local/mnt/workspace/AURA_V1/evidence/compile_closure_wcd937x_continuation_20260520_033221/artifacts/modules_dir/lib/modules/6.18.0-00006-g53d68d37d754/kernel/drivers/phy/qualcomm/phy-qcom-qmp-combo.ko
  STRIP   /local/mnt/workspace/AURA_V1/evidence/compile_closure_wcd937x_continuation_20260520_033221/artifacts/modules_dir/lib/modules/6.18.0-00006-g53d68d37d754/kernel/drivers/phy/qualcomm/phy-qcom-qmp-usbc.ko
  INSTALL /local/mnt/workspace/AURA_V1/evidence/compile_closure_wcd937x_continuation_20260520_033221/artifacts/modules_dir/lib/modules/6.18.0-00006-g53d68d37d754/kernel/drivers/phy/qualcomm/phy-qcom-qmp-ufs.ko
  INSTALL /local/mnt/workspace/AURA_V1/evidence/compile_closure_wcd937x_continuation_20260520_033221/artifacts/modules_dir/lib/modules/6.18.0-00006-g53d68d37d754/kernel/drivers/phy/qualcomm/phy-qcom-qmp-usb.ko
  STRIP   /local/mnt/workspace/AURA_V1/evidence/compile_closure_wcd937x_continuation_20260520_033221/artifacts/modules_dir/lib/modules/6.18.0-00006-g53d68d37d754/kernel/drivers/phy/qualcomm/phy-qcom-qmp-pcie.ko
  STRIP   /local/mnt/workspace/AURA_V1/evidence/compile_closure_wcd937x_continuation_20260520_033221/artifacts/modules_dir/lib/modules/6.18.0-00006-g53d68d37d754/kernel/drivers/phy/qualcomm/phy-qcom-qmp-pcie-msm8996.ko
  INSTALL /local/mnt/workspace/AURA_V1/evidence/compile_closure_wcd937x_continuation_20260520_033221/artifacts/modules_dir/lib/modules/6.18.0-00006-g53d68d37d754/kernel/drivers/phy/qualcomm/phy-qcom-qusb2.ko
  INSTALL /local/mnt/workspace/AURA_V1/evidence/compile_closure_wcd937x_continuation_20260520_033221/artifacts/modules_dir/lib/modules/6.18.0-00006-g53d68d37d754/kernel/drivers/phy/qualcomm/phy-qcom-eusb2-repeater.ko
  STRIP   /local/mnt/workspace/AURA_V1/evidence/compile_closure_wcd937x_continuation_20260520_033221/artifacts/modules_dir/lib/modules/6.18.0-00006-g53d68d37d754/kernel/drivers/phy/qualcomm/phy-qcom-qmp-ufs.ko
  STRIP   /local/mnt/workspace/AURA_V1/evidence/compile_closure_wcd937x_continuation_20260520_033221/artifacts/modules_dir/lib/modules/6.18.0-00006-g53d68d37d754/kernel/drivers/phy/qualcomm/phy-qcom-qmp-usb.ko
  INSTALL /local/mnt/workspace/AURA_V1/evidence/compile_closure_wcd937x_continuation_20260520_033221/artifacts/modules_dir/lib/modules/6.18.0-00006-g53d68d37d754/kernel/drivers/phy/qualcomm/phy-qcom-usb-hs.ko
  STRIP   /local/mnt/workspace/AURA_V1/evidence/compile_closure_wcd937x_continuation_20260520_033221/artifacts/modules_dir/lib/modules/6.18.0-00006-g53d68d37d754/kernel/drivers/phy/qualcomm/phy-qcom-qusb2.ko
  STRIP   /local/mnt/workspace/AURA_V1/evidence/compile_closure_wcd937x_continuation_20260520_033221/artifacts/modules_dir/lib/modules/6.18.0-00006-g53d68d37d754/kernel/drivers/phy/qualcomm/phy-qcom-eusb2-repeater.ko
  INSTALL /local/mnt/workspace/AURA_V1/evidence/compile_closure_wcd937x_continuation_20260520_033221/artifacts/modules_dir/lib/modules/6.18.0-00006-g53d68d37d754/kernel/drivers/phy/qualcomm/phy-qcom-usb-hs-28nm.ko
  STRIP   /local/mnt/workspace/AURA_V1/evidence/compile_closure_wcd937x_continuation_20260520_033221/artifacts/modules_dir/lib/modules/6.18.0-00006-g53d68d37d754/kernel/drivers/phy/qualcomm/phy-qcom-usb-hs.ko
  INSTALL /local/mnt/workspace/AURA_V1/evidence/compile_closure_wcd937x_continuation_20260520_033221/artifacts/modules_dir/lib/modules/6.18.0-00006-g53d68d37d754/kernel/drivers/phy/qualcomm/phy-qcom-usb-ss.ko
  INSTALL /local/mnt/workspace/AURA_V1/evidence/compile_closure_wcd937x_continuation_20260520_033221/artifacts/modules_dir/lib/modules/6.18.0-00006-g53d68d37d754/kernel/drivers/phy/qualcomm/phy-qcom-snps-femto-v2.ko
  STRIP   /local/mnt/workspace/AURA_V1/evidence/compile_closure_wcd937x_continuation_20260520_033221/artifacts/modules_dir/lib/modules/6.18.0-00006-g53d68d37d754/kernel/drivers/phy/qualcomm/phy-qcom-usb-hs-28nm.ko
  STRIP   /local/mnt/workspace/AURA_V1/evidence/compile_closure_wcd937x_continuation_20260520_033221/artifacts/modules_dir/lib/modules/6.18.0-00006-g53d68d37d754/kernel/drivers/phy/qualcomm/phy-qcom-usb-ss.ko
  STRIP   /local/mnt/workspace/AURA_V1/evidence/compile_closure_wcd937x_continuation_20260520_033221/artifacts/modules_dir/lib/modules/6.18.0-00006-g53d68d37d754/kernel/drivers/phy/qualcomm/phy-qcom-snps-femto-v2.ko
  INSTALL /local/mnt/workspace/AURA_V1/evidence/compile_closure_wcd937x_continuation_20260520_033221/artifacts/modules_dir/lib/modules/6.18.0-00006-g53d68d37d754/kernel/drivers/phy/qualcomm/phy-qcom-sgmii-eth.ko
  INSTALL /local/mnt/workspace/AURA_V1/evidence/compile_closure_wcd937x_continuation_20260520_033221/artifacts/modules_dir/lib/modules/6.18.0-00006-g53d68d37d754/kernel/drivers/phy/renesas/phy-rcar-gen3-usb3.ko
  INSTALL /local/mnt/workspace/AURA_V1/evidence/compile_closure_wcd937x_continuation_20260520_033221/artifacts/modules_dir/lib/modules/6.18.0-00006-g53d68d37d754/kernel/drivers/phy/rockchip/phy-rockchip-inno-dsidphy.ko
  INSTALL /local/mnt/workspace/AURA_V1/evidence/compile_closure_wcd937x_continuation_20260520_033221/artifacts/modules_dir/lib/modules/6.18.0-00006-g53d68d37d754/kernel/drivers/phy/rockchip/phy-rockchip-inno-hdmi.ko
  STRIP   /local/mnt/workspace/AURA_V1/evidence/compile_closure_wcd937x_continuation_20260520_033221/artifacts/modules_dir/lib/modules/6.18.0-00006-g53d68d37d754/kernel/drivers/phy/qualcomm/phy-qcom-sgmii-eth.ko
  STRIP   /local/mnt/workspace/AURA_V1/evidence/compile_closure_wcd937x_continuation_20260520_033221/artifacts/modules_dir/lib/modules/6.18.0-00006-g53d68d37d754/kernel/drivers/phy/renesas/phy-rcar-gen3-usb3.ko
  STRIP   /local/mnt/workspace/AURA_V1/evidence/compile_closure_wcd937x_continuation_20260520_033221/artifacts/modules_dir/lib/modules/6.18.0-00006-g53d68d37d754/kernel/drivers/phy/rockchip/phy-rockchip-inno-dsidphy.ko
  INSTALL /local/mnt/workspace/AURA_V1/evidence/compile_closure_wcd937x_continuation_20260520_033221/artifacts/modules_dir/lib/modules/6.18.0-00006-g53d68d37d754/kernel/drivers/phy/rockchip/phy-rockchip-naneng-combphy.ko
  INSTALL /local/mnt/workspace/AURA_V1/evidence/compile_closure_wcd937x_continuation_20260520_033221/artifacts/modules_dir/lib/modules/6.18.0-00006-g53d68d37d754/kernel/drivers/phy/rockchip/phy-rockchip-pcie.ko
  INSTALL /local/mnt/workspace/AURA_V1/evidence/compile_closure_wcd937x_continuation_20260520_033221/artifacts/modules_dir/lib/modules/6.18.0-00006-g53d68d37d754/kernel/drivers/phy/rockchip/phy-rockchip-samsung-hdptx.ko
  STRIP   /local/mnt/workspace/AURA_V1/evidence/compile_closure_wcd937x_continuation_20260520_033221/artifacts/modules_dir/lib/modules/6.18.0-00006-g53d68d37d754/kernel/drivers/phy/rockchip/phy-rockchip-inno-hdmi.ko
  INSTALL /local/mnt/workspace/AURA_V1/evidence/compile_closure_wcd937x_continuation_20260520_033221/artifacts/modules_dir/lib/modules/6.18.0-00006-g53d68d37d754/kernel/drivers/phy/rockchip/phy-rockchip-usbdp.ko
  STRIP   /local/mnt/workspace/AURA_V1/evidence/compile_closure_wcd937x_continuation_20260520_033221/artifacts/modules_dir/lib/modules/6.18.0-00006-g53d68d37d754/kernel/drivers/phy/rockchip/phy-rockchip-naneng-combphy.ko
  STRIP   /local/mnt/workspace/AURA_V1/evidence/compile_closure_wcd937x_continuation_20260520_033221/artifacts/modules_dir/lib/modules/6.18.0-00006-g53d68d37d754/kernel/drivers/phy/rockchip/phy-rockchip-pcie.ko
  STRIP   /local/mnt/workspace/AURA_V1/evidence/compile_closure_wcd937x_continuation_20260520_033221/artifacts/modules_dir/lib/modules/6.18.0-00006-g53d68d37d754/kernel/drivers/phy/rockchip/phy-rockchip-samsung-hdptx.ko
  INSTALL /local/mnt/workspace/AURA_V1/evidence/compile_closure_wcd937x_continuation_20260520_033221/artifacts/modules_dir/lib/modules/6.18.0-00006-g53d68d37d754/kernel/drivers/phy/samsung/phy-exynos5-usbdrd.ko
  INSTALL /local/mnt/workspace/AURA_V1/evidence/compile_closure_wcd937x_continuation_20260520_033221/artifacts/modules_dir/lib/modules/6.18.0-00006-g53d68d37d754/kernel/drivers/phy/tegra/phy-tegra194-p2u.ko
  STRIP   /local/mnt/workspace/AURA_V1/evidence/compile_closure_wcd937x_continuation_20260520_033221/artifacts/modules_dir/lib/modules/6.18.0-00006-g53d68d37d754/kernel/drivers/phy/rockchip/phy-rockchip-usbdp.ko
  INSTALL /local/mnt/workspace/AURA_V1/evidence/compile_closure_wcd937x_continuation_20260520_033221/artifacts/modules_dir/lib/modules/6.18.0-00006-g53d68d37d754/kernel/drivers/phy/ti/phy-omap-usb2.ko
  STRIP   /local/mnt/workspace/AURA_V1/evidence/compile_closure_wcd937x_continuation_20260520_033221/artifacts/modules_dir/lib/modules/6.18.0-00006-g53d68d37d754/kernel/drivers/phy/samsung/phy-exynos5-usbdrd.ko
  STRIP   /local/mnt/workspace/AURA_V1/evidence/compile_closure_wcd937x_continuation_20260520_033221/artifacts/modules_dir/lib/modules/6.18.0-00006-g53d68d37d754/kernel/drivers/phy/tegra/phy-tegra194-p2u.ko
  INSTALL /local/mnt/workspace/AURA_V1/evidence/compile_closure_wcd937x_continuation_20260520_033221/artifacts/modules_dir/lib/modules/6.18.0-00006-g53d68d37d754/kernel/drivers/phy/ti/phy-am654-serdes.ko
  STRIP   /local/mnt/workspace/AURA_V1/evidence/compile_closure_wcd937x_continuation_20260520_033221/artifacts/modules_dir/lib/modules/6.18.0-00006-g53d68d37d754/kernel/drivers/phy/ti/phy-omap-usb2.ko
  INSTALL /local/mnt/workspace/AURA_V1/evidence/compile_closure_wcd937x_continuation_20260520_033221/artifacts/modules_dir/lib/modules/6.18.0-00006-g53d68d37d754/kernel/drivers/phy/ti/phy-j721e-wiz.ko
  INSTALL /local/mnt/workspace/AURA_V1/evidence/compile_closure_wcd937x_continuation_20260520_033221/artifacts/modules_dir/lib/modules/6.18.0-00006-g53d68d37d754/kernel/drivers/phy/phy-can-transceiver.ko
  INSTALL /local/mnt/workspace/AURA_V1/evidence/compile_closure_wcd937x_continuation_20260520_033221/artifacts/modules_dir/lib/modules/6.18.0-00006-g53d68d37d754/kernel/drivers/phy/phy-snps-eusb2.ko
  STRIP   /local/mnt/workspace/AURA_V1/evidence/compile_closure_wcd937x_continuation_20260520_033221/artifacts/modules_dir/lib/modules/6.18.0-00006-g53d68d37d754/kernel/drivers/phy/ti/phy-am654-serdes.ko
  STRIP   /local/mnt/workspace/AURA_V1/evidence/compile_closure_wcd937x_continuation_20260520_033221/artifacts/modules_dir/lib/modules/6.18.0-00006-g53d68d37d754/kernel/drivers/phy/ti/phy-j721e-wiz.ko
  STRIP   /local/mnt/workspace/AURA_V1/evidence/compile_closure_wcd937x_continuation_20260520_033221/artifacts/modules_dir/lib/modules/6.18.0-00006-g53d68d37d754/kernel/drivers/phy/phy-can-transceiver.ko
  INSTALL /local/mnt/workspace/AURA_V1/evidence/compile_closure_wcd937x_continuation_20260520_033221/artifacts/modules_dir/lib/modules/6.18.0-00006-g53d68d37d754/kernel/drivers/phy/phy-nxp-ptn3222.ko
  STRIP   /local/mnt/workspace/AURA_V1/evidence/compile_closure_wcd937x_continuation_20260520_033221/artifacts/modules_dir/lib/modules/6.18.0-00006-g53d68d37d754/kernel/drivers/phy/phy-snps-eusb2.ko
  INSTALL /local/mnt/workspace/AURA_V1/evidence/compile_closure_wcd937x_continuation_20260520_033221/artifacts/modules_dir/lib/modules/6.18.0-00006-g53d68d37d754/kernel/drivers/pinctrl/qcom/pinctrl-sc7280-lpass-lpi.ko
  INSTALL /local/mnt/workspace/AURA_V1/evidence/compile_closure_wcd937x_continuation_20260520_033221/artifacts/modules_dir/lib/modules/6.18.0-00006-g53d68d37d754/kernel/drivers/pinctrl/qcom/pinctrl-sm6115-lpass-lpi.ko
  INSTALL /local/mnt/workspace/AURA_V1/evidence/compile_closure_wcd937x_continuation_20260520_033221/artifacts/modules_dir/lib/modules/6.18.0-00006-g53d68d37d754/kernel/drivers/pinctrl/qcom/pinctrl-sm8250-lpass-lpi.ko
  STRIP   /local/mnt/workspace/AURA_V1/evidence/compile_closure_wcd937x_continuation_20260520_033221/artifacts/modules_dir/lib/modules/6.18.0-00006-g53d68d37d754/kernel/drivers/phy/phy-nxp-ptn3222.ko
  INSTALL /local/mnt/workspace/AURA_V1/evidence/compile_closure_wcd937x_continuation_20260520_033221/artifacts/modules_dir/lib/modules/6.18.0-00006-g53d68d37d754/kernel/drivers/pinctrl/qcom/pinctrl-sm8350-lpass-lpi.ko
  INSTALL /local/mnt/workspace/AURA_V1/evidence/compile_closure_wcd937x_continuation_20260520_033221/artifacts/modules_dir/lib/modules/6.18.0-00006-g53d68d37d754/kernel/drivers/pinctrl/qcom/pinctrl-sm8450-lpass-lpi.ko
  STRIP   /local/mnt/workspace/AURA_V1/evidence/compile_closure_wcd937x_continuation_20260520_033221/artifacts/modules_dir/lib/modules/6.18.0-00006-g53d68d37d754/kernel/drivers/pinctrl/qcom/pinctrl-sc7280-lpass-lpi.ko
  STRIP   /local/mnt/workspace/AURA_V1/evidence/compile_closure_wcd937x_continuation_20260520_033221/artifacts/modules_dir/lib/modules/6.18.0-00006-g53d68d37d754/kernel/drivers/pinctrl/qcom/pinctrl-sm6115-lpass-lpi.ko
  STRIP   /local/mnt/workspace/AURA_V1/evidence/compile_closure_wcd937x_continuation_20260520_033221/artifacts/modules_dir/lib/modules/6.18.0-00006-g53d68d37d754/kernel/drivers/pinctrl/qcom/pinctrl-sm8250-lpass-lpi.ko
  INSTALL /local/mnt/workspace/AURA_V1/evidence/compile_closure_wcd937x_continuation_20260520_033221/artifacts/modules_dir/lib/modules/6.18.0-00006-g53d68d37d754/kernel/drivers/pinctrl/qcom/pinctrl-sm8550-lpass-lpi.ko
  STRIP   /local/mnt/workspace/AURA_V1/evidence/compile_closure_wcd937x_continuation_20260520_033221/artifacts/modules_dir/lib/modules/6.18.0-00006-g53d68d37d754/kernel/drivers/pinctrl/qcom/pinctrl-sm8350-lpass-lpi.ko
  STRIP   /local/mnt/workspace/AURA_V1/evidence/compile_closure_wcd937x_continuation_20260520_033221/artifacts/modules_dir/lib/modules/6.18.0-00006-g53d68d37d754/kernel/drivers/pinctrl/qcom/pinctrl-sm8450-lpass-lpi.ko
  INSTALL /local/mnt/workspace/AURA_V1/evidence/compile_closure_wcd937x_continuation_20260520_033221/artifacts/modules_dir/lib/modules/6.18.0-00006-g53d68d37d754/kernel/drivers/pinctrl/qcom/pinctrl-sm8650-lpass-lpi.ko
  STRIP   /local/mnt/workspace/AURA_V1/evidence/compile_closure_wcd937x_continuation_20260520_033221/artifacts/modules_dir/lib/modules/6.18.0-00006-g53d68d37d754/kernel/drivers/pinctrl/qcom/pinctrl-sm8550-lpass-lpi.ko
  INSTALL /local/mnt/workspace/AURA_V1/evidence/compile_closure_wcd937x_continuation_20260520_033221/artifacts/modules_dir/lib/modules/6.18.0-00006-g53d68d37d754/kernel/drivers/pinctrl/qcom/pinctrl-sc8280xp-lpass-lpi.ko
  STRIP   /local/mnt/workspace/AURA_V1/evidence/compile_closure_wcd937x_continuation_20260520_033221/artifacts/modules_dir/lib/modules/6.18.0-00006-g53d68d37d754/kernel/drivers/pinctrl/qcom/pinctrl-sm8650-lpass-lpi.ko
  INSTALL /local/mnt/workspace/AURA_V1/evidence/compile_closure_wcd937x_continuation_20260520_033221/artifacts/modules_dir/lib/modules/6.18.0-00006-g53d68d37d754/kernel/drivers/pinctrl/qcom/pinctrl-lpass-lpi.ko
  INSTALL /local/mnt/workspace/AURA_V1/evidence/compile_closure_wcd937x_continuation_20260520_033221/artifacts/modules_dir/lib/modules/6.18.0-00006-g53d68d37d754/kernel/drivers/pinctrl/pinctrl-da9062.ko
  INSTALL /local/mnt/workspace/AURA_V1/evidence/compile_closure_wcd937x_continuation_20260520_033221/artifacts/modules_dir/lib/modules/6.18.0-00006-g53d68d37d754/kernel/drivers/pinctrl/pinctrl-rk805.ko
  STRIP   /local/mnt/workspace/AURA_V1/evidence/compile_closure_wcd937x_continuation_20260520_033221/artifacts/modules_dir/lib/modules/6.18.0-00006-g53d68d37d754/kernel/drivers/pinctrl/qcom/pinctrl-sc8280xp-lpass-lpi.ko
  INSTALL /local/mnt/workspace/AURA_V1/evidence/compile_closure_wcd937x_continuation_20260520_033221/artifacts/modules_dir/lib/modules/6.18.0-00006-g53d68d37d754/kernel/drivers/pinctrl/pinctrl-rp1.ko
  INSTALL /local/mnt/workspace/AURA_V1/evidence/compile_closure_wcd937x_continuation_20260520_033221/artifacts/modules_dir/lib/modules/6.18.0-00006-g53d68d37d754/kernel/drivers/pinctrl/pinctrl-tps6594.ko
  STRIP   /local/mnt/workspace/AURA_V1/evidence/compile_closure_wcd937x_continuation_20260520_033221/artifacts/modules_dir/lib/modules/6.18.0-00006-g53d68d37d754/kernel/drivers/pinctrl/qcom/pinctrl-lpass-lpi.ko
  STRIP   /local/mnt/workspace/AURA_V1/evidence/compile_closure_wcd937x_continuation_20260520_033221/artifacts/modules_dir/lib/modules/6.18.0-00006-g53d68d37d754/kernel/drivers/pinctrl/pinctrl-da9062.ko
  STRIP   /local/mnt/workspace/AURA_V1/evidence/compile_closure_wcd937x_continuation_20260520_033221/artifacts/modules_dir/lib/modules/6.18.0-00006-g53d68d37d754/kernel/drivers/pinctrl/pinctrl-rk805.ko
  INSTALL /local/mnt/workspace/AURA_V1/evidence/compile_closure_wcd937x_continuation_20260520_033221/artifacts/modules_dir/lib/modules/6.18.0-00006-g53d68d37d754/kernel/drivers/gpio/gpio-regmap.ko
  STRIP   /local/mnt/workspace/AURA_V1/evidence/compile_closure_wcd937x_continuation_20260520_033221/artifacts/modules_dir/lib/modules/6.18.0-00006-g53d68d37d754/kernel/drivers/pinctrl/pinctrl-rp1.ko
  STRIP   /local/mnt/workspace/AURA_V1/evidence/compile_closure_wcd937x_continuation_20260520_033221/artifacts/modules_dir/lib/modules/6.18.0-00006-g53d68d37d754/kernel/drivers/pinctrl/pinctrl-tps6594.ko
  INSTALL /local/mnt/workspace/AURA_V1/evidence/compile_closure_wcd937x_continuation_20260520_033221/artifacts/modules_dir/lib/modules/6.18.0-00006-g53d68d37d754/kernel/drivers/gpio/dev-sync-probe.ko
  INSTALL /local/mnt/workspace/AURA_V1/evidence/compile_closure_wcd937x_continuation_20260520_033221/artifacts/modules_dir/lib/modules/6.18.0-00006-g53d68d37d754/kernel/drivers/gpio/gpio-adp5585.ko
  STRIP   /local/mnt/workspace/AURA_V1/evidence/compile_closure_wcd937x_continuation_20260520_033221/artifacts/modules_dir/lib/modules/6.18.0-00006-g53d68d37d754/kernel/drivers/gpio/gpio-regmap.ko
  INSTALL /local/mnt/workspace/AURA_V1/evidence/compile_closure_wcd937x_continuation_20260520_033221/artifacts/modules_dir/lib/modules/6.18.0-00006-g53d68d37d754/kernel/drivers/gpio/gpio-aggregator.ko
  STRIP   /local/mnt/workspace/AURA_V1/evidence/compile_closure_wcd937x_continuation_20260520_033221/artifacts/modules_dir/lib/modules/6.18.0-00006-g53d68d37d754/kernel/drivers/gpio/dev-sync-probe.ko
  STRIP   /local/mnt/workspace/AURA_V1/evidence/compile_closure_wcd937x_continuation_20260520_033221/artifacts/modules_dir/lib/modules/6.18.0-00006-g53d68d37d754/kernel/drivers/gpio/gpio-adp5585.ko
  INSTALL /local/mnt/workspace/AURA_V1/evidence/compile_closure_wcd937x_continuation_20260520_033221/artifacts/modules_dir/lib/modules/6.18.0-00006-g53d68d37d754/kernel/drivers/gpio/gpio-altera.ko
  INSTALL /local/mnt/workspace/AURA_V1/evidence/compile_closure_wcd937x_continuation_20260520_033221/artifacts/modules_dir/lib/modules/6.18.0-00006-g53d68d37d754/kernel/drivers/gpio/gpio-bd9571mwv.ko
  INSTALL /local/mnt/workspace/AURA_V1/evidence/compile_closure_wcd937x_continuation_20260520_033221/artifacts/modules_dir/lib/modules/6.18.0-00006-g53d68d37d754/kernel/drivers/gpio/gpio-max77759.ko
  INSTALL /local/mnt/workspace/AURA_V1/evidence/compile_closure_wcd937x_continuation_20260520_033221/artifacts/modules_dir/lib/modules/6.18.0-00006-g53d68d37d754/kernel/drivers/gpio/gpio-pcf857x.ko
  STRIP   /local/mnt/workspace/AURA_V1/evidence/compile_closure_wcd937x_continuation_20260520_033221/artifacts/modules_dir/lib/modules/6.18.0-00006-g53d68d37d754/kernel/drivers/gpio/gpio-aggregator.ko
  STRIP   /local/mnt/workspace/AURA_V1/evidence/compile_closure_wcd937x_continuation_20260520_033221/artifacts/modules_dir/lib/modules/6.18.0-00006-g53d68d37d754/kernel/drivers/gpio/gpio-bd9571mwv.ko
  STRIP   /local/mnt/workspace/AURA_V1/evidence/compile_closure_wcd937x_continuation_20260520_033221/artifacts/modules_dir/lib/modules/6.18.0-00006-g53d68d37d754/kernel/drivers/gpio/gpio-altera.ko
  STRIP   /local/mnt/workspace/AURA_V1/evidence/compile_closure_wcd937x_continuation_20260520_033221/artifacts/modules_dir/lib/modules/6.18.0-00006-g53d68d37d754/kernel/drivers/gpio/gpio-max77759.ko
  STRIP   /local/mnt/workspace/AURA_V1/evidence/compile_closure_wcd937x_continuation_20260520_033221/artifacts/modules_dir/lib/modules/6.18.0-00006-g53d68d37d754/kernel/drivers/gpio/gpio-pcf857x.ko
  INSTALL /local/mnt/workspace/AURA_V1/evidence/compile_closure_wcd937x_continuation_20260520_033221/artifacts/modules_dir/lib/modules/6.18.0-00006-g53d68d37d754/kernel/drivers/gpio/gpio-sl28cpld.ko
  INSTALL /local/mnt/workspace/AURA_V1/evidence/compile_closure_wcd937x_continuation_20260520_033221/artifacts/modules_dir/lib/modules/6.18.0-00006-g53d68d37d754/kernel/drivers/gpio/gpio-tpic2810.ko
  INSTALL /local/mnt/workspace/AURA_V1/evidence/compile_closure_wcd937x_continuation_20260520_033221/artifacts/modules_dir/lib/modules/6.18.0-00006-g53d68d37d754/kernel/drivers/gpio/gpio-wcd934x.ko
  STRIP   /local/mnt/workspace/AURA_V1/evidence/compile_closure_wcd937x_continuation_20260520_033221/artifacts/modules_dir/lib/modules/6.18.0-00006-g53d68d37d754/kernel/drivers/gpio/gpio-sl28cpld.ko
  STRIP   /local/mnt/workspace/AURA_V1/evidence/compile_closure_wcd937x_continuation_20260520_033221/artifacts/modules_dir/lib/modules/6.18.0-00006-g53d68d37d754/kernel/drivers/gpio/gpio-tpic2810.ko
  STRIP   /local/mnt/workspace/AURA_V1/evidence/compile_closure_wcd937x_continuation_20260520_033221/artifacts/modules_dir/lib/modules/6.18.0-00006-g53d68d37d754/kernel/drivers/gpio/gpio-wcd934x.ko
  INSTALL /local/mnt/workspace/AURA_V1/evidence/compile_closure_wcd937x_continuation_20260520_033221/artifacts/modules_dir/lib/modules/6.18.0-00006-g53d68d37d754/kernel/drivers/pwm/pwm-adp5585.ko
  INSTALL /local/mnt/workspace/AURA_V1/evidence/compile_closure_wcd937x_continuation_20260520_033221/artifacts/modules_dir/lib/modules/6.18.0-00006-g53d68d37d754/kernel/drivers/pwm/pwm-bcm2835.ko
  INSTALL /local/mnt/workspace/AURA_V1/evidence/compile_closure_wcd937x_continuation_20260520_033221/artifacts/modules_dir/lib/modules/6.18.0-00006-g53d68d37d754/kernel/drivers/pwm/pwm-brcmstb.ko
  INSTALL /local/mnt/workspace/AURA_V1/evidence/compile_closure_wcd937x_continuation_20260520_033221/artifacts/modules_dir/lib/modules/6.18.0-00006-g53d68d37d754/kernel/drivers/pwm/pwm-cros-ec.ko
  INSTALL /local/mnt/workspace/AURA_V1/evidence/compile_closure_wcd937x_continuation_20260520_033221/artifacts/modules_dir/lib/modules/6.18.0-00006-g53d68d37d754/kernel/drivers/pwm/pwm-imx27.ko
  STRIP   /local/mnt/workspace/AURA_V1/evidence/compile_closure_wcd937x_continuation_20260520_033221/artifacts/modules_dir/lib/modules/6.18.0-00006-g53d68d37d754/kernel/drivers/pwm/pwm-adp5585.ko
  STRIP   /local/mnt/workspace/AURA_V1/evidence/compile_closure_wcd937x_continuation_20260520_033221/artifacts/modules_dir/lib/modules/6.18.0-00006-g53d68d37d754/kernel/drivers/pwm/pwm-bcm2835.ko
  STRIP   /local/mnt/workspace/AURA_V1/evidence/compile_closure_wcd937x_continuation_20260520_033221/artifacts/modules_dir/lib/modules/6.18.0-00006-g53d68d37d754/kernel/drivers/pwm/pwm-brcmstb.ko
  STRIP   /local/mnt/workspace/AURA_V1/evidence/compile_closure_wcd937x_continuation_20260520_033221/artifacts/modules_dir/lib/modules/6.18.0-00006-g53d68d37d754/kernel/drivers/pwm/pwm-cros-ec.ko
  STRIP   /local/mnt/workspace/AURA_V1/evidence/compile_closure_wcd937x_continuation_20260520_033221/artifacts/modules_dir/lib/modules/6.18.0-00006-g53d68d37d754/kernel/drivers/pwm/pwm-imx27.ko
  INSTALL /local/mnt/workspace/AURA_V1/evidence/compile_closure_wcd937x_continuation_20260520_033221/artifacts/modules_dir/lib/modules/6.18.0-00006-g53d68d37d754/kernel/drivers/pwm/pwm-mediatek.ko
  INSTALL /local/mnt/workspace/AURA_V1/evidence/compile_closure_wcd937x_continuation_20260520_033221/artifacts/modules_dir/lib/modules/6.18.0-00006-g53d68d37d754/kernel/drivers/pwm/pwm-meson.ko
  INSTALL /local/mnt/workspace/AURA_V1/evidence/compile_closure_wcd937x_continuation_20260520_033221/artifacts/modules_dir/lib/modules/6.18.0-00006-g53d68d37d754/kernel/drivers/pwm/pwm-mtk-disp.ko
  INSTALL /local/mnt/workspace/AURA_V1/evidence/compile_closure_wcd937x_continuation_20260520_033221/artifacts/modules_dir/lib/modules/6.18.0-00006-g53d68d37d754/kernel/drivers/pwm/pwm-rcar.ko
  STRIP   /local/mnt/workspace/AURA_V1/evidence/compile_closure_wcd937x_continuation_20260520_033221/artifacts/modules_dir/lib/modules/6.18.0-00006-g53d68d37d754/kernel/drivers/pwm/pwm-mediatek.ko
  STRIP   /local/mnt/workspace/AURA_V1/evidence/compile_closure_wcd937x_continuation_20260520_033221/artifacts/modules_dir/lib/modules/6.18.0-00006-g53d68d37d754/kernel/drivers/pwm/pwm-meson.ko
  INSTALL /local/mnt/workspace/AURA_V1/evidence/compile_closure_wcd937x_continuation_20260520_033221/artifacts/modules_dir/lib/modules/6.18.0-00006-g53d68d37d754/kernel/drivers/pwm/pwm-rzg2l-gpt.ko
  STRIP   /local/mnt/workspace/AURA_V1/evidence/compile_closure_wcd937x_continuation_20260520_033221/artifacts/modules_dir/lib/modules/6.18.0-00006-g53d68d37d754/kernel/drivers/pwm/pwm-mtk-disp.ko
  STRIP   /local/mnt/workspace/AURA_V1/evidence/compile_closure_wcd937x_continuation_20260520_033221/artifacts/modules_dir/lib/modules/6.18.0-00006-g53d68d37d754/kernel/drivers/pwm/pwm-rcar.ko
  INSTALL /local/mnt/workspace/AURA_V1/evidence/compile_closure_wcd937x_continuation_20260520_033221/artifacts/modules_dir/lib/modules/6.18.0-00006-g53d68d37d754/kernel/drivers/pwm/pwm-rz-mtu3.ko
  INSTALL /local/mnt/workspace/AURA_V1/evidence/compile_closure_wcd937x_continuation_20260520_033221/artifacts/modules_dir/lib/modules/6.18.0-00006-g53d68d37d754/kernel/drivers/pwm/pwm-renesas-tpu.ko
  INSTALL /local/mnt/workspace/AURA_V1/evidence/compile_closure_wcd937x_continuation_20260520_033221/artifacts/modules_dir/lib/modules/6.18.0-00006-g53d68d37d754/kernel/drivers/pwm/pwm-sl28cpld.ko
  STRIP   /local/mnt/workspace/AURA_V1/evidence/compile_closure_wcd937x_continuation_20260520_033221/artifacts/modules_dir/lib/modules/6.18.0-00006-g53d68d37d754/kernel/drivers/pwm/pwm-rzg2l-gpt.ko
  INSTALL /local/mnt/workspace/AURA_V1/evidence/compile_closure_wcd937x_continuation_20260520_033221/artifacts/modules_dir/lib/modules/6.18.0-00006-g53d68d37d754/kernel/drivers/pwm/pwm-stm32.ko
  STRIP   /local/mnt/workspace/AURA_V1/evidence/compile_closure_wcd937x_continuation_20260520_033221/artifacts/modules_dir/lib/modules/6.18.0-00006-g53d68d37d754/kernel/drivers/pwm/pwm-rz-mtu3.ko
  STRIP   /local/mnt/workspace/AURA_V1/evidence/compile_closure_wcd937x_continuation_20260520_033221/artifacts/modules_dir/lib/modules/6.18.0-00006-g53d68d37d754/kernel/drivers/pwm/pwm-renesas-tpu.ko
  STRIP   /local/mnt/workspace/AURA_V1/evidence/compile_closure_wcd937x_continuation_20260520_033221/artifacts/modules_dir/lib/modules/6.18.0-00006-g53d68d37d754/kernel/drivers/pwm/pwm-sl28cpld.ko
  INSTALL /local/mnt/workspace/AURA_V1/evidence/compile_closure_wcd937x_continuation_20260520_033221/artifacts/modules_dir/lib/modules/6.18.0-00006-g53d68d37d754/kernel/drivers/pwm/pwm-sun4i.ko
  INSTALL /local/mnt/workspace/AURA_V1/evidence/compile_closure_wcd937x_continuation_20260520_033221/artifacts/modules_dir/lib/modules/6.18.0-00006-g53d68d37d754/kernel/drivers/pwm/pwm-tegra.ko
  STRIP   /local/mnt/workspace/AURA_V1/evidence/compile_closure_wcd937x_continuation_20260520_033221/artifacts/modules_dir/lib/modules/6.18.0-00006-g53d68d37d754/kernel/drivers/pwm/pwm-stm32.ko
  INSTALL /local/mnt/workspace/AURA_V1/evidence/compile_closure_wcd937x_continuation_20260520_033221/artifacts/modules_dir/lib/modules/6.18.0-00006-g53d68d37d754/kernel/drivers/pwm/pwm-tiecap.ko
  INSTALL /local/mnt/workspace/AURA_V1/evidence/compile_closure_wcd937x_continuation_20260520_033221/artifacts/modules_dir/lib/modules/6.18.0-00006-g53d68d37d754/kernel/drivers/pwm/pwm-tiehrpwm.ko
  STRIP   /local/mnt/workspace/AURA_V1/evidence/compile_closure_wcd937x_continuation_20260520_033221/artifacts/modules_dir/lib/modules/6.18.0-00006-g53d68d37d754/kernel/drivers/pwm/pwm-sun4i.ko
  STRIP   /local/mnt/workspace/AURA_V1/evidence/compile_closure_wcd937x_continuation_20260520_033221/artifacts/modules_dir/lib/modules/6.18.0-00006-g53d68d37d754/kernel/drivers/pwm/pwm-tegra.ko
  STRIP   /local/mnt/workspace/AURA_V1/evidence/compile_closure_wcd937x_continuation_20260520_033221/artifacts/modules_dir/lib/modules/6.18.0-00006-g53d68d37d754/kernel/drivers/pwm/pwm-tiecap.ko
  STRIP   /local/mnt/workspace/AURA_V1/evidence/compile_closure_wcd937x_continuation_20260520_033221/artifacts/modules_dir/lib/modules/6.18.0-00006-g53d68d37d754/kernel/drivers/pwm/pwm-tiehrpwm.ko
  INSTALL /local/mnt/workspace/AURA_V1/evidence/compile_closure_wcd937x_continuation_20260520_033221/artifacts/modules_dir/lib/modules/6.18.0-00006-g53d68d37d754/kernel/drivers/pwm/pwm-visconti.ko
  INSTALL /local/mnt/workspace/AURA_V1/evidence/compile_closure_wcd937x_continuation_20260520_033221/artifacts/modules_dir/lib/modules/6.18.0-00006-g53d68d37d754/kernel/drivers/leds/led-class-multicolor.ko
  INSTALL /local/mnt/workspace/AURA_V1/evidence/compile_closure_wcd937x_continuation_20260520_033221/artifacts/modules_dir/lib/modules/6.18.0-00006-g53d68d37d754/kernel/drivers/leds/leds-cros_ec.ko
  INSTALL /local/mnt/workspace/AURA_V1/evidence/compile_closure_wcd937x_continuation_20260520_033221/artifacts/modules_dir/lib/modules/6.18.0-00006-g53d68d37d754/kernel/drivers/leds/leds-lm3692x.ko
  STRIP   /local/mnt/workspace/AURA_V1/evidence/compile_closure_wcd937x_continuation_20260520_033221/artifacts/modules_dir/lib/modules/6.18.0-00006-g53d68d37d754/kernel/drivers/pwm/pwm-visconti.ko
  STRIP   /local/mnt/workspace/AURA_V1/evidence/compile_closure_wcd937x_continuation_20260520_033221/artifacts/modules_dir/lib/modules/6.18.0-00006-g53d68d37d754/kernel/drivers/leds/leds-cros_ec.ko
  STRIP   /local/mnt/workspace/AURA_V1/evidence/compile_closure_wcd937x_continuation_20260520_033221/artifacts/modules_dir/lib/modules/6.18.0-00006-g53d68d37d754/kernel/drivers/leds/led-class-multicolor.ko
  INSTALL /local/mnt/workspace/AURA_V1/evidence/compile_closure_wcd937x_continuation_20260520_033221/artifacts/modules_dir/lib/modules/6.18.0-00006-g53d68d37d754/kernel/drivers/leds/leds-pca9532.ko
  STRIP   /local/mnt/workspace/AURA_V1/evidence/compile_closure_wcd937x_continuation_20260520_033221/artifacts/modules_dir/lib/modules/6.18.0-00006-g53d68d37d754/kernel/drivers/leds/leds-lm3692x.ko
  INSTALL /local/mnt/workspace/AURA_V1/evidence/compile_closure_wcd937x_continuation_20260520_033221/artifacts/modules_dir/lib/modules/6.18.0-00006-g53d68d37d754/kernel/drivers/leds/rgb/leds-qcom-lpg.ko
  INSTALL /local/mnt/workspace/AURA_V1/evidence/compile_closure_wcd937x_continuation_20260520_033221/artifacts/modules_dir/lib/modules/6.18.0-00006-g53d68d37d754/kernel/drivers/pci/pwrctrl/pci-pwrctrl-pwrseq.ko
  INSTALL /local/mnt/workspace/AURA_V1/evidence/compile_closure_wcd937x_continuation_20260520_033221/artifacts/modules_dir/lib/modules/6.18.0-00006-g53d68d37d754/kernel/drivers/pci/endpoint/functions/pci-epf-test.ko
  STRIP   /local/mnt/workspace/AURA_V1/evidence/compile_closure_wcd937x_continuation_20260520_033221/artifacts/modules_dir/lib/modules/6.18.0-00006-g53d68d37d754/kernel/drivers/leds/leds-pca9532.ko
  STRIP   /local/mnt/workspace/AURA_V1/evidence/compile_closure_wcd937x_continuation_20260520_033221/artifacts/modules_dir/lib/modules/6.18.0-00006-g53d68d37d754/kernel/drivers/leds/rgb/leds-qcom-lpg.ko
  STRIP   /local/mnt/workspace/AURA_V1/evidence/compile_closure_wcd937x_continuation_20260520_033221/artifacts/modules_dir/lib/modules/6.18.0-00006-g53d68d37d754/kernel/drivers/pci/pwrctrl/pci-pwrctrl-pwrseq.ko
  STRIP   /local/mnt/workspace/AURA_V1/evidence/compile_closure_wcd937x_continuation_20260520_033221/artifacts/modules_dir/lib/modules/6.18.0-00006-g53d68d37d754/kernel/drivers/pci/endpoint/functions/pci-epf-test.ko
  INSTALL /local/mnt/workspace/AURA_V1/evidence/compile_closure_wcd937x_continuation_20260520_033221/artifacts/modules_dir/lib/modules/6.18.0-00006-g53d68d37d754/kernel/drivers/pci/controller/dwc/pci-meson.ko
  INSTALL /local/mnt/workspace/AURA_V1/evidence/compile_closure_wcd937x_continuation_20260520_033221/artifacts/modules_dir/lib/modules/6.18.0-00006-g53d68d37d754/kernel/drivers/pci/controller/dwc/pcie-tegra194.ko
  INSTALL /local/mnt/workspace/AURA_V1/evidence/compile_closure_wcd937x_continuation_20260520_033221/artifacts/modules_dir/lib/modules/6.18.0-00006-g53d68d37d754/kernel/drivers/pci/controller/dwc/pcie-rcar-gen4.ko
  INSTALL /local/mnt/workspace/AURA_V1/evidence/compile_closure_wcd937x_continuation_20260520_033221/artifacts/modules_dir/lib/modules/6.18.0-00006-g53d68d37d754/kernel/drivers/pci/controller/pcie-rockchip-host.ko
  STRIP   /local/mnt/workspace/AURA_V1/evidence/compile_closure_wcd937x_continuation_20260520_033221/artifacts/modules_dir/lib/modules/6.18.0-00006-g53d68d37d754/kernel/drivers/pci/controller/dwc/pcie-tegra194.ko
  STRIP   /local/mnt/workspace/AURA_V1/evidence/compile_closure_wcd937x_continuation_20260520_033221/artifacts/modules_dir/lib/modules/6.18.0-00006-g53d68d37d754/kernel/drivers/pci/controller/dwc/pci-meson.ko
  INSTALL /local/mnt/workspace/AURA_V1/evidence/compile_closure_wcd937x_continuation_20260520_033221/artifacts/modules_dir/lib/modules/6.18.0-00006-g53d68d37d754/kernel/drivers/pci/controller/pcie-mediatek-gen3.ko
  INSTALL /local/mnt/workspace/AURA_V1/evidence/compile_closure_wcd937x_continuation_20260520_033221/artifacts/modules_dir/lib/modules/6.18.0-00006-g53d68d37d754/kernel/drivers/pci/controller/pcie-brcmstb.ko
  STRIP   /local/mnt/workspace/AURA_V1/evidence/compile_closure_wcd937x_continuation_20260520_033221/artifacts/modules_dir/lib/modules/6.18.0-00006-g53d68d37d754/kernel/drivers/pci/controller/dwc/pcie-rcar-gen4.ko
  STRIP   /local/mnt/workspace/AURA_V1/evidence/compile_closure_wcd937x_continuation_20260520_033221/artifacts/modules_dir/lib/modules/6.18.0-00006-g53d68d37d754/kernel/drivers/pci/controller/pcie-rockchip-host.ko
  INSTALL /local/mnt/workspace/AURA_V1/evidence/compile_closure_wcd937x_continuation_20260520_033221/artifacts/modules_dir/lib/modules/6.18.0-00006-g53d68d37d754/kernel/drivers/video/backlight/backlight.ko
  INSTALL /local/mnt/workspace/AURA_V1/evidence/compile_closure_wcd937x_continuation_20260520_033221/artifacts/modules_dir/lib/modules/6.18.0-00006-g53d68d37d754/kernel/drivers/video/backlight/lp855x_bl.ko
  STRIP   /local/mnt/workspace/AURA_V1/evidence/compile_closure_wcd937x_continuation_20260520_033221/artifacts/modules_dir/lib/modules/6.18.0-00006-g53d68d37d754/kernel/drivers/pci/controller/pcie-mediatek-gen3.ko
  INSTALL /local/mnt/workspace/AURA_V1/evidence/compile_closure_wcd937x_continuation_20260520_033221/artifacts/modules_dir/lib/modules/6.18.0-00006-g53d68d37d754/kernel/drivers/video/backlight/pwm_bl.ko
  STRIP   /local/mnt/workspace/AURA_V1/evidence/compile_closure_wcd937x_continuation_20260520_033221/artifacts/modules_dir/lib/modules/6.18.0-00006-g53d68d37d754/kernel/drivers/pci/controller/pcie-brcmstb.ko
  STRIP   /local/mnt/workspace/AURA_V1/evidence/compile_closure_wcd937x_continuation_20260520_033221/artifacts/modules_dir/lib/modules/6.18.0-00006-g53d68d37d754/kernel/drivers/video/backlight/backlight.ko
  STRIP   /local/mnt/workspace/AURA_V1/evidence/compile_closure_wcd937x_continuation_20260520_033221/artifacts/modules_dir/lib/modules/6.18.0-00006-g53d68d37d754/kernel/drivers/video/backlight/lp855x_bl.ko
  INSTALL /local/mnt/workspace/AURA_V1/evidence/compile_closure_wcd937x_continuation_20260520_033221/artifacts/modules_dir/lib/modules/6.18.0-00006-g53d68d37d754/kernel/drivers/char/ipmi/ipmi_msghandler.ko
  STRIP   /local/mnt/workspace/AURA_V1/evidence/compile_closure_wcd937x_continuation_20260520_033221/artifacts/modules_dir/lib/modules/6.18.0-00006-g53d68d37d754/kernel/drivers/video/backlight/pwm_bl.ko
  INSTALL /local/mnt/workspace/AURA_V1/evidence/compile_closure_wcd937x_continuation_20260520_033221/artifacts/modules_dir/lib/modules/6.18.0-00006-g53d68d37d754/kernel/drivers/char/ipmi/ipmi_devintf.ko
  INSTALL /local/mnt/workspace/AURA_V1/evidence/compile_closure_wcd937x_continuation_20260520_033221/artifacts/modules_dir/lib/modules/6.18.0-00006-g53d68d37d754/kernel/drivers/char/ipmi/ipmi_si.ko
  INSTALL /local/mnt/workspace/AURA_V1/evidence/compile_closure_wcd937x_continuation_20260520_033221/artifacts/modules_dir/lib/modules/6.18.0-00006-g53d68d37d754/kernel/drivers/clk/mediatek/clk-mt8196-mfg.ko
  STRIP   /local/mnt/workspace/AURA_V1/evidence/compile_closure_wcd937x_continuation_20260520_033221/artifacts/modules_dir/lib/modules/6.18.0-00006-g53d68d37d754/kernel/drivers/char/ipmi/ipmi_msghandler.ko
  STRIP   /local/mnt/workspace/AURA_V1/evidence/compile_closure_wcd937x_continuation_20260520_033221/artifacts/modules_dir/lib/modules/6.18.0-00006-g53d68d37d754/kernel/drivers/char/ipmi/ipmi_devintf.ko
  INSTALL /local/mnt/workspace/AURA_V1/evidence/compile_closure_wcd937x_continuation_20260520_033221/artifacts/modules_dir/lib/modules/6.18.0-00006-g53d68d37d754/kernel/drivers/clk/mediatek/clk-mt8196-disp0.ko
  INSTALL /local/mnt/workspace/AURA_V1/evidence/compile_closure_wcd937x_continuation_20260520_033221/artifacts/modules_dir/lib/modules/6.18.0-00006-g53d68d37d754/kernel/drivers/clk/mediatek/clk-mt8196-disp1.ko
  STRIP   /local/mnt/workspace/AURA_V1/evidence/compile_closure_wcd937x_continuation_20260520_033221/artifacts/modules_dir/lib/modules/6.18.0-00006-g53d68d37d754/kernel/drivers/char/ipmi/ipmi_si.ko
  STRIP   /local/mnt/workspace/AURA_V1/evidence/compile_closure_wcd937x_continuation_20260520_033221/artifacts/modules_dir/lib/modules/6.18.0-00006-g53d68d37d754/kernel/drivers/clk/mediatek/clk-mt8196-mfg.ko
  INSTALL /local/mnt/workspace/AURA_V1/evidence/compile_closure_wcd937x_continuation_20260520_033221/artifacts/modules_dir/lib/modules/6.18.0-00006-g53d68d37d754/kernel/drivers/clk/mediatek/clk-mt8196-vdisp_ao.ko
  INSTALL /local/mnt/workspace/AURA_V1/evidence/compile_closure_wcd937x_continuation_20260520_033221/artifacts/modules_dir/lib/modules/6.18.0-00006-g53d68d37d754/kernel/drivers/clk/mediatek/clk-mt8196-ovl0.ko
  STRIP   /local/mnt/workspace/AURA_V1/evidence/compile_closure_wcd937x_continuation_20260520_033221/artifacts/modules_dir/lib/modules/6.18.0-00006-g53d68d37d754/kernel/drivers/clk/mediatek/clk-mt8196-disp1.ko
  STRIP   /local/mnt/workspace/AURA_V1/evidence/compile_closure_wcd937x_continuation_20260520_033221/artifacts/modules_dir/lib/modules/6.18.0-00006-g53d68d37d754/kernel/drivers/clk/mediatek/clk-mt8196-disp0.ko
  INSTALL /local/mnt/workspace/AURA_V1/evidence/compile_closure_wcd937x_continuation_20260520_033221/artifacts/modules_dir/lib/modules/6.18.0-00006-g53d68d37d754/kernel/drivers/clk/mediatek/clk-mt8196-ovl1.ko
  STRIP   /local/mnt/workspace/AURA_V1/evidence/compile_closure_wcd937x_continuation_20260520_033221/artifacts/modules_dir/lib/modules/6.18.0-00006-g53d68d37d754/kernel/drivers/clk/mediatek/clk-mt8196-vdisp_ao.ko
  STRIP   /local/mnt/workspace/AURA_V1/evidence/compile_closure_wcd937x_continuation_20260520_033221/artifacts/modules_dir/lib/modules/6.18.0-00006-g53d68d37d754/kernel/drivers/clk/mediatek/clk-mt8196-ovl0.ko
  INSTALL /local/mnt/workspace/AURA_V1/evidence/compile_closure_wcd937x_continuation_20260520_033221/artifacts/modules_dir/lib/modules/6.18.0-00006-g53d68d37d754/kernel/drivers/clk/mediatek/clk-mt8196-vdec.ko
  INSTALL /local/mnt/workspace/AURA_V1/evidence/compile_closure_wcd937x_continuation_20260520_033221/artifacts/modules_dir/lib/modules/6.18.0-00006-g53d68d37d754/kernel/drivers/clk/mediatek/clk-mt8196-venc.ko
  STRIP   /local/mnt/workspace/AURA_V1/evidence/compile_closure_wcd937x_continuation_20260520_033221/artifacts/modules_dir/lib/modules/6.18.0-00006-g53d68d37d754/kernel/drivers/clk/mediatek/clk-mt8196-ovl1.ko
  INSTALL /local/mnt/workspace/AURA_V1/evidence/compile_closure_wcd937x_continuation_20260520_033221/artifacts/modules_dir/lib/modules/6.18.0-00006-g53d68d37d754/kernel/drivers/clk/meson/clk-phase.ko
  STRIP   /local/mnt/workspace/AURA_V1/evidence/compile_closure_wcd937x_continuation_20260520_033221/artifacts/modules_dir/lib/modules/6.18.0-00006-g53d68d37d754/kernel/drivers/clk/mediatek/clk-mt8196-vdec.ko
  STRIP   /local/mnt/workspace/AURA_V1/evidence/compile_closure_wcd937x_continuation_20260520_033221/artifacts/modules_dir/lib/modules/6.18.0-00006-g53d68d37d754/kernel/drivers/clk/mediatek/clk-mt8196-venc.ko
  INSTALL /local/mnt/workspace/AURA_V1/evidence/compile_closure_wcd937x_continuation_20260520_033221/artifacts/modules_dir/lib/modules/6.18.0-00006-g53d68d37d754/kernel/drivers/clk/meson/sclk-div.ko
  INSTALL /local/mnt/workspace/AURA_V1/evidence/compile_closure_wcd937x_continuation_20260520_033221/artifacts/modules_dir/lib/modules/6.18.0-00006-g53d68d37d754/kernel/drivers/clk/meson/axg-audio.ko
  STRIP   /local/mnt/workspace/AURA_V1/evidence/compile_closure_wcd937x_continuation_20260520_033221/artifacts/modules_dir/lib/modules/6.18.0-00006-g53d68d37d754/kernel/drivers/clk/meson/clk-phase.ko
  INSTALL /local/mnt/workspace/AURA_V1/evidence/compile_closure_wcd937x_continuation_20260520_033221/artifacts/modules_dir/lib/modules/6.18.0-00006-g53d68d37d754/kernel/drivers/clk/qcom/lpass-gfm-sm8250.ko
  INSTALL /local/mnt/workspace/AURA_V1/evidence/compile_closure_wcd937x_continuation_20260520_033221/artifacts/modules_dir/lib/modules/6.18.0-00006-g53d68d37d754/kernel/drivers/clk/qcom/camcc-x1e80100.ko
  STRIP   /local/mnt/workspace/AURA_V1/evidence/compile_closure_wcd937x_continuation_20260520_033221/artifacts/modules_dir/lib/modules/6.18.0-00006-g53d68d37d754/kernel/drivers/clk/meson/sclk-div.ko
  STRIP   /local/mnt/workspace/AURA_V1/evidence/compile_closure_wcd937x_continuation_20260520_033221/artifacts/modules_dir/lib/modules/6.18.0-00006-g53d68d37d754/kernel/drivers/clk/meson/axg-audio.ko
  INSTALL /local/mnt/workspace/AURA_V1/evidence/compile_closure_wcd937x_continuation_20260520_033221/artifacts/modules_dir/lib/modules/6.18.0-00006-g53d68d37d754/kernel/drivers/clk/qcom/dispcc-x1e80100.ko
  STRIP   /local/mnt/workspace/AURA_V1/evidence/compile_closure_wcd937x_continuation_20260520_033221/artifacts/modules_dir/lib/modules/6.18.0-00006-g53d68d37d754/kernel/drivers/clk/qcom/lpass-gfm-sm8250.ko
  STRIP   /local/mnt/workspace/AURA_V1/evidence/compile_closure_wcd937x_continuation_20260520_033221/artifacts/modules_dir/lib/modules/6.18.0-00006-g53d68d37d754/kernel/drivers/clk/qcom/camcc-x1e80100.ko
  INSTALL /local/mnt/workspace/AURA_V1/evidence/compile_closure_wcd937x_continuation_20260520_033221/artifacts/modules_dir/lib/modules/6.18.0-00006-g53d68d37d754/kernel/drivers/clk/qcom/gpucc-x1e80100.ko
  INSTALL /local/mnt/workspace/AURA_V1/evidence/compile_closure_wcd937x_continuation_20260520_033221/artifacts/modules_dir/lib/modules/6.18.0-00006-g53d68d37d754/kernel/drivers/clk/qcom/gpucc-x1p42100.ko
  INSTALL /local/mnt/workspace/AURA_V1/evidence/compile_closure_wcd937x_continuation_20260520_033221/artifacts/modules_dir/lib/modules/6.18.0-00006-g53d68d37d754/kernel/drivers/clk/qcom/gpucc-qcm2290.ko
  INSTALL /local/mnt/workspace/AURA_V1/evidence/compile_closure_wcd937x_continuation_20260520_033221/artifacts/modules_dir/lib/modules/6.18.0-00006-g53d68d37d754/kernel/drivers/clk/qcom/ipq-cmn-pll.ko
  STRIP   /local/mnt/workspace/AURA_V1/evidence/compile_closure_wcd937x_continuation_20260520_033221/artifacts/modules_dir/lib/modules/6.18.0-00006-g53d68d37d754/kernel/drivers/clk/qcom/dispcc-x1e80100.ko
  STRIP   /local/mnt/workspace/AURA_V1/evidence/compile_closure_wcd937x_continuation_20260520_033221/artifacts/modules_dir/lib/modules/6.18.0-00006-g53d68d37d754/kernel/drivers/clk/qcom/gpucc-x1e80100.ko
  STRIP   /local/mnt/workspace/AURA_V1/evidence/compile_closure_wcd937x_continuation_20260520_033221/artifacts/modules_dir/lib/modules/6.18.0-00006-g53d68d37d754/kernel/drivers/clk/qcom/gpucc-x1p42100.ko
  STRIP   /local/mnt/workspace/AURA_V1/evidence/compile_closure_wcd937x_continuation_20260520_033221/artifacts/modules_dir/lib/modules/6.18.0-00006-g53d68d37d754/kernel/drivers/clk/qcom/gpucc-qcm2290.ko
  STRIP   /local/mnt/workspace/AURA_V1/evidence/compile_closure_wcd937x_continuation_20260520_033221/artifacts/modules_dir/lib/modules/6.18.0-00006-g53d68d37d754/kernel/drivers/clk/qcom/ipq-cmn-pll.ko
  INSTALL /local/mnt/workspace/AURA_V1/evidence/compile_closure_wcd937x_continuation_20260520_033221/artifacts/modules_dir/lib/modules/6.18.0-00006-g53d68d37d754/kernel/drivers/clk/qcom/nsscc-ipq9574.ko
  INSTALL /local/mnt/workspace/AURA_V1/evidence/compile_closure_wcd937x_continuation_20260520_033221/artifacts/modules_dir/lib/modules/6.18.0-00006-g53d68d37d754/kernel/drivers/clk/qcom/mmcc-msm8994.ko
  INSTALL /local/mnt/workspace/AURA_V1/evidence/compile_closure_wcd937x_continuation_20260520_033221/artifacts/modules_dir/lib/modules/6.18.0-00006-g53d68d37d754/kernel/drivers/clk/qcom/mmcc-msm8996.ko
  INSTALL /local/mnt/workspace/AURA_V1/evidence/compile_closure_wcd937x_continuation_20260520_033221/artifacts/modules_dir/lib/modules/6.18.0-00006-g53d68d37d754/kernel/drivers/clk/qcom/mmcc-msm8998.ko
  STRIP   /local/mnt/workspace/AURA_V1/evidence/compile_closure_wcd937x_continuation_20260520_033221/artifacts/modules_dir/lib/modules/6.18.0-00006-g53d68d37d754/kernel/drivers/clk/qcom/nsscc-ipq9574.ko
  STRIP   /local/mnt/workspace/AURA_V1/evidence/compile_closure_wcd937x_continuation_20260520_033221/artifacts/modules_dir/lib/modules/6.18.0-00006-g53d68d37d754/kernel/drivers/clk/qcom/mmcc-msm8994.ko
  STRIP   /local/mnt/workspace/AURA_V1/evidence/compile_closure_wcd937x_continuation_20260520_033221/artifacts/modules_dir/lib/modules/6.18.0-00006-g53d68d37d754/kernel/drivers/clk/qcom/mmcc-msm8996.ko
  INSTALL /local/mnt/workspace/AURA_V1/evidence/compile_closure_wcd937x_continuation_20260520_033221/artifacts/modules_dir/lib/modules/6.18.0-00006-g53d68d37d754/kernel/drivers/clk/qcom/dispcc-qcm2290.ko
  INSTALL /local/mnt/workspace/AURA_V1/evidence/compile_closure_wcd937x_continuation_20260520_033221/artifacts/modules_dir/lib/modules/6.18.0-00006-g53d68d37d754/kernel/drivers/clk/qcom/dispcc-qcs615.ko
  STRIP   /local/mnt/workspace/AURA_V1/evidence/compile_closure_wcd937x_continuation_20260520_033221/artifacts/modules_dir/lib/modules/6.18.0-00006-g53d68d37d754/kernel/drivers/clk/qcom/mmcc-msm8998.ko
  INSTALL /local/mnt/workspace/AURA_V1/evidence/compile_closure_wcd937x_continuation_20260520_033221/artifacts/modules_dir/lib/modules/6.18.0-00006-g53d68d37d754/kernel/drivers/clk/qcom/camcc-qcs615.ko
  INSTALL /local/mnt/workspace/AURA_V1/evidence/compile_closure_wcd937x_continuation_20260520_033221/artifacts/modules_dir/lib/modules/6.18.0-00006-g53d68d37d754/kernel/drivers/clk/qcom/gpucc-qcs615.ko
  STRIP   /local/mnt/workspace/AURA_V1/evidence/compile_closure_wcd937x_continuation_20260520_033221/artifacts/modules_dir/lib/modules/6.18.0-00006-g53d68d37d754/kernel/drivers/clk/qcom/dispcc-qcs615.ko
  STRIP   /local/mnt/workspace/AURA_V1/evidence/compile_closure_wcd937x_continuation_20260520_033221/artifacts/modules_dir/lib/modules/6.18.0-00006-g53d68d37d754/kernel/drivers/clk/qcom/dispcc-qcm2290.ko
  STRIP   /local/mnt/workspace/AURA_V1/evidence/compile_closure_wcd937x_continuation_20260520_033221/artifacts/modules_dir/lib/modules/6.18.0-00006-g53d68d37d754/kernel/drivers/clk/qcom/camcc-qcs615.ko
  STRIP   /local/mnt/workspace/AURA_V1/evidence/compile_closure_wcd937x_continuation_20260520_033221/artifacts/modules_dir/lib/modules/6.18.0-00006-g53d68d37d754/kernel/drivers/clk/qcom/gpucc-qcs615.ko
  INSTALL /local/mnt/workspace/AURA_V1/evidence/compile_closure_wcd937x_continuation_20260520_033221/artifacts/modules_dir/lib/modules/6.18.0-00006-g53d68d37d754/kernel/drivers/clk/qcom/videocc-qcs615.ko
  INSTALL /local/mnt/workspace/AURA_V1/evidence/compile_closure_wcd937x_continuation_20260520_033221/artifacts/modules_dir/lib/modules/6.18.0-00006-g53d68d37d754/kernel/drivers/clk/qcom/camcc-sc7280.ko
  INSTALL /local/mnt/workspace/AURA_V1/evidence/compile_closure_wcd937x_continuation_20260520_033221/artifacts/modules_dir/lib/modules/6.18.0-00006-g53d68d37d754/kernel/drivers/clk/qcom/camcc-sc8280xp.ko
  INSTALL /local/mnt/workspace/AURA_V1/evidence/compile_closure_wcd937x_continuation_20260520_033221/artifacts/modules_dir/lib/modules/6.18.0-00006-g53d68d37d754/kernel/drivers/clk/qcom/dispcc-sc7280.ko
  STRIP   /local/mnt/workspace/AURA_V1/evidence/compile_closure_wcd937x_continuation_20260520_033221/artifacts/modules_dir/lib/modules/6.18.0-00006-g53d68d37d754/kernel/drivers/clk/qcom/videocc-qcs615.ko
  INSTALL /local/mnt/workspace/AURA_V1/evidence/compile_closure_wcd937x_continuation_20260520_033221/artifacts/modules_dir/lib/modules/6.18.0-00006-g53d68d37d754/kernel/drivers/clk/qcom/dispcc-sc8280xp.ko
  STRIP   /local/mnt/workspace/AURA_V1/evidence/compile_closure_wcd937x_continuation_20260520_033221/artifacts/modules_dir/lib/modules/6.18.0-00006-g53d68d37d754/kernel/drivers/clk/qcom/camcc-sc8280xp.ko
  STRIP   /local/mnt/workspace/AURA_V1/evidence/compile_closure_wcd937x_continuation_20260520_033221/artifacts/modules_dir/lib/modules/6.18.0-00006-g53d68d37d754/kernel/drivers/clk/qcom/camcc-sc7280.ko
  STRIP   /local/mnt/workspace/AURA_V1/evidence/compile_closure_wcd937x_continuation_20260520_033221/artifacts/modules_dir/lib/modules/6.18.0-00006-g53d68d37d754/kernel/drivers/clk/qcom/dispcc-sc7280.ko
  INSTALL /local/mnt/workspace/AURA_V1/evidence/compile_closure_wcd937x_continuation_20260520_033221/artifacts/modules_dir/lib/modules/6.18.0-00006-g53d68d37d754/kernel/drivers/clk/qcom/camcc-sa8775p.ko
  INSTALL /local/mnt/workspace/AURA_V1/evidence/compile_closure_wcd937x_continuation_20260520_033221/artifacts/modules_dir/lib/modules/6.18.0-00006-g53d68d37d754/kernel/drivers/clk/qcom/dispcc0-sa8775p.ko
  INSTALL /local/mnt/workspace/AURA_V1/evidence/compile_closure_wcd937x_continuation_20260520_033221/artifacts/modules_dir/lib/modules/6.18.0-00006-g53d68d37d754/kernel/drivers/clk/qcom/dispcc1-sa8775p.ko
  STRIP   /local/mnt/workspace/AURA_V1/evidence/compile_closure_wcd937x_continuation_20260520_033221/artifacts/modules_dir/lib/modules/6.18.0-00006-g53d68d37d754/kernel/drivers/clk/qcom/dispcc-sc8280xp.ko
  INSTALL /local/mnt/workspace/AURA_V1/evidence/compile_closure_wcd937x_continuation_20260520_033221/artifacts/modules_dir/lib/modules/6.18.0-00006-g53d68d37d754/kernel/drivers/clk/qcom/gpucc-sa8775p.ko
  STRIP   /local/mnt/workspace/AURA_V1/evidence/compile_closure_wcd937x_continuation_20260520_033221/artifacts/modules_dir/lib/modules/6.18.0-00006-g53d68d37d754/kernel/drivers/clk/qcom/camcc-sa8775p.ko
  STRIP   /local/mnt/workspace/AURA_V1/evidence/compile_closure_wcd937x_continuation_20260520_033221/artifacts/modules_dir/lib/modules/6.18.0-00006-g53d68d37d754/kernel/drivers/clk/qcom/dispcc0-sa8775p.ko
  STRIP   /local/mnt/workspace/AURA_V1/evidence/compile_closure_wcd937x_continuation_20260520_033221/artifacts/modules_dir/lib/modules/6.18.0-00006-g53d68d37d754/kernel/drivers/clk/qcom/dispcc1-sa8775p.ko
  INSTALL /local/mnt/workspace/AURA_V1/evidence/compile_closure_wcd937x_continuation_20260520_033221/artifacts/modules_dir/lib/modules/6.18.0-00006-g53d68d37d754/kernel/drivers/clk/qcom/videocc-sa8775p.ko
  STRIP   /local/mnt/workspace/AURA_V1/evidence/compile_closure_wcd937x_continuation_20260520_033221/artifacts/modules_dir/lib/modules/6.18.0-00006-g53d68d37d754/kernel/drivers/clk/qcom/gpucc-sa8775p.ko
  INSTALL /local/mnt/workspace/AURA_V1/evidence/compile_closure_wcd937x_continuation_20260520_033221/artifacts/modules_dir/lib/modules/6.18.0-00006-g53d68d37d754/kernel/drivers/clk/qcom/gpucc-sc7280.ko
  INSTALL /local/mnt/workspace/AURA_V1/evidence/compile_closure_wcd937x_continuation_20260520_033221/artifacts/modules_dir/lib/modules/6.18.0-00006-g53d68d37d754/kernel/drivers/clk/qcom/gpucc-sc8280xp.ko
  STRIP   /local/mnt/workspace/AURA_V1/evidence/compile_closure_wcd937x_continuation_20260520_033221/artifacts/modules_dir/lib/modules/6.18.0-00006-g53d68d37d754/kernel/drivers/clk/qcom/videocc-sa8775p.ko
  INSTALL /local/mnt/workspace/AURA_V1/evidence/compile_closure_wcd937x_continuation_20260520_033221/artifacts/modules_dir/lib/modules/6.18.0-00006-g53d68d37d754/kernel/drivers/clk/qcom/lpasscc-sc8280xp.ko
  STRIP   /local/mnt/workspace/AURA_V1/evidence/compile_closure_wcd937x_continuation_20260520_033221/artifacts/modules_dir/lib/modules/6.18.0-00006-g53d68d37d754/kernel/drivers/clk/qcom/gpucc-sc7280.ko
  STRIP   /local/mnt/workspace/AURA_V1/evidence/compile_closure_wcd937x_continuation_20260520_033221/artifacts/modules_dir/lib/modules/6.18.0-00006-g53d68d37d754/kernel/drivers/clk/qcom/gpucc-sc8280xp.ko
  INSTALL /local/mnt/workspace/AURA_V1/evidence/compile_closure_wcd937x_continuation_20260520_033221/artifacts/modules_dir/lib/modules/6.18.0-00006-g53d68d37d754/kernel/drivers/clk/qcom/lpasscorecc-sc7280.ko
  INSTALL /local/mnt/workspace/AURA_V1/evidence/compile_closure_wcd937x_continuation_20260520_033221/artifacts/modules_dir/lib/modules/6.18.0-00006-g53d68d37d754/kernel/drivers/clk/qcom/lpassaudiocc-sc7280.ko
  STRIP   /local/mnt/workspace/AURA_V1/evidence/compile_closure_wcd937x_continuation_20260520_033221/artifacts/modules_dir/lib/modules/6.18.0-00006-g53d68d37d754/kernel/drivers/clk/qcom/lpasscc-sc8280xp.ko
  INSTALL /local/mnt/workspace/AURA_V1/evidence/compile_closure_wcd937x_continuation_20260520_033221/artifacts/modules_dir/lib/modules/6.18.0-00006-g53d68d37d754/kernel/drivers/clk/qcom/videocc-sc7280.ko
  INSTALL /local/mnt/workspace/AURA_V1/evidence/compile_closure_wcd937x_continuation_20260520_033221/artifacts/modules_dir/lib/modules/6.18.0-00006-g53d68d37d754/kernel/drivers/clk/qcom/camcc-sdm845.ko
  STRIP   /local/mnt/workspace/AURA_V1/evidence/compile_closure_wcd937x_continuation_20260520_033221/artifacts/modules_dir/lib/modules/6.18.0-00006-g53d68d37d754/kernel/drivers/clk/qcom/lpasscorecc-sc7280.ko
  INSTALL /local/mnt/workspace/AURA_V1/evidence/compile_closure_wcd937x_continuation_20260520_033221/artifacts/modules_dir/lib/modules/6.18.0-00006-g53d68d37d754/kernel/drivers/clk/qcom/lpasscc-sdm845.ko
  INSTALL /local/mnt/workspace/AURA_V1/evidence/compile_closure_wcd937x_continuation_20260520_033221/artifacts/modules_dir/lib/modules/6.18.0-00006-g53d68d37d754/kernel/drivers/clk/qcom/camcc-sm8250.ko
  STRIP   /local/mnt/workspace/AURA_V1/evidence/compile_closure_wcd937x_continuation_20260520_033221/artifacts/modules_dir/lib/modules/6.18.0-00006-g53d68d37d754/kernel/drivers/clk/qcom/lpassaudiocc-sc7280.ko
  STRIP   /local/mnt/workspace/AURA_V1/evidence/compile_closure_wcd937x_continuation_20260520_033221/artifacts/modules_dir/lib/modules/6.18.0-00006-g53d68d37d754/kernel/drivers/clk/qcom/videocc-sc7280.ko
  STRIP   /local/mnt/workspace/AURA_V1/evidence/compile_closure_wcd937x_continuation_20260520_033221/artifacts/modules_dir/lib/modules/6.18.0-00006-g53d68d37d754/kernel/drivers/clk/qcom/camcc-sdm845.ko
  INSTALL /local/mnt/workspace/AURA_V1/evidence/compile_closure_wcd937x_continuation_20260520_033221/artifacts/modules_dir/lib/modules/6.18.0-00006-g53d68d37d754/kernel/drivers/clk/qcom/camcc-sm8550.ko
  STRIP   /local/mnt/workspace/AURA_V1/evidence/compile_closure_wcd937x_continuation_20260520_033221/artifacts/modules_dir/lib/modules/6.18.0-00006-g53d68d37d754/kernel/drivers/clk/qcom/lpasscc-sdm845.ko
  STRIP   /local/mnt/workspace/AURA_V1/evidence/compile_closure_wcd937x_continuation_20260520_033221/artifacts/modules_dir/lib/modules/6.18.0-00006-g53d68d37d754/kernel/drivers/clk/qcom/camcc-sm8250.ko
  INSTALL /local/mnt/workspace/AURA_V1/evidence/compile_closure_wcd937x_continuation_20260520_033221/artifacts/modules_dir/lib/modules/6.18.0-00006-g53d68d37d754/kernel/drivers/clk/qcom/camcc-sm8650.ko
  INSTALL /local/mnt/workspace/AURA_V1/evidence/compile_closure_wcd937x_continuation_20260520_033221/artifacts/modules_dir/lib/modules/6.18.0-00006-g53d68d37d754/kernel/drivers/clk/qcom/dispcc-sm6115.ko
  STRIP   /local/mnt/workspace/AURA_V1/evidence/compile_closure_wcd937x_continuation_20260520_033221/artifacts/modules_dir/lib/modules/6.18.0-00006-g53d68d37d754/kernel/drivers/clk/qcom/camcc-sm8550.ko
  STRIP   /local/mnt/workspace/AURA_V1/evidence/compile_closure_wcd937x_continuation_20260520_033221/artifacts/modules_dir/lib/modules/6.18.0-00006-g53d68d37d754/kernel/drivers/clk/qcom/camcc-sm8650.ko
  INSTALL /local/mnt/workspace/AURA_V1/evidence/compile_closure_wcd937x_continuation_20260520_033221/artifacts/modules_dir/lib/modules/6.18.0-00006-g53d68d37d754/kernel/drivers/clk/qcom/dispcc-sm8450.ko
  STRIP   /local/mnt/workspace/AURA_V1/evidence/compile_closure_wcd937x_continuation_20260520_033221/artifacts/modules_dir/lib/modules/6.18.0-00006-g53d68d37d754/kernel/drivers/clk/qcom/dispcc-sm6115.ko
  INSTALL /local/mnt/workspace/AURA_V1/evidence/compile_closure_wcd937x_continuation_20260520_033221/artifacts/modules_dir/lib/modules/6.18.0-00006-g53d68d37d754/kernel/drivers/clk/qcom/dispcc-sm8550.ko
  INSTALL /local/mnt/workspace/AURA_V1/evidence/compile_closure_wcd937x_continuation_20260520_033221/artifacts/modules_dir/lib/modules/6.18.0-00006-g53d68d37d754/kernel/drivers/clk/qcom/dispcc-sm8750.ko
  INSTALL /local/mnt/workspace/AURA_V1/evidence/compile_closure_wcd937x_continuation_20260520_033221/artifacts/modules_dir/lib/modules/6.18.0-00006-g53d68d37d754/kernel/drivers/clk/qcom/gpucc-sm6115.ko
  INSTALL /local/mnt/workspace/AURA_V1/evidence/compile_closure_wcd937x_continuation_20260520_033221/artifacts/modules_dir/lib/modules/6.18.0-00006-g53d68d37d754/kernel/drivers/clk/qcom/gpucc-sm8350.ko
  STRIP   /local/mnt/workspace/AURA_V1/evidence/compile_closure_wcd937x_continuation_20260520_033221/artifacts/modules_dir/lib/modules/6.18.0-00006-g53d68d37d754/kernel/drivers/clk/qcom/dispcc-sm8450.ko
  STRIP   /local/mnt/workspace/AURA_V1/evidence/compile_closure_wcd937x_continuation_20260520_033221/artifacts/modules_dir/lib/modules/6.18.0-00006-g53d68d37d754/kernel/drivers/clk/qcom/dispcc-sm8550.ko
  STRIP   /local/mnt/workspace/AURA_V1/evidence/compile_closure_wcd937x_continuation_20260520_033221/artifacts/modules_dir/lib/modules/6.18.0-00006-g53d68d37d754/kernel/drivers/clk/qcom/dispcc-sm8750.ko
  STRIP   /local/mnt/workspace/AURA_V1/evidence/compile_closure_wcd937x_continuation_20260520_033221/artifacts/modules_dir/lib/modules/6.18.0-00006-g53d68d37d754/kernel/drivers/clk/qcom/gpucc-sm6115.ko
  STRIP   /local/mnt/workspace/AURA_V1/evidence/compile_closure_wcd937x_continuation_20260520_033221/artifacts/modules_dir/lib/modules/6.18.0-00006-g53d68d37d754/kernel/drivers/clk/qcom/gpucc-sm8350.ko
  INSTALL /local/mnt/workspace/AURA_V1/evidence/compile_closure_wcd937x_continuation_20260520_033221/artifacts/modules_dir/lib/modules/6.18.0-00006-g53d68d37d754/kernel/drivers/clk/qcom/gpucc-sm8450.ko
  INSTALL /local/mnt/workspace/AURA_V1/evidence/compile_closure_wcd937x_continuation_20260520_033221/artifacts/modules_dir/lib/modules/6.18.0-00006-g53d68d37d754/kernel/drivers/clk/qcom/gpucc-sm8550.ko
  INSTALL /local/mnt/workspace/AURA_V1/evidence/compile_closure_wcd937x_continuation_20260520_033221/artifacts/modules_dir/lib/modules/6.18.0-00006-g53d68d37d754/kernel/drivers/clk/qcom/gpucc-sm8650.ko
  STRIP   /local/mnt/workspace/AURA_V1/evidence/compile_closure_wcd937x_continuation_20260520_033221/artifacts/modules_dir/lib/modules/6.18.0-00006-g53d68d37d754/kernel/drivers/clk/qcom/gpucc-sm8450.ko
  STRIP   /local/mnt/workspace/AURA_V1/evidence/compile_closure_wcd937x_continuation_20260520_033221/artifacts/modules_dir/lib/modules/6.18.0-00006-g53d68d37d754/kernel/drivers/clk/qcom/gpucc-sm8550.ko
  STRIP   /local/mnt/workspace/AURA_V1/evidence/compile_closure_wcd937x_continuation_20260520_033221/artifacts/modules_dir/lib/modules/6.18.0-00006-g53d68d37d754/kernel/drivers/clk/qcom/gpucc-sm8650.ko
  INSTALL /local/mnt/workspace/AURA_V1/evidence/compile_closure_wcd937x_continuation_20260520_033221/artifacts/modules_dir/lib/modules/6.18.0-00006-g53d68d37d754/kernel/drivers/clk/qcom/tcsrcc-sm8750.ko
  INSTALL /local/mnt/workspace/AURA_V1/evidence/compile_closure_wcd937x_continuation_20260520_033221/artifacts/modules_dir/lib/modules/6.18.0-00006-g53d68d37d754/kernel/drivers/clk/qcom/videocc-sm8450.ko
  INSTALL /local/mnt/workspace/AURA_V1/evidence/compile_closure_wcd937x_continuation_20260520_033221/artifacts/modules_dir/lib/modules/6.18.0-00006-g53d68d37d754/kernel/drivers/clk/qcom/videocc-sm8550.ko
  INSTALL /local/mnt/workspace/AURA_V1/evidence/compile_closure_wcd937x_continuation_20260520_033221/artifacts/modules_dir/lib/modules/6.18.0-00006-g53d68d37d754/kernel/drivers/clk/renesas/clk-vbattb.ko
  INSTALL /local/mnt/workspace/AURA_V1/evidence/compile_closure_wcd937x_continuation_20260520_033221/artifacts/modules_dir/lib/modules/6.18.0-00006-g53d68d37d754/kernel/drivers/clk/clk-bd718x7.ko
  STRIP   /local/mnt/workspace/AURA_V1/evidence/compile_closure_wcd937x_continuation_20260520_033221/artifacts/modules_dir/lib/modules/6.18.0-00006-g53d68d37d754/kernel/drivers/clk/qcom/tcsrcc-sm8750.ko
  STRIP   /local/mnt/workspace/AURA_V1/evidence/compile_closure_wcd937x_continuation_20260520_033221/artifacts/modules_dir/lib/modules/6.18.0-00006-g53d68d37d754/kernel/drivers/clk/qcom/videocc-sm8450.ko
  STRIP   /local/mnt/workspace/AURA_V1/evidence/compile_closure_wcd937x_continuation_20260520_033221/artifacts/modules_dir/lib/modules/6.18.0-00006-g53d68d37d754/kernel/drivers/clk/qcom/videocc-sm8550.ko
  STRIP   /local/mnt/workspace/AURA_V1/evidence/compile_closure_wcd937x_continuation_20260520_033221/artifacts/modules_dir/lib/modules/6.18.0-00006-g53d68d37d754/kernel/drivers/clk/renesas/clk-vbattb.ko
  STRIP   /local/mnt/workspace/AURA_V1/evidence/compile_closure_wcd937x_continuation_20260520_033221/artifacts/modules_dir/lib/modules/6.18.0-00006-g53d68d37d754/kernel/drivers/clk/clk-bd718x7.ko
  INSTALL /local/mnt/workspace/AURA_V1/evidence/compile_closure_wcd937x_continuation_20260520_033221/artifacts/modules_dir/lib/modules/6.18.0-00006-g53d68d37d754/kernel/drivers/clk/clk-rp1.ko
  INSTALL /local/mnt/workspace/AURA_V1/evidence/compile_closure_wcd937x_continuation_20260520_033221/artifacts/modules_dir/lib/modules/6.18.0-00006-g53d68d37d754/kernel/drivers/dma/sh/usb-dmac.ko
  INSTALL /local/mnt/workspace/AURA_V1/evidence/compile_closure_wcd937x_continuation_20260520_033221/artifacts/modules_dir/lib/modules/6.18.0-00006-g53d68d37d754/kernel/drivers/dma/mediatek/mtk-uart-apdma.ko
  STRIP   /local/mnt/workspace/AURA_V1/evidence/compile_closure_wcd937x_continuation_20260520_033221/artifacts/modules_dir/lib/modules/6.18.0-00006-g53d68d37d754/kernel/drivers/clk/clk-rp1.ko
  STRIP   /local/mnt/workspace/AURA_V1/evidence/compile_closure_wcd937x_continuation_20260520_033221/artifacts/modules_dir/lib/modules/6.18.0-00006-g53d68d37d754/kernel/drivers/dma/sh/usb-dmac.ko
  STRIP   /local/mnt/workspace/AURA_V1/evidence/compile_closure_wcd937x_continuation_20260520_033221/artifacts/modules_dir/lib/modules/6.18.0-00006-g53d68d37d754/kernel/drivers/dma/mediatek/mtk-uart-apdma.ko
  INSTALL /local/mnt/workspace/AURA_V1/evidence/compile_closure_wcd937x_continuation_20260520_033221/artifacts/modules_dir/lib/modules/6.18.0-00006-g53d68d37d754/kernel/drivers/dma/qcom/gpi.ko
  INSTALL /local/mnt/workspace/AURA_V1/evidence/compile_closure_wcd937x_continuation_20260520_033221/artifacts/modules_dir/lib/modules/6.18.0-00006-g53d68d37d754/kernel/drivers/dma/stm32/stm32-dma3.ko
  INSTALL /local/mnt/workspace/AURA_V1/evidence/compile_closure_wcd937x_continuation_20260520_033221/artifacts/modules_dir/lib/modules/6.18.0-00006-g53d68d37d754/kernel/drivers/dma/bcm-sba-raid.ko
  INSTALL /local/mnt/workspace/AURA_V1/evidence/compile_closure_wcd937x_continuation_20260520_033221/artifacts/modules_dir/lib/modules/6.18.0-00006-g53d68d37d754/kernel/drivers/dma/sun6i-dma.ko
  INSTALL /local/mnt/workspace/AURA_V1/evidence/compile_closure_wcd937x_continuation_20260520_033221/artifacts/modules_dir/lib/modules/6.18.0-00006-g53d68d37d754/kernel/drivers/dma/dw-edma/dw-edma.ko
  STRIP   /local/mnt/workspace/AURA_V1/evidence/compile_closure_wcd937x_continuation_20260520_033221/artifacts/modules_dir/lib/modules/6.18.0-00006-g53d68d37d754/kernel/drivers/dma/qcom/gpi.ko
  STRIP   /local/mnt/workspace/AURA_V1/evidence/compile_closure_wcd937x_continuation_20260520_033221/artifacts/modules_dir/lib/modules/6.18.0-00006-g53d68d37d754/kernel/drivers/dma/stm32/stm32-dma3.ko
  STRIP   /local/mnt/workspace/AURA_V1/evidence/compile_closure_wcd937x_continuation_20260520_033221/artifacts/modules_dir/lib/modules/6.18.0-00006-g53d68d37d754/kernel/drivers/dma/bcm-sba-raid.ko
  STRIP   /local/mnt/workspace/AURA_V1/evidence/compile_closure_wcd937x_continuation_20260520_033221/artifacts/modules_dir/lib/modules/6.18.0-00006-g53d68d37d754/kernel/drivers/dma/sun6i-dma.ko
  INSTALL /local/mnt/workspace/AURA_V1/evidence/compile_closure_wcd937x_continuation_20260520_033221/artifacts/modules_dir/lib/modules/6.18.0-00006-g53d68d37d754/kernel/drivers/dma/imx-sdma.ko
  STRIP   /local/mnt/workspace/AURA_V1/evidence/compile_closure_wcd937x_continuation_20260520_033221/artifacts/modules_dir/lib/modules/6.18.0-00006-g53d68d37d754/kernel/drivers/dma/dw-edma/dw-edma.ko
  INSTALL /local/mnt/workspace/AURA_V1/evidence/compile_closure_wcd937x_continuation_20260520_033221/artifacts/modules_dir/lib/modules/6.18.0-00006-g53d68d37d754/kernel/drivers/dma/tegra210-adma.ko
  INSTALL /local/mnt/workspace/AURA_V1/evidence/compile_closure_wcd937x_continuation_20260520_033221/artifacts/modules_dir/lib/modules/6.18.0-00006-g53d68d37d754/kernel/drivers/soc/mediatek/mtk-cmdq-helper.ko
  INSTALL /local/mnt/workspace/AURA_V1/evidence/compile_closure_wcd937x_continuation_20260520_033221/artifacts/modules_dir/lib/modules/6.18.0-00006-g53d68d37d754/kernel/drivers/soc/mediatek/mtk-devapc.ko
  STRIP   /local/mnt/workspace/AURA_V1/evidence/compile_closure_wcd937x_continuation_20260520_033221/artifacts/modules_dir/lib/modules/6.18.0-00006-g53d68d37d754/kernel/drivers/dma/imx-sdma.ko
  STRIP   /local/mnt/workspace/AURA_V1/evidence/compile_closure_wcd937x_continuation_20260520_033221/artifacts/modules_dir/lib/modules/6.18.0-00006-g53d68d37d754/kernel/drivers/dma/tegra210-adma.ko
  STRIP   /local/mnt/workspace/AURA_V1/evidence/compile_closure_wcd937x_continuation_20260520_033221/artifacts/modules_dir/lib/modules/6.18.0-00006-g53d68d37d754/kernel/drivers/soc/mediatek/mtk-cmdq-helper.ko
  INSTALL /local/mnt/workspace/AURA_V1/evidence/compile_closure_wcd937x_continuation_20260520_033221/artifacts/modules_dir/lib/modules/6.18.0-00006-g53d68d37d754/kernel/drivers/soc/mediatek/mtk-mmsys.ko
  INSTALL /local/mnt/workspace/AURA_V1/evidence/compile_closure_wcd937x_continuation_20260520_033221/artifacts/modules_dir/lib/modules/6.18.0-00006-g53d68d37d754/kernel/drivers/soc/mediatek/mtk-mutex.ko
  INSTALL /local/mnt/workspace/AURA_V1/evidence/compile_closure_wcd937x_continuation_20260520_033221/artifacts/modules_dir/lib/modules/6.18.0-00006-g53d68d37d754/kernel/drivers/soc/mediatek/mtk-svs.ko
  STRIP   /local/mnt/workspace/AURA_V1/evidence/compile_closure_wcd937x_continuation_20260520_033221/artifacts/modules_dir/lib/modules/6.18.0-00006-g53d68d37d754/kernel/drivers/soc/mediatek/mtk-devapc.ko
  INSTALL /local/mnt/workspace/AURA_V1/evidence/compile_closure_wcd937x_continuation_20260520_033221/artifacts/modules_dir/lib/modules/6.18.0-00006-g53d68d37d754/kernel/drivers/soc/amlogic/meson-canvas.ko
  STRIP   /local/mnt/workspace/AURA_V1/evidence/compile_closure_wcd937x_continuation_20260520_033221/artifacts/modules_dir/lib/modules/6.18.0-00006-g53d68d37d754/kernel/drivers/soc/mediatek/mtk-mutex.ko
  STRIP   /local/mnt/workspace/AURA_V1/evidence/compile_closure_wcd937x_continuation_20260520_033221/artifacts/modules_dir/lib/modules/6.18.0-00006-g53d68d37d754/kernel/drivers/soc/mediatek/mtk-mmsys.ko
  STRIP   /local/mnt/workspace/AURA_V1/evidence/compile_closure_wcd937x_continuation_20260520_033221/artifacts/modules_dir/lib/modules/6.18.0-00006-g53d68d37d754/kernel/drivers/soc/mediatek/mtk-svs.ko
  INSTALL /local/mnt/workspace/AURA_V1/evidence/compile_closure_wcd937x_continuation_20260520_033221/artifacts/modules_dir/lib/modules/6.18.0-00006-g53d68d37d754/kernel/drivers/soc/qcom/mdt_loader.ko
  STRIP   /local/mnt/workspace/AURA_V1/evidence/compile_closure_wcd937x_continuation_20260520_033221/artifacts/modules_dir/lib/modules/6.18.0-00006-g53d68d37d754/kernel/drivers/soc/amlogic/meson-canvas.ko
  INSTALL /local/mnt/workspace/AURA_V1/evidence/compile_closure_wcd937x_continuation_20260520_033221/artifacts/modules_dir/lib/modules/6.18.0-00006-g53d68d37d754/kernel/drivers/soc/qcom/ocmem.ko
  INSTALL /local/mnt/workspace/AURA_V1/evidence/compile_closure_wcd937x_continuation_20260520_033221/artifacts/modules_dir/lib/modules/6.18.0-00006-g53d68d37d754/kernel/drivers/soc/qcom/qcom_pd_mapper.ko
  INSTALL /local/mnt/workspace/AURA_V1/evidence/compile_closure_wcd937x_continuation_20260520_033221/artifacts/modules_dir/lib/modules/6.18.0-00006-g53d68d37d754/kernel/drivers/soc/qcom/pdr_interface.ko
  STRIP   /local/mnt/workspace/AURA_V1/evidence/compile_closure_wcd937x_continuation_20260520_033221/artifacts/modules_dir/lib/modules/6.18.0-00006-g53d68d37d754/kernel/drivers/soc/qcom/mdt_loader.ko
  STRIP   /local/mnt/workspace/AURA_V1/evidence/compile_closure_wcd937x_continuation_20260520_033221/artifacts/modules_dir/lib/modules/6.18.0-00006-g53d68d37d754/kernel/drivers/soc/qcom/ocmem.ko
  INSTALL /local/mnt/workspace/AURA_V1/evidence/compile_closure_wcd937x_continuation_20260520_033221/artifacts/modules_dir/lib/modules/6.18.0-00006-g53d68d37d754/kernel/drivers/soc/qcom/qcom_pdr_msg.ko
  STRIP   /local/mnt/workspace/AURA_V1/evidence/compile_closure_wcd937x_continuation_20260520_033221/artifacts/modules_dir/lib/modules/6.18.0-00006-g53d68d37d754/kernel/drivers/soc/qcom/qcom_pd_mapper.ko
  STRIP   /local/mnt/workspace/AURA_V1/evidence/compile_closure_wcd937x_continuation_20260520_033221/artifacts/modules_dir/lib/modules/6.18.0-00006-g53d68d37d754/kernel/drivers/soc/qcom/pdr_interface.ko
  INSTALL /local/mnt/workspace/AURA_V1/evidence/compile_closure_wcd937x_continuation_20260520_033221/artifacts/modules_dir/lib/modules/6.18.0-00006-g53d68d37d754/kernel/drivers/soc/qcom/pmic_glink.ko
  INSTALL /local/mnt/workspace/AURA_V1/evidence/compile_closure_wcd937x_continuation_20260520_033221/artifacts/modules_dir/lib/modules/6.18.0-00006-g53d68d37d754/kernel/drivers/soc/qcom/pmic_glink_altmode.ko
  STRIP   /local/mnt/workspace/AURA_V1/evidence/compile_closure_wcd937x_continuation_20260520_033221/artifacts/modules_dir/lib/modules/6.18.0-00006-g53d68d37d754/kernel/drivers/soc/qcom/qcom_pdr_msg.ko
  INSTALL /local/mnt/workspace/AURA_V1/evidence/compile_closure_wcd937x_continuation_20260520_033221/artifacts/modules_dir/lib/modules/6.18.0-00006-g53d68d37d754/kernel/drivers/soc/qcom/qmi_helpers.ko
  STRIP   /local/mnt/workspace/AURA_V1/evidence/compile_closure_wcd937x_continuation_20260520_033221/artifacts/modules_dir/lib/modules/6.18.0-00006-g53d68d37d754/kernel/drivers/soc/qcom/pmic_glink.ko
  INSTALL /local/mnt/workspace/AURA_V1/evidence/compile_closure_wcd937x_continuation_20260520_033221/artifacts/modules_dir/lib/modules/6.18.0-00006-g53d68d37d754/kernel/drivers/soc/qcom/rmtfs_mem.ko
  STRIP   /local/mnt/workspace/AURA_V1/evidence/compile_closure_wcd937x_continuation_20260520_033221/artifacts/modules_dir/lib/modules/6.18.0-00006-g53d68d37d754/kernel/drivers/soc/qcom/pmic_glink_altmode.ko
  INSTALL /local/mnt/workspace/AURA_V1/evidence/compile_closure_wcd937x_continuation_20260520_033221/artifacts/modules_dir/lib/modules/6.18.0-00006-g53d68d37d754/kernel/drivers/soc/qcom/socinfo.ko
  STRIP   /local/mnt/workspace/AURA_V1/evidence/compile_closure_wcd937x_continuation_20260520_033221/artifacts/modules_dir/lib/modules/6.18.0-00006-g53d68d37d754/kernel/drivers/soc/qcom/qmi_helpers.ko
  INSTALL /local/mnt/workspace/AURA_V1/evidence/compile_closure_wcd937x_continuation_20260520_033221/artifacts/modules_dir/lib/modules/6.18.0-00006-g53d68d37d754/kernel/drivers/soc/qcom/spm.ko
  STRIP   /local/mnt/workspace/AURA_V1/evidence/compile_closure_wcd937x_continuation_20260520_033221/artifacts/modules_dir/lib/modules/6.18.0-00006-g53d68d37d754/kernel/drivers/soc/qcom/rmtfs_mem.ko
  INSTALL /local/mnt/workspace/AURA_V1/evidence/compile_closure_wcd937x_continuation_20260520_033221/artifacts/modules_dir/lib/modules/6.18.0-00006-g53d68d37d754/kernel/drivers/soc/qcom/qcom_stats.ko
  INSTALL /local/mnt/workspace/AURA_V1/evidence/compile_closure_wcd937x_continuation_20260520_033221/artifacts/modules_dir/lib/modules/6.18.0-00006-g53d68d37d754/kernel/drivers/soc/qcom/wcnss_ctrl.ko
  STRIP   /local/mnt/workspace/AURA_V1/evidence/compile_closure_wcd937x_continuation_20260520_033221/artifacts/modules_dir/lib/modules/6.18.0-00006-g53d68d37d754/kernel/drivers/soc/qcom/socinfo.ko
  STRIP   /local/mnt/workspace/AURA_V1/evidence/compile_closure_wcd937x_continuation_20260520_033221/artifacts/modules_dir/lib/modules/6.18.0-00006-g53d68d37d754/kernel/drivers/soc/qcom/spm.ko
  STRIP   /local/mnt/workspace/AURA_V1/evidence/compile_closure_wcd937x_continuation_20260520_033221/artifacts/modules_dir/lib/modules/6.18.0-00006-g53d68d37d754/kernel/drivers/soc/qcom/qcom_stats.ko
  STRIP   /local/mnt/workspace/AURA_V1/evidence/compile_closure_wcd937x_continuation_20260520_033221/artifacts/modules_dir/lib/modules/6.18.0-00006-g53d68d37d754/kernel/drivers/soc/qcom/wcnss_ctrl.ko
  INSTALL /local/mnt/workspace/AURA_V1/evidence/compile_closure_wcd937x_continuation_20260520_033221/artifacts/modules_dir/lib/modules/6.18.0-00006-g53d68d37d754/kernel/drivers/soc/qcom/apr.ko
  INSTALL /local/mnt/workspace/AURA_V1/evidence/compile_closure_wcd937x_continuation_20260520_033221/artifacts/modules_dir/lib/modules/6.18.0-00006-g53d68d37d754/kernel/drivers/soc/qcom/llcc-qcom.ko
  INSTALL /local/mnt/workspace/AURA_V1/evidence/compile_closure_wcd937x_continuation_20260520_033221/artifacts/modules_dir/lib/modules/6.18.0-00006-g53d68d37d754/kernel/drivers/soc/qcom/icc-bwmon.ko
  INSTALL /local/mnt/workspace/AURA_V1/evidence/compile_closure_wcd937x_continuation_20260520_033221/artifacts/modules_dir/lib/modules/6.18.0-00006-g53d68d37d754/kernel/drivers/soc/qcom/qcom-pbs.ko
  STRIP   /local/mnt/workspace/AURA_V1/evidence/compile_closure_wcd937x_continuation_20260520_033221/artifacts/modules_dir/lib/modules/6.18.0-00006-g53d68d37d754/kernel/drivers/soc/qcom/apr.ko
  STRIP   /local/mnt/workspace/AURA_V1/evidence/compile_closure_wcd937x_continuation_20260520_033221/artifacts/modules_dir/lib/modules/6.18.0-00006-g53d68d37d754/kernel/drivers/soc/qcom/llcc-qcom.ko
  INSTALL /local/mnt/workspace/AURA_V1/evidence/compile_closure_wcd937x_continuation_20260520_033221/artifacts/modules_dir/lib/modules/6.18.0-00006-g53d68d37d754/kernel/drivers/soc/qcom/ubwc_config.ko
  STRIP   /local/mnt/workspace/AURA_V1/evidence/compile_closure_wcd937x_continuation_20260520_033221/artifacts/modules_dir/lib/modules/6.18.0-00006-g53d68d37d754/kernel/drivers/soc/qcom/icc-bwmon.ko
  STRIP   /local/mnt/workspace/AURA_V1/evidence/compile_closure_wcd937x_continuation_20260520_033221/artifacts/modules_dir/lib/modules/6.18.0-00006-g53d68d37d754/kernel/drivers/soc/qcom/qcom-pbs.ko
  INSTALL /local/mnt/workspace/AURA_V1/evidence/compile_closure_wcd937x_continuation_20260520_033221/artifacts/modules_dir/lib/modules/6.18.0-00006-g53d68d37d754/kernel/drivers/soc/ti/pruss.ko
  INSTALL /local/mnt/workspace/AURA_V1/evidence/compile_closure_wcd937x_continuation_20260520_033221/artifacts/modules_dir/lib/modules/6.18.0-00006-g53d68d37d754/kernel/drivers/xen/xen-pciback/xen-pciback.ko
  INSTALL /local/mnt/workspace/AURA_V1/evidence/compile_closure_wcd937x_continuation_20260520_033221/artifacts/modules_dir/lib/modules/6.18.0-00006-g53d68d37d754/kernel/drivers/regulator/da9211-regulator.ko
  STRIP   /local/mnt/workspace/AURA_V1/evidence/compile_closure_wcd937x_continuation_20260520_033221/artifacts/modules_dir/lib/modules/6.18.0-00006-g53d68d37d754/kernel/drivers/soc/qcom/ubwc_config.ko
  INSTALL /local/mnt/workspace/AURA_V1/evidence/compile_closure_wcd937x_continuation_20260520_033221/artifacts/modules_dir/lib/modules/6.18.0-00006-g53d68d37d754/kernel/drivers/regulator/lp873x-regulator.ko
  STRIP   /local/mnt/workspace/AURA_V1/evidence/compile_closure_wcd937x_continuation_20260520_033221/artifacts/modules_dir/lib/modules/6.18.0-00006-g53d68d37d754/kernel/drivers/soc/ti/pruss.ko
  STRIP   /local/mnt/workspace/AURA_V1/evidence/compile_closure_wcd937x_continuation_20260520_033221/artifacts/modules_dir/lib/modules/6.18.0-00006-g53d68d37d754/kernel/drivers/regulator/da9211-regulator.ko
  STRIP   /local/mnt/workspace/AURA_V1/evidence/compile_closure_wcd937x_continuation_20260520_033221/artifacts/modules_dir/lib/modules/6.18.0-00006-g53d68d37d754/kernel/drivers/xen/xen-pciback/xen-pciback.ko
  STRIP   /local/mnt/workspace/AURA_V1/evidence/compile_closure_wcd937x_continuation_20260520_033221/artifacts/modules_dir/lib/modules/6.18.0-00006-g53d68d37d754/kernel/drivers/regulator/lp873x-regulator.ko
  INSTALL /local/mnt/workspace/AURA_V1/evidence/compile_closure_wcd937x_continuation_20260520_033221/artifacts/modules_dir/lib/modules/6.18.0-00006-g53d68d37d754/kernel/drivers/regulator/max20411-regulator.ko
  INSTALL /local/mnt/workspace/AURA_V1/evidence/compile_closure_wcd937x_continuation_20260520_033221/artifacts/modules_dir/lib/modules/6.18.0-00006-g53d68d37d754/kernel/drivers/regulator/mt6315-regulator.ko
  INSTALL /local/mnt/workspace/AURA_V1/evidence/compile_closure_wcd937x_continuation_20260520_033221/artifacts/modules_dir/lib/modules/6.18.0-00006-g53d68d37d754/kernel/drivers/regulator/qcom-refgen-regulator.ko
  INSTALL /local/mnt/workspace/AURA_V1/evidence/compile_closure_wcd937x_continuation_20260520_033221/artifacts/modules_dir/lib/modules/6.18.0-00006-g53d68d37d754/kernel/drivers/regulator/qcom_usb_vbus-regulator.ko
  STRIP   /local/mnt/workspace/AURA_V1/evidence/compile_closure_wcd937x_continuation_20260520_033221/artifacts/modules_dir/lib/modules/6.18.0-00006-g53d68d37d754/kernel/drivers/regulator/max20411-regulator.ko
  STRIP   /local/mnt/workspace/AURA_V1/evidence/compile_closure_wcd937x_continuation_20260520_033221/artifacts/modules_dir/lib/modules/6.18.0-00006-g53d68d37d754/kernel/drivers/regulator/mt6315-regulator.ko
  STRIP   /local/mnt/workspace/AURA_V1/evidence/compile_closure_wcd937x_continuation_20260520_033221/artifacts/modules_dir/lib/modules/6.18.0-00006-g53d68d37d754/kernel/drivers/regulator/qcom-refgen-regulator.ko
  STRIP   /local/mnt/workspace/AURA_V1/evidence/compile_closure_wcd937x_continuation_20260520_033221/artifacts/modules_dir/lib/modules/6.18.0-00006-g53d68d37d754/kernel/drivers/regulator/qcom_usb_vbus-regulator.ko
  INSTALL /local/mnt/workspace/AURA_V1/evidence/compile_closure_wcd937x_continuation_20260520_033221/artifacts/modules_dir/lib/modules/6.18.0-00006-g53d68d37d754/kernel/drivers/regulator/tps6594-regulator.ko
  INSTALL /local/mnt/workspace/AURA_V1/evidence/compile_closure_wcd937x_continuation_20260520_033221/artifacts/modules_dir/lib/modules/6.18.0-00006-g53d68d37d754/kernel/drivers/regulator/tps65132-regulator.ko
  INSTALL /local/mnt/workspace/AURA_V1/evidence/compile_closure_wcd937x_continuation_20260520_033221/artifacts/modules_dir/lib/modules/6.18.0-00006-g53d68d37d754/kernel/drivers/regulator/vctrl-regulator.ko
  INSTALL /local/mnt/workspace/AURA_V1/evidence/compile_closure_wcd937x_continuation_20260520_033221/artifacts/modules_dir/lib/modules/6.18.0-00006-g53d68d37d754/kernel/drivers/reset/amlogic/reset-meson-aux.ko
  STRIP   /local/mnt/workspace/AURA_V1/evidence/compile_closure_wcd937x_continuation_20260520_033221/artifacts/modules_dir/lib/modules/6.18.0-00006-g53d68d37d754/kernel/drivers/regulator/tps6594-regulator.ko
  STRIP   /local/mnt/workspace/AURA_V1/evidence/compile_closure_wcd937x_continuation_20260520_033221/artifacts/modules_dir/lib/modules/6.18.0-00006-g53d68d37d754/kernel/drivers/regulator/tps65132-regulator.ko
  STRIP   /local/mnt/workspace/AURA_V1/evidence/compile_closure_wcd937x_continuation_20260520_033221/artifacts/modules_dir/lib/modules/6.18.0-00006-g53d68d37d754/kernel/drivers/regulator/vctrl-regulator.ko
  INSTALL /local/mnt/workspace/AURA_V1/evidence/compile_closure_wcd937x_continuation_20260520_033221/artifacts/modules_dir/lib/modules/6.18.0-00006-g53d68d37d754/kernel/drivers/reset/amlogic/reset-meson-audio-arb.ko
  STRIP   /local/mnt/workspace/AURA_V1/evidence/compile_closure_wcd937x_continuation_20260520_033221/artifacts/modules_dir/lib/modules/6.18.0-00006-g53d68d37d754/kernel/drivers/reset/amlogic/reset-meson-aux.ko
  INSTALL /local/mnt/workspace/AURA_V1/evidence/compile_closure_wcd937x_continuation_20260520_033221/artifacts/modules_dir/lib/modules/6.18.0-00006-g53d68d37d754/kernel/drivers/reset/reset-berlin.ko
  INSTALL /local/mnt/workspace/AURA_V1/evidence/compile_closure_wcd937x_continuation_20260520_033221/artifacts/modules_dir/lib/modules/6.18.0-00006-g53d68d37d754/kernel/drivers/reset/reset-gpio.ko
  INSTALL /local/mnt/workspace/AURA_V1/evidence/compile_closure_wcd937x_continuation_20260520_033221/artifacts/modules_dir/lib/modules/6.18.0-00006-g53d68d37d754/kernel/drivers/reset/reset-qcom-pdc.ko
  INSTALL /local/mnt/workspace/AURA_V1/evidence/compile_closure_wcd937x_continuation_20260520_033221/artifacts/modules_dir/lib/modules/6.18.0-00006-g53d68d37d754/kernel/drivers/reset/reset-rzv2h-usb2phy.ko
  STRIP   /local/mnt/workspace/AURA_V1/evidence/compile_closure_wcd937x_continuation_20260520_033221/artifacts/modules_dir/lib/modules/6.18.0-00006-g53d68d37d754/kernel/drivers/reset/amlogic/reset-meson-audio-arb.ko
  STRIP   /local/mnt/workspace/AURA_V1/evidence/compile_closure_wcd937x_continuation_20260520_033221/artifacts/modules_dir/lib/modules/6.18.0-00006-g53d68d37d754/kernel/drivers/reset/reset-berlin.ko
  STRIP   /local/mnt/workspace/AURA_V1/evidence/compile_closure_wcd937x_continuation_20260520_033221/artifacts/modules_dir/lib/modules/6.18.0-00006-g53d68d37d754/kernel/drivers/reset/reset-gpio.ko
  STRIP   /local/mnt/workspace/AURA_V1/evidence/compile_closure_wcd937x_continuation_20260520_033221/artifacts/modules_dir/lib/modules/6.18.0-00006-g53d68d37d754/kernel/drivers/reset/reset-qcom-pdc.ko
  INSTALL /local/mnt/workspace/AURA_V1/evidence/compile_closure_wcd937x_continuation_20260520_033221/artifacts/modules_dir/lib/modules/6.18.0-00006-g53d68d37d754/kernel/drivers/char/tpm/tpm_tis_core.ko
  STRIP   /local/mnt/workspace/AURA_V1/evidence/compile_closure_wcd937x_continuation_20260520_033221/artifacts/modules_dir/lib/modules/6.18.0-00006-g53d68d37d754/kernel/drivers/reset/reset-rzv2h-usb2phy.ko
  INSTALL /local/mnt/workspace/AURA_V1/evidence/compile_closure_wcd937x_continuation_20260520_033221/artifacts/modules_dir/lib/modules/6.18.0-00006-g53d68d37d754/kernel/drivers/char/tpm/tpm_tis.ko
  INSTALL /local/mnt/workspace/AURA_V1/evidence/compile_closure_wcd937x_continuation_20260520_033221/artifacts/modules_dir/lib/modules/6.18.0-00006-g53d68d37d754/kernel/drivers/char/tpm/tpm_tis_spi.ko
  STRIP   /local/mnt/workspace/AURA_V1/evidence/compile_closure_wcd937x_continuation_20260520_033221/artifacts/modules_dir/lib/modules/6.18.0-00006-g53d68d37d754/kernel/drivers/char/tpm/tpm_tis_core.ko
  STRIP   /local/mnt/workspace/AURA_V1/evidence/compile_closure_wcd937x_continuation_20260520_033221/artifacts/modules_dir/lib/modules/6.18.0-00006-g53d68d37d754/kernel/drivers/char/tpm/tpm_tis.ko
  STRIP   /local/mnt/workspace/AURA_V1/evidence/compile_closure_wcd937x_continuation_20260520_033221/artifacts/modules_dir/lib/modules/6.18.0-00006-g53d68d37d754/kernel/drivers/char/tpm/tpm_tis_spi.ko
  INSTALL /local/mnt/workspace/AURA_V1/evidence/compile_closure_wcd937x_continuation_20260520_033221/artifacts/modules_dir/lib/modules/6.18.0-00006-g53d68d37d754/kernel/drivers/char/tpm/tpm_tis_i2c_cr50.ko
  INSTALL /local/mnt/workspace/AURA_V1/evidence/compile_closure_wcd937x_continuation_20260520_033221/artifacts/modules_dir/lib/modules/6.18.0-00006-g53d68d37d754/kernel/drivers/gpu/host1x/host1x.ko
  INSTALL /local/mnt/workspace/AURA_V1/evidence/compile_closure_wcd937x_continuation_20260520_033221/artifacts/modules_dir/lib/modules/6.18.0-00006-g53d68d37d754/kernel/drivers/gpu/drm/arm/hdlcd.ko
  INSTALL /local/mnt/workspace/AURA_V1/evidence/compile_closure_wcd937x_continuation_20260520_033221/artifacts/modules_dir/lib/modules/6.18.0-00006-g53d68d37d754/kernel/drivers/gpu/drm/arm/mali-dp.ko
  INSTALL /local/mnt/workspace/AURA_V1/evidence/compile_closure_wcd937x_continuation_20260520_033221/artifacts/modules_dir/lib/modules/6.18.0-00006-g53d68d37d754/kernel/drivers/gpu/drm/arm/display/komeda/komeda.ko
  STRIP   /local/mnt/workspace/AURA_V1/evidence/compile_closure_wcd937x_continuation_20260520_033221/artifacts/modules_dir/lib/modules/6.18.0-00006-g53d68d37d754/kernel/drivers/char/tpm/tpm_tis_i2c_cr50.ko
  INSTALL /local/mnt/workspace/AURA_V1/evidence/compile_closure_wcd937x_continuation_20260520_033221/artifacts/modules_dir/lib/modules/6.18.0-00006-g53d68d37d754/kernel/drivers/gpu/drm/clients/drm_client_lib.ko
  INSTALL /local/mnt/workspace/AURA_V1/evidence/compile_closure_wcd937x_continuation_20260520_033221/artifacts/modules_dir/lib/modules/6.18.0-00006-g53d68d37d754/kernel/drivers/gpu/drm/display/drm_dp_aux_bus.ko
  STRIP   /local/mnt/workspace/AURA_V1/evidence/compile_closure_wcd937x_continuation_20260520_033221/artifacts/modules_dir/lib/modules/6.18.0-00006-g53d68d37d754/kernel/drivers/gpu/host1x/host1x.ko
  STRIP   /local/mnt/workspace/AURA_V1/evidence/compile_closure_wcd937x_continuation_20260520_033221/artifacts/modules_dir/lib/modules/6.18.0-00006-g53d68d37d754/kernel/drivers/gpu/drm/arm/hdlcd.ko
  STRIP   /local/mnt/workspace/AURA_V1/evidence/compile_closure_wcd937x_continuation_20260520_033221/artifacts/modules_dir/lib/modules/6.18.0-00006-g53d68d37d754/kernel/drivers/gpu/drm/arm/mali-dp.ko
  STRIP   /local/mnt/workspace/AURA_V1/evidence/compile_closure_wcd937x_continuation_20260520_033221/artifacts/modules_dir/lib/modules/6.18.0-00006-g53d68d37d754/kernel/drivers/gpu/drm/arm/display/komeda/komeda.ko
  INSTALL /local/mnt/workspace/AURA_V1/evidence/compile_closure_wcd937x_continuation_20260520_033221/artifacts/modules_dir/lib/modules/6.18.0-00006-g53d68d37d754/kernel/drivers/gpu/drm/display/drm_display_helper.ko
  STRIP   /local/mnt/workspace/AURA_V1/evidence/compile_closure_wcd937x_continuation_20260520_033221/artifacts/modules_dir/lib/modules/6.18.0-00006-g53d68d37d754/kernel/drivers/gpu/drm/display/drm_dp_aux_bus.ko
  STRIP   /local/mnt/workspace/AURA_V1/evidence/compile_closure_wcd937x_continuation_20260520_033221/artifacts/modules_dir/lib/modules/6.18.0-00006-g53d68d37d754/kernel/drivers/gpu/drm/clients/drm_client_lib.ko
  INSTALL /local/mnt/workspace/AURA_V1/evidence/compile_closure_wcd937x_continuation_20260520_033221/artifacts/modules_dir/lib/modules/6.18.0-00006-g53d68d37d754/kernel/drivers/gpu/drm/renesas/rcar-du/rcar_cmm.ko
  STRIP   /local/mnt/workspace/AURA_V1/evidence/compile_closure_wcd937x_continuation_20260520_033221/artifacts/modules_dir/lib/modules/6.18.0-00006-g53d68d37d754/kernel/drivers/gpu/drm/display/drm_display_helper.ko
  STRIP   /local/mnt/workspace/AURA_V1/evidence/compile_closure_wcd937x_continuation_20260520_033221/artifacts/modules_dir/lib/modules/6.18.0-00006-g53d68d37d754/kernel/drivers/gpu/drm/renesas/rcar-du/rcar_cmm.ko
  INSTALL /local/mnt/workspace/AURA_V1/evidence/compile_closure_wcd937x_continuation_20260520_033221/artifacts/modules_dir/lib/modules/6.18.0-00006-g53d68d37d754/kernel/drivers/gpu/drm/renesas/rcar-du/rcar-du-drm.ko
  INSTALL /local/mnt/workspace/AURA_V1/evidence/compile_closure_wcd937x_continuation_20260520_033221/artifacts/modules_dir/lib/modules/6.18.0-00006-g53d68d37d754/kernel/drivers/gpu/drm/renesas/rcar-du/rcar_dw_hdmi.ko
  INSTALL /local/mnt/workspace/AURA_V1/evidence/compile_closure_wcd937x_continuation_20260520_033221/artifacts/modules_dir/lib/modules/6.18.0-00006-g53d68d37d754/kernel/drivers/gpu/drm/renesas/rcar-du/rcar_lvds.ko
  INSTALL /local/mnt/workspace/AURA_V1/evidence/compile_closure_wcd937x_continuation_20260520_033221/artifacts/modules_dir/lib/modules/6.18.0-00006-g53d68d37d754/kernel/drivers/gpu/drm/renesas/rcar-du/rcar_mipi_dsi.ko
  INSTALL /local/mnt/workspace/AURA_V1/evidence/compile_closure_wcd937x_continuation_20260520_033221/artifacts/modules_dir/lib/modules/6.18.0-00006-g53d68d37d754/kernel/drivers/gpu/drm/renesas/rz-du/rzg2l-du-drm.ko
  INSTALL /local/mnt/workspace/AURA_V1/evidence/compile_closure_wcd937x_continuation_20260520_033221/artifacts/modules_dir/lib/modules/6.18.0-00006-g53d68d37d754/kernel/drivers/gpu/drm/renesas/rz-du/rzg2l_mipi_dsi.ko
  STRIP   /local/mnt/workspace/AURA_V1/evidence/compile_closure_wcd937x_continuation_20260520_033221/artifacts/modules_dir/lib/modules/6.18.0-00006-g53d68d37d754/kernel/drivers/gpu/drm/renesas/rcar-du/rcar-du-drm.ko
  STRIP   /local/mnt/workspace/AURA_V1/evidence/compile_closure_wcd937x_continuation_20260520_033221/artifacts/modules_dir/lib/modules/6.18.0-00006-g53d68d37d754/kernel/drivers/gpu/drm/renesas/rcar-du/rcar_lvds.ko
  STRIP   /local/mnt/workspace/AURA_V1/evidence/compile_closure_wcd937x_continuation_20260520_033221/artifacts/modules_dir/lib/modules/6.18.0-00006-g53d68d37d754/kernel/drivers/gpu/drm/renesas/rcar-du/rcar_dw_hdmi.ko
  STRIP   /local/mnt/workspace/AURA_V1/evidence/compile_closure_wcd937x_continuation_20260520_033221/artifacts/modules_dir/lib/modules/6.18.0-00006-g53d68d37d754/kernel/drivers/gpu/drm/renesas/rcar-du/rcar_mipi_dsi.ko
  STRIP   /local/mnt/workspace/AURA_V1/evidence/compile_closure_wcd937x_continuation_20260520_033221/artifacts/modules_dir/lib/modules/6.18.0-00006-g53d68d37d754/kernel/drivers/gpu/drm/renesas/rz-du/rzg2l-du-drm.ko
  STRIP   /local/mnt/workspace/AURA_V1/evidence/compile_closure_wcd937x_continuation_20260520_033221/artifacts/modules_dir/lib/modules/6.18.0-00006-g53d68d37d754/kernel/drivers/gpu/drm/renesas/rz-du/rzg2l_mipi_dsi.ko
  INSTALL /local/mnt/workspace/AURA_V1/evidence/compile_closure_wcd937x_continuation_20260520_033221/artifacts/modules_dir/lib/modules/6.18.0-00006-g53d68d37d754/kernel/drivers/gpu/drm/imx/dcss/imx-dcss.ko
  INSTALL /local/mnt/workspace/AURA_V1/evidence/compile_closure_wcd937x_continuation_20260520_033221/artifacts/modules_dir/lib/modules/6.18.0-00006-g53d68d37d754/kernel/drivers/gpu/drm/panel/panel-boe-tv101wum-nl6.ko
  STRIP   /local/mnt/workspace/AURA_V1/evidence/compile_closure_wcd937x_continuation_20260520_033221/artifacts/modules_dir/lib/modules/6.18.0-00006-g53d68d37d754/kernel/drivers/gpu/drm/imx/dcss/imx-dcss.ko
  STRIP   /local/mnt/workspace/AURA_V1/evidence/compile_closure_wcd937x_continuation_20260520_033221/artifacts/modules_dir/lib/modules/6.18.0-00006-g53d68d37d754/kernel/drivers/gpu/drm/panel/panel-boe-tv101wum-nl6.ko
  INSTALL /local/mnt/workspace/AURA_V1/evidence/compile_closure_wcd937x_continuation_20260520_033221/artifacts/modules_dir/lib/modules/6.18.0-00006-g53d68d37d754/kernel/drivers/gpu/drm/panel/panel-lvds.ko
  INSTALL /local/mnt/workspace/AURA_V1/evidence/compile_closure_wcd937x_continuation_20260520_033221/artifacts/modules_dir/lib/modules/6.18.0-00006-g53d68d37d754/kernel/drivers/gpu/drm/panel/panel-simple.ko
  INSTALL /local/mnt/workspace/AURA_V1/evidence/compile_closure_wcd937x_continuation_20260520_033221/artifacts/modules_dir/lib/modules/6.18.0-00006-g53d68d37d754/kernel/drivers/gpu/drm/panel/panel-edp.ko
  INSTALL /local/mnt/workspace/AURA_V1/evidence/compile_closure_wcd937x_continuation_20260520_033221/artifacts/modules_dir/lib/modules/6.18.0-00006-g53d68d37d754/kernel/drivers/gpu/drm/panel/panel-himax-hx8279.ko
  INSTALL /local/mnt/workspace/AURA_V1/evidence/compile_closure_wcd937x_continuation_20260520_033221/artifacts/modules_dir/lib/modules/6.18.0-00006-g53d68d37d754/kernel/drivers/gpu/drm/panel/panel-ilitek-ili9882t.ko
  INSTALL /local/mnt/workspace/AURA_V1/evidence/compile_closure_wcd937x_continuation_20260520_033221/artifacts/modules_dir/lib/modules/6.18.0-00006-g53d68d37d754/kernel/drivers/gpu/drm/panel/panel-khadas-ts050.ko
  STRIP   /local/mnt/workspace/AURA_V1/evidence/compile_closure_wcd937x_continuation_20260520_033221/artifacts/modules_dir/lib/modules/6.18.0-00006-g53d68d37d754/kernel/drivers/gpu/drm/panel/panel-lvds.ko
  STRIP   /local/mnt/workspace/AURA_V1/evidence/compile_closure_wcd937x_continuation_20260520_033221/artifacts/modules_dir/lib/modules/6.18.0-00006-g53d68d37d754/kernel/drivers/gpu/drm/panel/panel-simple.ko
  STRIP   /local/mnt/workspace/AURA_V1/evidence/compile_closure_wcd937x_continuation_20260520_033221/artifacts/modules_dir/lib/modules/6.18.0-00006-g53d68d37d754/kernel/drivers/gpu/drm/panel/panel-edp.ko
  STRIP   /local/mnt/workspace/AURA_V1/evidence/compile_closure_wcd937x_continuation_20260520_033221/artifacts/modules_dir/lib/modules/6.18.0-00006-g53d68d37d754/kernel/drivers/gpu/drm/panel/panel-himax-hx8279.ko
  STRIP   /local/mnt/workspace/AURA_V1/evidence/compile_closure_wcd937x_continuation_20260520_033221/artifacts/modules_dir/lib/modules/6.18.0-00006-g53d68d37d754/kernel/drivers/gpu/drm/panel/panel-ilitek-ili9882t.ko
  STRIP   /local/mnt/workspace/AURA_V1/evidence/compile_closure_wcd937x_continuation_20260520_033221/artifacts/modules_dir/lib/modules/6.18.0-00006-g53d68d37d754/kernel/drivers/gpu/drm/panel/panel-khadas-ts050.ko
  INSTALL /local/mnt/workspace/AURA_V1/evidence/compile_closure_wcd937x_continuation_20260520_033221/artifacts/modules_dir/lib/modules/6.18.0-00006-g53d68d37d754/kernel/drivers/gpu/drm/panel/panel-novatek-nt36672e.ko
  INSTALL /local/mnt/workspace/AURA_V1/evidence/compile_closure_wcd937x_continuation_20260520_033221/artifacts/modules_dir/lib/modules/6.18.0-00006-g53d68d37d754/kernel/drivers/gpu/drm/panel/panel-mantix-mlaf057we51.ko
  INSTALL /local/mnt/workspace/AURA_V1/evidence/compile_closure_wcd937x_continuation_20260520_033221/artifacts/modules_dir/lib/modules/6.18.0-00006-g53d68d37d754/kernel/drivers/gpu/drm/panel/panel-raydium-rm67191.ko
  STRIP   /local/mnt/workspace/AURA_V1/evidence/compile_closure_wcd937x_continuation_20260520_033221/artifacts/modules_dir/lib/modules/6.18.0-00006-g53d68d37d754/kernel/drivers/gpu/drm/panel/panel-novatek-nt36672e.ko
  STRIP   /local/mnt/workspace/AURA_V1/evidence/compile_closure_wcd937x_continuation_20260520_033221/artifacts/modules_dir/lib/modules/6.18.0-00006-g53d68d37d754/kernel/drivers/gpu/drm/panel/panel-mantix-mlaf057we51.ko
  STRIP   /local/mnt/workspace/AURA_V1/evidence/compile_closure_wcd937x_continuation_20260520_033221/artifacts/modules_dir/lib/modules/6.18.0-00006-g53d68d37d754/kernel/drivers/gpu/drm/panel/panel-raydium-rm67191.ko
  INSTALL /local/mnt/workspace/AURA_V1/evidence/compile_closure_wcd937x_continuation_20260520_033221/artifacts/modules_dir/lib/modules/6.18.0-00006-g53d68d37d754/kernel/drivers/gpu/drm/panel/panel-samsung-atna33xc20.ko
  INSTALL /local/mnt/workspace/AURA_V1/evidence/compile_closure_wcd937x_continuation_20260520_033221/artifacts/modules_dir/lib/modules/6.18.0-00006-g53d68d37d754/kernel/drivers/gpu/drm/panel/panel-sitronix-st7703.ko
  INSTALL /local/mnt/workspace/AURA_V1/evidence/compile_closure_wcd937x_continuation_20260520_033221/artifacts/modules_dir/lib/modules/6.18.0-00006-g53d68d37d754/kernel/drivers/gpu/drm/panel/panel-startek-kd070fhfid015.ko
  INSTALL /local/mnt/workspace/AURA_V1/evidence/compile_closure_wcd937x_continuation_20260520_033221/artifacts/modules_dir/lib/modules/6.18.0-00006-g53d68d37d754/kernel/drivers/gpu/drm/panel/panel-truly-nt35597.ko
  INSTALL /local/mnt/workspace/AURA_V1/evidence/compile_closure_wcd937x_continuation_20260520_033221/artifacts/modules_dir/lib/modules/6.18.0-00006-g53d68d37d754/kernel/drivers/gpu/drm/panel/panel-visionox-vtdr6130.ko
  STRIP   /local/mnt/workspace/AURA_V1/evidence/compile_closure_wcd937x_continuation_20260520_033221/artifacts/modules_dir/lib/modules/6.18.0-00006-g53d68d37d754/kernel/drivers/gpu/drm/panel/panel-samsung-atna33xc20.ko
  STRIP   /local/mnt/workspace/AURA_V1/evidence/compile_closure_wcd937x_continuation_20260520_033221/artifacts/modules_dir/lib/modules/6.18.0-00006-g53d68d37d754/kernel/drivers/gpu/drm/panel/panel-sitronix-st7703.ko
  STRIP   /local/mnt/workspace/AURA_V1/evidence/compile_closure_wcd937x_continuation_20260520_033221/artifacts/modules_dir/lib/modules/6.18.0-00006-g53d68d37d754/kernel/drivers/gpu/drm/panel/panel-startek-kd070fhfid015.ko
  STRIP   /local/mnt/workspace/AURA_V1/evidence/compile_closure_wcd937x_continuation_20260520_033221/artifacts/modules_dir/lib/modules/6.18.0-00006-g53d68d37d754/kernel/drivers/gpu/drm/panel/panel-truly-nt35597.ko
  STRIP   /local/mnt/workspace/AURA_V1/evidence/compile_closure_wcd937x_continuation_20260520_033221/artifacts/modules_dir/lib/modules/6.18.0-00006-g53d68d37d754/kernel/drivers/gpu/drm/panel/panel-visionox-vtdr6130.ko
  INSTALL /local/mnt/workspace/AURA_V1/evidence/compile_closure_wcd937x_continuation_20260520_033221/artifacts/modules_dir/lib/modules/6.18.0-00006-g53d68d37d754/kernel/drivers/gpu/drm/bridge/analogix/anx7625.ko
  INSTALL /local/mnt/workspace/AURA_V1/evidence/compile_closure_wcd937x_continuation_20260520_033221/artifacts/modules_dir/lib/modules/6.18.0-00006-g53d68d37d754/kernel/drivers/gpu/drm/bridge/analogix/analogix_dp.ko
  INSTALL /local/mnt/workspace/AURA_V1/evidence/compile_closure_wcd937x_continuation_20260520_033221/artifacts/modules_dir/lib/modules/6.18.0-00006-g53d68d37d754/kernel/drivers/gpu/drm/bridge/cadence/cdns-dsi.ko
  INSTALL /local/mnt/workspace/AURA_V1/evidence/compile_closure_wcd937x_continuation_20260520_033221/artifacts/modules_dir/lib/modules/6.18.0-00006-g53d68d37d754/kernel/drivers/gpu/drm/bridge/cadence/cdns-mhdp8546.ko
  STRIP   /local/mnt/workspace/AURA_V1/evidence/compile_closure_wcd937x_continuation_20260520_033221/artifacts/modules_dir/lib/modules/6.18.0-00006-g53d68d37d754/kernel/drivers/gpu/drm/bridge/analogix/anx7625.ko
  STRIP   /local/mnt/workspace/AURA_V1/evidence/compile_closure_wcd937x_continuation_20260520_033221/artifacts/modules_dir/lib/modules/6.18.0-00006-g53d68d37d754/kernel/drivers/gpu/drm/bridge/analogix/analogix_dp.ko
  STRIP   /local/mnt/workspace/AURA_V1/evidence/compile_closure_wcd937x_continuation_20260520_033221/artifacts/modules_dir/lib/modules/6.18.0-00006-g53d68d37d754/kernel/drivers/gpu/drm/bridge/cadence/cdns-dsi.ko
  INSTALL /local/mnt/workspace/AURA_V1/evidence/compile_closure_wcd937x_continuation_20260520_033221/artifacts/modules_dir/lib/modules/6.18.0-00006-g53d68d37d754/kernel/drivers/gpu/drm/bridge/imx/imx8mp-hdmi-tx.ko
  STRIP   /local/mnt/workspace/AURA_V1/evidence/compile_closure_wcd937x_continuation_20260520_033221/artifacts/modules_dir/lib/modules/6.18.0-00006-g53d68d37d754/kernel/drivers/gpu/drm/bridge/cadence/cdns-mhdp8546.ko
  INSTALL /local/mnt/workspace/AURA_V1/evidence/compile_closure_wcd937x_continuation_20260520_033221/artifacts/modules_dir/lib/modules/6.18.0-00006-g53d68d37d754/kernel/drivers/gpu/drm/bridge/imx/imx8mp-hdmi-pvi.ko
  INSTALL /local/mnt/workspace/AURA_V1/evidence/compile_closure_wcd937x_continuation_20260520_033221/artifacts/modules_dir/lib/modules/6.18.0-00006-g53d68d37d754/kernel/drivers/gpu/drm/bridge/synopsys/dw-hdmi.ko
  INSTALL /local/mnt/workspace/AURA_V1/evidence/compile_closure_wcd937x_continuation_20260520_033221/artifacts/modules_dir/lib/modules/6.18.0-00006-g53d68d37d754/kernel/drivers/gpu/drm/bridge/synopsys/dw-hdmi-ahb-audio.ko
  STRIP   /local/mnt/workspace/AURA_V1/evidence/compile_closure_wcd937x_continuation_20260520_033221/artifacts/modules_dir/lib/modules/6.18.0-00006-g53d68d37d754/kernel/drivers/gpu/drm/bridge/imx/imx8mp-hdmi-tx.ko
  STRIP   /local/mnt/workspace/AURA_V1/evidence/compile_closure_wcd937x_continuation_20260520_033221/artifacts/modules_dir/lib/modules/6.18.0-00006-g53d68d37d754/kernel/drivers/gpu/drm/bridge/imx/imx8mp-hdmi-pvi.ko
  INSTALL /local/mnt/workspace/AURA_V1/evidence/compile_closure_wcd937x_continuation_20260520_033221/artifacts/modules_dir/lib/modules/6.18.0-00006-g53d68d37d754/kernel/drivers/gpu/drm/bridge/synopsys/dw-hdmi-i2s-audio.ko
  STRIP   /local/mnt/workspace/AURA_V1/evidence/compile_closure_wcd937x_continuation_20260520_033221/artifacts/modules_dir/lib/modules/6.18.0-00006-g53d68d37d754/kernel/drivers/gpu/drm/bridge/synopsys/dw-hdmi.ko
  STRIP   /local/mnt/workspace/AURA_V1/evidence/compile_closure_wcd937x_continuation_20260520_033221/artifacts/modules_dir/lib/modules/6.18.0-00006-g53d68d37d754/kernel/drivers/gpu/drm/bridge/synopsys/dw-hdmi-ahb-audio.ko
  INSTALL /local/mnt/workspace/AURA_V1/evidence/compile_closure_wcd937x_continuation_20260520_033221/artifacts/modules_dir/lib/modules/6.18.0-00006-g53d68d37d754/kernel/drivers/gpu/drm/bridge/synopsys/dw-hdmi-cec.ko
  INSTALL /local/mnt/workspace/AURA_V1/evidence/compile_closure_wcd937x_continuation_20260520_033221/artifacts/modules_dir/lib/modules/6.18.0-00006-g53d68d37d754/kernel/drivers/gpu/drm/bridge/synopsys/dw-hdmi-qp.ko
  STRIP   /local/mnt/workspace/AURA_V1/evidence/compile_closure_wcd937x_continuation_20260520_033221/artifacts/modules_dir/lib/modules/6.18.0-00006-g53d68d37d754/kernel/drivers/gpu/drm/bridge/synopsys/dw-hdmi-i2s-audio.ko
  INSTALL /local/mnt/workspace/AURA_V1/evidence/compile_closure_wcd937x_continuation_20260520_033221/artifacts/modules_dir/lib/modules/6.18.0-00006-g53d68d37d754/kernel/drivers/gpu/drm/bridge/synopsys/dw-mipi-dsi.ko
  INSTALL /local/mnt/workspace/AURA_V1/evidence/compile_closure_wcd937x_continuation_20260520_033221/artifacts/modules_dir/lib/modules/6.18.0-00006-g53d68d37d754/kernel/drivers/gpu/drm/bridge/aux-bridge.ko
  STRIP   /local/mnt/workspace/AURA_V1/evidence/compile_closure_wcd937x_continuation_20260520_033221/artifacts/modules_dir/lib/modules/6.18.0-00006-g53d68d37d754/kernel/drivers/gpu/drm/bridge/synopsys/dw-hdmi-cec.ko
  STRIP   /local/mnt/workspace/AURA_V1/evidence/compile_closure_wcd937x_continuation_20260520_033221/artifacts/modules_dir/lib/modules/6.18.0-00006-g53d68d37d754/kernel/drivers/gpu/drm/bridge/synopsys/dw-hdmi-qp.ko
  INSTALL /local/mnt/workspace/AURA_V1/evidence/compile_closure_wcd937x_continuation_20260520_033221/artifacts/modules_dir/lib/modules/6.18.0-00006-g53d68d37d754/kernel/drivers/gpu/drm/bridge/aux-hpd-bridge.ko
  STRIP   /local/mnt/workspace/AURA_V1/evidence/compile_closure_wcd937x_continuation_20260520_033221/artifacts/modules_dir/lib/modules/6.18.0-00006-g53d68d37d754/kernel/drivers/gpu/drm/bridge/synopsys/dw-mipi-dsi.ko
  STRIP   /local/mnt/workspace/AURA_V1/evidence/compile_closure_wcd937x_continuation_20260520_033221/artifacts/modules_dir/lib/modules/6.18.0-00006-g53d68d37d754/kernel/drivers/gpu/drm/bridge/aux-bridge.ko
  INSTALL /local/mnt/workspace/AURA_V1/evidence/compile_closure_wcd937x_continuation_20260520_033221/artifacts/modules_dir/lib/modules/6.18.0-00006-g53d68d37d754/kernel/drivers/gpu/drm/bridge/display-connector.ko
  INSTALL /local/mnt/workspace/AURA_V1/evidence/compile_closure_wcd937x_continuation_20260520_033221/artifacts/modules_dir/lib/modules/6.18.0-00006-g53d68d37d754/kernel/drivers/gpu/drm/bridge/fsl-ldb.ko
  INSTALL /local/mnt/workspace/AURA_V1/evidence/compile_closure_wcd937x_continuation_20260520_033221/artifacts/modules_dir/lib/modules/6.18.0-00006-g53d68d37d754/kernel/drivers/gpu/drm/bridge/tda998x.ko
  STRIP   /local/mnt/workspace/AURA_V1/evidence/compile_closure_wcd937x_continuation_20260520_033221/artifacts/modules_dir/lib/modules/6.18.0-00006-g53d68d37d754/kernel/drivers/gpu/drm/bridge/aux-hpd-bridge.ko
  INSTALL /local/mnt/workspace/AURA_V1/evidence/compile_closure_wcd937x_continuation_20260520_033221/artifacts/modules_dir/lib/modules/6.18.0-00006-g53d68d37d754/kernel/drivers/gpu/drm/bridge/ite-it6263.ko
  STRIP   /local/mnt/workspace/AURA_V1/evidence/compile_closure_wcd937x_continuation_20260520_033221/artifacts/modules_dir/lib/modules/6.18.0-00006-g53d68d37d754/kernel/drivers/gpu/drm/bridge/display-connector.ko
  STRIP   /local/mnt/workspace/AURA_V1/evidence/compile_closure_wcd937x_continuation_20260520_033221/artifacts/modules_dir/lib/modules/6.18.0-00006-g53d68d37d754/kernel/drivers/gpu/drm/bridge/fsl-ldb.ko
  STRIP   /local/mnt/workspace/AURA_V1/evidence/compile_closure_wcd937x_continuation_20260520_033221/artifacts/modules_dir/lib/modules/6.18.0-00006-g53d68d37d754/kernel/drivers/gpu/drm/bridge/tda998x.ko
  INSTALL /local/mnt/workspace/AURA_V1/evidence/compile_closure_wcd937x_continuation_20260520_033221/artifacts/modules_dir/lib/modules/6.18.0-00006-g53d68d37d754/kernel/drivers/gpu/drm/bridge/lontium-lt8912b.ko
  STRIP   /local/mnt/workspace/AURA_V1/evidence/compile_closure_wcd937x_continuation_20260520_033221/artifacts/modules_dir/lib/modules/6.18.0-00006-g53d68d37d754/kernel/drivers/gpu/drm/bridge/ite-it6263.ko
  INSTALL /local/mnt/workspace/AURA_V1/evidence/compile_closure_wcd937x_continuation_20260520_033221/artifacts/modules_dir/lib/modules/6.18.0-00006-g53d68d37d754/kernel/drivers/gpu/drm/bridge/lontium-lt9611.ko
  INSTALL /local/mnt/workspace/AURA_V1/evidence/compile_closure_wcd937x_continuation_20260520_033221/artifacts/modules_dir/lib/modules/6.18.0-00006-g53d68d37d754/kernel/drivers/gpu/drm/bridge/lontium-lt9611uxc.ko
  INSTALL /local/mnt/workspace/AURA_V1/evidence/compile_closure_wcd937x_continuation_20260520_033221/artifacts/modules_dir/lib/modules/6.18.0-00006-g53d68d37d754/kernel/drivers/gpu/drm/bridge/parade-ps8640.ko
  STRIP   /local/mnt/workspace/AURA_V1/evidence/compile_closure_wcd937x_continuation_20260520_033221/artifacts/modules_dir/lib/modules/6.18.0-00006-g53d68d37d754/kernel/drivers/gpu/drm/bridge/lontium-lt8912b.ko
  STRIP   /local/mnt/workspace/AURA_V1/evidence/compile_closure_wcd937x_continuation_20260520_033221/artifacts/modules_dir/lib/modules/6.18.0-00006-g53d68d37d754/kernel/drivers/gpu/drm/bridge/lontium-lt9611.ko
  STRIP   /local/mnt/workspace/AURA_V1/evidence/compile_closure_wcd937x_continuation_20260520_033221/artifacts/modules_dir/lib/modules/6.18.0-00006-g53d68d37d754/kernel/drivers/gpu/drm/bridge/lontium-lt9611uxc.ko
  STRIP   /local/mnt/workspace/AURA_V1/evidence/compile_closure_wcd937x_continuation_20260520_033221/artifacts/modules_dir/lib/modules/6.18.0-00006-g53d68d37d754/kernel/drivers/gpu/drm/bridge/parade-ps8640.ko
  INSTALL /local/mnt/workspace/AURA_V1/evidence/compile_closure_wcd937x_continuation_20260520_033221/artifacts/modules_dir/lib/modules/6.18.0-00006-g53d68d37d754/kernel/drivers/gpu/drm/bridge/samsung-dsim.ko
  INSTALL /local/mnt/workspace/AURA_V1/evidence/compile_closure_wcd937x_continuation_20260520_033221/artifacts/modules_dir/lib/modules/6.18.0-00006-g53d68d37d754/kernel/drivers/gpu/drm/bridge/sii902x.ko
  INSTALL /local/mnt/workspace/AURA_V1/evidence/compile_closure_wcd937x_continuation_20260520_033221/artifacts/modules_dir/lib/modules/6.18.0-00006-g53d68d37d754/kernel/drivers/gpu/drm/bridge/simple-bridge.ko
  INSTALL /local/mnt/workspace/AURA_V1/evidence/compile_closure_wcd937x_continuation_20260520_033221/artifacts/modules_dir/lib/modules/6.18.0-00006-g53d68d37d754/kernel/drivers/gpu/drm/bridge/thc63lvd1024.ko
  STRIP   /local/mnt/workspace/AURA_V1/evidence/compile_closure_wcd937x_continuation_20260520_033221/artifacts/modules_dir/lib/modules/6.18.0-00006-g53d68d37d754/kernel/drivers/gpu/drm/bridge/samsung-dsim.ko
  STRIP   /local/mnt/workspace/AURA_V1/evidence/compile_closure_wcd937x_continuation_20260520_033221/artifacts/modules_dir/lib/modules/6.18.0-00006-g53d68d37d754/kernel/drivers/gpu/drm/bridge/sii902x.ko
  STRIP   /local/mnt/workspace/AURA_V1/evidence/compile_closure_wcd937x_continuation_20260520_033221/artifacts/modules_dir/lib/modules/6.18.0-00006-g53d68d37d754/kernel/drivers/gpu/drm/bridge/simple-bridge.ko
  INSTALL /local/mnt/workspace/AURA_V1/evidence/compile_closure_wcd937x_continuation_20260520_033221/artifacts/modules_dir/lib/modules/6.18.0-00006-g53d68d37d754/kernel/drivers/gpu/drm/bridge/tc358767.ko
  INSTALL /local/mnt/workspace/AURA_V1/evidence/compile_closure_wcd937x_continuation_20260520_033221/artifacts/modules_dir/lib/modules/6.18.0-00006-g53d68d37d754/kernel/drivers/gpu/drm/bridge/tc358768.ko
  INSTALL /local/mnt/workspace/AURA_V1/evidence/compile_closure_wcd937x_continuation_20260520_033221/artifacts/modules_dir/lib/modules/6.18.0-00006-g53d68d37d754/kernel/drivers/gpu/drm/bridge/adv7511/adv7511.ko
  STRIP   /local/mnt/workspace/AURA_V1/evidence/compile_closure_wcd937x_continuation_20260520_033221/artifacts/modules_dir/lib/modules/6.18.0-00006-g53d68d37d754/kernel/drivers/gpu/drm/bridge/thc63lvd1024.ko
  INSTALL /local/mnt/workspace/AURA_V1/evidence/compile_closure_wcd937x_continuation_20260520_033221/artifacts/modules_dir/lib/modules/6.18.0-00006-g53d68d37d754/kernel/drivers/gpu/drm/bridge/ti-sn65dsi83.ko
  STRIP   /local/mnt/workspace/AURA_V1/evidence/compile_closure_wcd937x_continuation_20260520_033221/artifacts/modules_dir/lib/modules/6.18.0-00006-g53d68d37d754/kernel/drivers/gpu/drm/bridge/tc358767.ko
  INSTALL /local/mnt/workspace/AURA_V1/evidence/compile_closure_wcd937x_continuation_20260520_033221/artifacts/modules_dir/lib/modules/6.18.0-00006-g53d68d37d754/kernel/drivers/gpu/drm/bridge/ti-sn65dsi86.ko
  STRIP   /local/mnt/workspace/AURA_V1/evidence/compile_closure_wcd937x_continuation_20260520_033221/artifacts/modules_dir/lib/modules/6.18.0-00006-g53d68d37d754/kernel/drivers/gpu/drm/bridge/tc358768.ko
  STRIP   /local/mnt/workspace/AURA_V1/evidence/compile_closure_wcd937x_continuation_20260520_033221/artifacts/modules_dir/lib/modules/6.18.0-00006-g53d68d37d754/kernel/drivers/gpu/drm/bridge/adv7511/adv7511.ko
  STRIP   /local/mnt/workspace/AURA_V1/evidence/compile_closure_wcd937x_continuation_20260520_033221/artifacts/modules_dir/lib/modules/6.18.0-00006-g53d68d37d754/kernel/drivers/gpu/drm/bridge/ti-sn65dsi83.ko
  INSTALL /local/mnt/workspace/AURA_V1/evidence/compile_closure_wcd937x_continuation_20260520_033221/artifacts/modules_dir/lib/modules/6.18.0-00006-g53d68d37d754/kernel/drivers/gpu/drm/bridge/ti-tfp410.ko
  INSTALL /local/mnt/workspace/AURA_V1/evidence/compile_closure_wcd937x_continuation_20260520_033221/artifacts/modules_dir/lib/modules/6.18.0-00006-g53d68d37d754/kernel/drivers/gpu/drm/bridge/nwl-dsi.ko
  STRIP   /local/mnt/workspace/AURA_V1/evidence/compile_closure_wcd937x_continuation_20260520_033221/artifacts/modules_dir/lib/modules/6.18.0-00006-g53d68d37d754/kernel/drivers/gpu/drm/bridge/ti-sn65dsi86.ko
  INSTALL /local/mnt/workspace/AURA_V1/evidence/compile_closure_wcd937x_continuation_20260520_033221/artifacts/modules_dir/lib/modules/6.18.0-00006-g53d68d37d754/kernel/drivers/gpu/drm/bridge/ite-it66121.ko
  STRIP   /local/mnt/workspace/AURA_V1/evidence/compile_closure_wcd937x_continuation_20260520_033221/artifacts/modules_dir/lib/modules/6.18.0-00006-g53d68d37d754/kernel/drivers/gpu/drm/bridge/nwl-dsi.ko
  STRIP   /local/mnt/workspace/AURA_V1/evidence/compile_closure_wcd937x_continuation_20260520_033221/artifacts/modules_dir/lib/modules/6.18.0-00006-g53d68d37d754/kernel/drivers/gpu/drm/bridge/ti-tfp410.ko
  INSTALL /local/mnt/workspace/AURA_V1/evidence/compile_closure_wcd937x_continuation_20260520_033221/artifacts/modules_dir/lib/modules/6.18.0-00006-g53d68d37d754/kernel/drivers/gpu/drm/hisilicon/hibmc/hibmc-drm.ko
  STRIP   /local/mnt/workspace/AURA_V1/evidence/compile_closure_wcd937x_continuation_20260520_033221/artifacts/modules_dir/lib/modules/6.18.0-00006-g53d68d37d754/kernel/drivers/gpu/drm/bridge/ite-it66121.ko
  INSTALL /local/mnt/workspace/AURA_V1/evidence/compile_closure_wcd937x_continuation_20260520_033221/artifacts/modules_dir/lib/modules/6.18.0-00006-g53d68d37d754/kernel/drivers/gpu/drm/hisilicon/kirin/kirin-drm.ko
  INSTALL /local/mnt/workspace/AURA_V1/evidence/compile_closure_wcd937x_continuation_20260520_033221/artifacts/modules_dir/lib/modules/6.18.0-00006-g53d68d37d754/kernel/drivers/gpu/drm/hisilicon/kirin/dw_drm_dsi.ko
  INSTALL /local/mnt/workspace/AURA_V1/evidence/compile_closure_wcd937x_continuation_20260520_033221/artifacts/modules_dir/lib/modules/6.18.0-00006-g53d68d37d754/kernel/drivers/gpu/drm/mxsfb/mxsfb.ko
  INSTALL /local/mnt/workspace/AURA_V1/evidence/compile_closure_wcd937x_continuation_20260520_033221/artifacts/modules_dir/lib/modules/6.18.0-00006-g53d68d37d754/kernel/drivers/gpu/drm/mxsfb/imx-lcdif.ko
  STRIP   /local/mnt/workspace/AURA_V1/evidence/compile_closure_wcd937x_continuation_20260520_033221/artifacts/modules_dir/lib/modules/6.18.0-00006-g53d68d37d754/kernel/drivers/gpu/drm/hisilicon/hibmc/hibmc-drm.ko
  STRIP   /local/mnt/workspace/AURA_V1/evidence/compile_closure_wcd937x_continuation_20260520_033221/artifacts/modules_dir/lib/modules/6.18.0-00006-g53d68d37d754/kernel/drivers/gpu/drm/hisilicon/kirin/kirin-drm.ko
  STRIP   /local/mnt/workspace/AURA_V1/evidence/compile_closure_wcd937x_continuation_20260520_033221/artifacts/modules_dir/lib/modules/6.18.0-00006-g53d68d37d754/kernel/drivers/gpu/drm/hisilicon/kirin/dw_drm_dsi.ko
  INSTALL /local/mnt/workspace/AURA_V1/evidence/compile_closure_wcd937x_continuation_20260520_033221/artifacts/modules_dir/lib/modules/6.18.0-00006-g53d68d37d754/kernel/drivers/gpu/drm/drm.ko
  STRIP   /local/mnt/workspace/AURA_V1/evidence/compile_closure_wcd937x_continuation_20260520_033221/artifacts/modules_dir/lib/modules/6.18.0-00006-g53d68d37d754/kernel/drivers/gpu/drm/mxsfb/mxsfb.ko
  STRIP   /local/mnt/workspace/AURA_V1/evidence/compile_closure_wcd937x_continuation_20260520_033221/artifacts/modules_dir/lib/modules/6.18.0-00006-g53d68d37d754/kernel/drivers/gpu/drm/mxsfb/imx-lcdif.ko
  INSTALL /local/mnt/workspace/AURA_V1/evidence/compile_closure_wcd937x_continuation_20260520_033221/artifacts/modules_dir/lib/modules/6.18.0-00006-g53d68d37d754/kernel/drivers/gpu/drm/drm_exec.ko
  INSTALL /local/mnt/workspace/AURA_V1/evidence/compile_closure_wcd937x_continuation_20260520_033221/artifacts/modules_dir/lib/modules/6.18.0-00006-g53d68d37d754/kernel/drivers/gpu/drm/drm_gpuvm.ko
  INSTALL /local/mnt/workspace/AURA_V1/evidence/compile_closure_wcd937x_continuation_20260520_033221/artifacts/modules_dir/lib/modules/6.18.0-00006-g53d68d37d754/kernel/drivers/gpu/drm/drm_dma_helper.ko
  INSTALL /local/mnt/workspace/AURA_V1/evidence/compile_closure_wcd937x_continuation_20260520_033221/artifacts/modules_dir/lib/modules/6.18.0-00006-g53d68d37d754/kernel/drivers/gpu/drm/drm_shmem_helper.ko
  STRIP   /local/mnt/workspace/AURA_V1/evidence/compile_closure_wcd937x_continuation_20260520_033221/artifacts/modules_dir/lib/modules/6.18.0-00006-g53d68d37d754/kernel/drivers/gpu/drm/drm_exec.ko
  STRIP   /local/mnt/workspace/AURA_V1/evidence/compile_closure_wcd937x_continuation_20260520_033221/artifacts/modules_dir/lib/modules/6.18.0-00006-g53d68d37d754/kernel/drivers/gpu/drm/drm_gpuvm.ko
  INSTALL /local/mnt/workspace/AURA_V1/evidence/compile_closure_wcd937x_continuation_20260520_033221/artifacts/modules_dir/lib/modules/6.18.0-00006-g53d68d37d754/kernel/drivers/gpu/drm/drm_vram_helper.ko
  INSTALL /local/mnt/workspace/AURA_V1/evidence/compile_closure_wcd937x_continuation_20260520_033221/artifacts/modules_dir/lib/modules/6.18.0-00006-g53d68d37d754/kernel/drivers/gpu/drm/drm_ttm_helper.ko
  STRIP   /local/mnt/workspace/AURA_V1/evidence/compile_closure_wcd937x_continuation_20260520_033221/artifacts/modules_dir/lib/modules/6.18.0-00006-g53d68d37d754/kernel/drivers/gpu/drm/drm_dma_helper.ko
  INSTALL /local/mnt/workspace/AURA_V1/evidence/compile_closure_wcd937x_continuation_20260520_033221/artifacts/modules_dir/lib/modules/6.18.0-00006-g53d68d37d754/kernel/drivers/gpu/drm/drm_kms_helper.ko
  STRIP   /local/mnt/workspace/AURA_V1/evidence/compile_closure_wcd937x_continuation_20260520_033221/artifacts/modules_dir/lib/modules/6.18.0-00006-g53d68d37d754/kernel/drivers/gpu/drm/drm.ko
  STRIP   /local/mnt/workspace/AURA_V1/evidence/compile_closure_wcd937x_continuation_20260520_033221/artifacts/modules_dir/lib/modules/6.18.0-00006-g53d68d37d754/kernel/drivers/gpu/drm/drm_shmem_helper.ko
  STRIP   /local/mnt/workspace/AURA_V1/evidence/compile_closure_wcd937x_continuation_20260520_033221/artifacts/modules_dir/lib/modules/6.18.0-00006-g53d68d37d754/kernel/drivers/gpu/drm/drm_vram_helper.ko
  STRIP   /local/mnt/workspace/AURA_V1/evidence/compile_closure_wcd937x_continuation_20260520_033221/artifacts/modules_dir/lib/modules/6.18.0-00006-g53d68d37d754/kernel/drivers/gpu/drm/drm_ttm_helper.ko
  INSTALL /local/mnt/workspace/AURA_V1/evidence/compile_closure_wcd937x_continuation_20260520_033221/artifacts/modules_dir/lib/modules/6.18.0-00006-g53d68d37d754/kernel/drivers/gpu/drm/ttm/ttm.ko
  INSTALL /local/mnt/workspace/AURA_V1/evidence/compile_closure_wcd937x_continuation_20260520_033221/artifacts/modules_dir/lib/modules/6.18.0-00006-g53d68d37d754/kernel/drivers/gpu/drm/scheduler/gpu-sched.ko
  STRIP   /local/mnt/workspace/AURA_V1/evidence/compile_closure_wcd937x_continuation_20260520_033221/artifacts/modules_dir/lib/modules/6.18.0-00006-g53d68d37d754/kernel/drivers/gpu/drm/drm_kms_helper.ko
  INSTALL /local/mnt/workspace/AURA_V1/evidence/compile_closure_wcd937x_continuation_20260520_033221/artifacts/modules_dir/lib/modules/6.18.0-00006-g53d68d37d754/kernel/drivers/gpu/drm/v3d/v3d.ko
  INSTALL /local/mnt/workspace/AURA_V1/evidence/compile_closure_wcd937x_continuation_20260520_033221/artifacts/modules_dir/lib/modules/6.18.0-00006-g53d68d37d754/kernel/drivers/gpu/drm/vc4/vc4.ko
  INSTALL /local/mnt/workspace/AURA_V1/evidence/compile_closure_wcd937x_continuation_20260520_033221/artifacts/modules_dir/lib/modules/6.18.0-00006-g53d68d37d754/kernel/drivers/gpu/drm/nouveau/ch7006.ko
  STRIP   /local/mnt/workspace/AURA_V1/evidence/compile_closure_wcd937x_continuation_20260520_033221/artifacts/modules_dir/lib/modules/6.18.0-00006-g53d68d37d754/kernel/drivers/gpu/drm/scheduler/gpu-sched.ko
  INSTALL /local/mnt/workspace/AURA_V1/evidence/compile_closure_wcd937x_continuation_20260520_033221/artifacts/modules_dir/lib/modules/6.18.0-00006-g53d68d37d754/kernel/drivers/gpu/drm/nouveau/sil164.ko
  STRIP   /local/mnt/workspace/AURA_V1/evidence/compile_closure_wcd937x_continuation_20260520_033221/artifacts/modules_dir/lib/modules/6.18.0-00006-g53d68d37d754/kernel/drivers/gpu/drm/ttm/ttm.ko
  STRIP   /local/mnt/workspace/AURA_V1/evidence/compile_closure_wcd937x_continuation_20260520_033221/artifacts/modules_dir/lib/modules/6.18.0-00006-g53d68d37d754/kernel/drivers/gpu/drm/v3d/v3d.ko
  STRIP   /local/mnt/workspace/AURA_V1/evidence/compile_closure_wcd937x_continuation_20260520_033221/artifacts/modules_dir/lib/modules/6.18.0-00006-g53d68d37d754/kernel/drivers/gpu/drm/nouveau/ch7006.ko
  STRIP   /local/mnt/workspace/AURA_V1/evidence/compile_closure_wcd937x_continuation_20260520_033221/artifacts/modules_dir/lib/modules/6.18.0-00006-g53d68d37d754/kernel/drivers/gpu/drm/nouveau/sil164.ko
  INSTALL /local/mnt/workspace/AURA_V1/evidence/compile_closure_wcd937x_continuation_20260520_033221/artifacts/modules_dir/lib/modules/6.18.0-00006-g53d68d37d754/kernel/drivers/gpu/drm/nouveau/nouveau.ko
  STRIP   /local/mnt/workspace/AURA_V1/evidence/compile_closure_wcd937x_continuation_20260520_033221/artifacts/modules_dir/lib/modules/6.18.0-00006-g53d68d37d754/kernel/drivers/gpu/drm/vc4/vc4.ko
  INSTALL /local/mnt/workspace/AURA_V1/evidence/compile_closure_wcd937x_continuation_20260520_033221/artifacts/modules_dir/lib/modules/6.18.0-00006-g53d68d37d754/kernel/drivers/gpu/drm/exynos/exynosdrm.ko
  INSTALL /local/mnt/workspace/AURA_V1/evidence/compile_closure_wcd937x_continuation_20260520_033221/artifacts/modules_dir/lib/modules/6.18.0-00006-g53d68d37d754/kernel/drivers/gpu/drm/rockchip/rockchipdrm.ko
  INSTALL /local/mnt/workspace/AURA_V1/evidence/compile_closure_wcd937x_continuation_20260520_033221/artifacts/modules_dir/lib/modules/6.18.0-00006-g53d68d37d754/kernel/drivers/gpu/drm/sun4i/sun4i-drm.ko
  INSTALL /local/mnt/workspace/AURA_V1/evidence/compile_closure_wcd937x_continuation_20260520_033221/artifacts/modules_dir/lib/modules/6.18.0-00006-g53d68d37d754/kernel/drivers/gpu/drm/sun4i/sun4i-tcon.ko
  INSTALL /local/mnt/workspace/AURA_V1/evidence/compile_closure_wcd937x_continuation_20260520_033221/artifacts/modules_dir/lib/modules/6.18.0-00006-g53d68d37d754/kernel/drivers/gpu/drm/sun4i/sun4i_tv.ko
  INSTALL /local/mnt/workspace/AURA_V1/evidence/compile_closure_wcd937x_continuation_20260520_033221/artifacts/modules_dir/lib/modules/6.18.0-00006-g53d68d37d754/kernel/drivers/gpu/drm/sun4i/sun6i_drc.ko
  STRIP   /local/mnt/workspace/AURA_V1/evidence/compile_closure_wcd937x_continuation_20260520_033221/artifacts/modules_dir/lib/modules/6.18.0-00006-g53d68d37d754/kernel/drivers/gpu/drm/exynos/exynosdrm.ko
  STRIP   /local/mnt/workspace/AURA_V1/evidence/compile_closure_wcd937x_continuation_20260520_033221/artifacts/modules_dir/lib/modules/6.18.0-00006-g53d68d37d754/kernel/drivers/gpu/drm/sun4i/sun4i-drm.ko
  STRIP   /local/mnt/workspace/AURA_V1/evidence/compile_closure_wcd937x_continuation_20260520_033221/artifacts/modules_dir/lib/modules/6.18.0-00006-g53d68d37d754/kernel/drivers/gpu/drm/rockchip/rockchipdrm.ko
  STRIP   /local/mnt/workspace/AURA_V1/evidence/compile_closure_wcd937x_continuation_20260520_033221/artifacts/modules_dir/lib/modules/6.18.0-00006-g53d68d37d754/kernel/drivers/gpu/drm/sun4i/sun4i-tcon.ko
  STRIP   /local/mnt/workspace/AURA_V1/evidence/compile_closure_wcd937x_continuation_20260520_033221/artifacts/modules_dir/lib/modules/6.18.0-00006-g53d68d37d754/kernel/drivers/gpu/drm/sun4i/sun4i_tv.ko
  STRIP   /local/mnt/workspace/AURA_V1/evidence/compile_closure_wcd937x_continuation_20260520_033221/artifacts/modules_dir/lib/modules/6.18.0-00006-g53d68d37d754/kernel/drivers/gpu/drm/sun4i/sun6i_drc.ko
  INSTALL /local/mnt/workspace/AURA_V1/evidence/compile_closure_wcd937x_continuation_20260520_033221/artifacts/modules_dir/lib/modules/6.18.0-00006-g53d68d37d754/kernel/drivers/gpu/drm/sun4i/sun6i_mipi_dsi.ko
  INSTALL /local/mnt/workspace/AURA_V1/evidence/compile_closure_wcd937x_continuation_20260520_033221/artifacts/modules_dir/lib/modules/6.18.0-00006-g53d68d37d754/kernel/drivers/gpu/drm/sun4i/sun8i-drm-hdmi.ko
  STRIP   /local/mnt/workspace/AURA_V1/evidence/compile_closure_wcd937x_continuation_20260520_033221/artifacts/modules_dir/lib/modules/6.18.0-00006-g53d68d37d754/kernel/drivers/gpu/drm/sun4i/sun6i_mipi_dsi.ko
  INSTALL /local/mnt/workspace/AURA_V1/evidence/compile_closure_wcd937x_continuation_20260520_033221/artifacts/modules_dir/lib/modules/6.18.0-00006-g53d68d37d754/kernel/drivers/gpu/drm/sun4i/sun8i-mixer.ko
  INSTALL /local/mnt/workspace/AURA_V1/evidence/compile_closure_wcd937x_continuation_20260520_033221/artifacts/modules_dir/lib/modules/6.18.0-00006-g53d68d37d754/kernel/drivers/gpu/drm/sun4i/sun8i_tcon_top.ko
  STRIP   /local/mnt/workspace/AURA_V1/evidence/compile_closure_wcd937x_continuation_20260520_033221/artifacts/modules_dir/lib/modules/6.18.0-00006-g53d68d37d754/kernel/drivers/gpu/drm/sun4i/sun8i-drm-hdmi.ko
  INSTALL /local/mnt/workspace/AURA_V1/evidence/compile_closure_wcd937x_continuation_20260520_033221/artifacts/modules_dir/lib/modules/6.18.0-00006-g53d68d37d754/kernel/drivers/gpu/drm/msm/msm.ko
  INSTALL /local/mnt/workspace/AURA_V1/evidence/compile_closure_wcd937x_continuation_20260520_033221/artifacts/modules_dir/lib/modules/6.18.0-00006-g53d68d37d754/kernel/drivers/gpu/drm/tegra/tegra-drm.ko
  INSTALL /local/mnt/workspace/AURA_V1/evidence/compile_closure_wcd937x_continuation_20260520_033221/artifacts/modules_dir/lib/modules/6.18.0-00006-g53d68d37d754/kernel/drivers/gpu/drm/mediatek/mediatek-drm.ko
  STRIP   /local/mnt/workspace/AURA_V1/evidence/compile_closure_wcd937x_continuation_20260520_033221/artifacts/modules_dir/lib/modules/6.18.0-00006-g53d68d37d754/kernel/drivers/gpu/drm/sun4i/sun8i-mixer.ko
  STRIP   /local/mnt/workspace/AURA_V1/evidence/compile_closure_wcd937x_continuation_20260520_033221/artifacts/modules_dir/lib/modules/6.18.0-00006-g53d68d37d754/kernel/drivers/gpu/drm/sun4i/sun8i_tcon_top.ko
  INSTALL /local/mnt/workspace/AURA_V1/evidence/compile_closure_wcd937x_continuation_20260520_033221/artifacts/modules_dir/lib/modules/6.18.0-00006-g53d68d37d754/kernel/drivers/gpu/drm/mediatek/mtk_cec.ko
  INSTALL /local/mnt/workspace/AURA_V1/evidence/compile_closure_wcd937x_continuation_20260520_033221/artifacts/modules_dir/lib/modules/6.18.0-00006-g53d68d37d754/kernel/drivers/gpu/drm/mediatek/mtk_hdmi.ko
  STRIP   /local/mnt/workspace/AURA_V1/evidence/compile_closure_wcd937x_continuation_20260520_033221/artifacts/modules_dir/lib/modules/6.18.0-00006-g53d68d37d754/kernel/drivers/gpu/drm/mediatek/mediatek-drm.ko
  STRIP   /local/mnt/workspace/AURA_V1/evidence/compile_closure_wcd937x_continuation_20260520_033221/artifacts/modules_dir/lib/modules/6.18.0-00006-g53d68d37d754/kernel/drivers/gpu/drm/tegra/tegra-drm.ko
  STRIP   /local/mnt/workspace/AURA_V1/evidence/compile_closure_wcd937x_continuation_20260520_033221/artifacts/modules_dir/lib/modules/6.18.0-00006-g53d68d37d754/kernel/drivers/gpu/drm/mediatek/mtk_cec.ko
  STRIP   /local/mnt/workspace/AURA_V1/evidence/compile_closure_wcd937x_continuation_20260520_033221/artifacts/modules_dir/lib/modules/6.18.0-00006-g53d68d37d754/kernel/drivers/gpu/drm/mediatek/mtk_hdmi.ko
  INSTALL /local/mnt/workspace/AURA_V1/evidence/compile_closure_wcd937x_continuation_20260520_033221/artifacts/modules_dir/lib/modules/6.18.0-00006-g53d68d37d754/kernel/drivers/gpu/drm/mediatek/mtk_hdmi_ddc.ko
  INSTALL /local/mnt/workspace/AURA_V1/evidence/compile_closure_wcd937x_continuation_20260520_033221/artifacts/modules_dir/lib/modules/6.18.0-00006-g53d68d37d754/kernel/drivers/gpu/drm/mediatek/mtk_dp.ko
  STRIP   /local/mnt/workspace/AURA_V1/evidence/compile_closure_wcd937x_continuation_20260520_033221/artifacts/modules_dir/lib/modules/6.18.0-00006-g53d68d37d754/kernel/drivers/gpu/drm/mediatek/mtk_hdmi_ddc.ko
  STRIP   /local/mnt/workspace/AURA_V1/evidence/compile_closure_wcd937x_continuation_20260520_033221/artifacts/modules_dir/lib/modules/6.18.0-00006-g53d68d37d754/kernel/drivers/gpu/drm/mediatek/mtk_dp.ko
  INSTALL /local/mnt/workspace/AURA_V1/evidence/compile_closure_wcd937x_continuation_20260520_033221/artifacts/modules_dir/lib/modules/6.18.0-00006-g53d68d37d754/kernel/drivers/gpu/drm/meson/meson-drm.ko
  INSTALL /local/mnt/workspace/AURA_V1/evidence/compile_closure_wcd937x_continuation_20260520_033221/artifacts/modules_dir/lib/modules/6.18.0-00006-g53d68d37d754/kernel/drivers/gpu/drm/meson/meson_dw_hdmi.ko
  STRIP   /local/mnt/workspace/AURA_V1/evidence/compile_closure_wcd937x_continuation_20260520_033221/artifacts/modules_dir/lib/modules/6.18.0-00006-g53d68d37d754/kernel/drivers/gpu/drm/msm/msm.ko
  INSTALL /local/mnt/workspace/AURA_V1/evidence/compile_closure_wcd937x_continuation_20260520_033221/artifacts/modules_dir/lib/modules/6.18.0-00006-g53d68d37d754/kernel/drivers/gpu/drm/meson/meson_dw_mipi_dsi.ko
  STRIP   /local/mnt/workspace/AURA_V1/evidence/compile_closure_wcd937x_continuation_20260520_033221/artifacts/modules_dir/lib/modules/6.18.0-00006-g53d68d37d754/kernel/drivers/gpu/drm/nouveau/nouveau.ko
  INSTALL /local/mnt/workspace/AURA_V1/evidence/compile_closure_wcd937x_continuation_20260520_033221/artifacts/modules_dir/lib/modules/6.18.0-00006-g53d68d37d754/kernel/drivers/gpu/drm/etnaviv/etnaviv.ko
  STRIP   /local/mnt/workspace/AURA_V1/evidence/compile_closure_wcd937x_continuation_20260520_033221/artifacts/modules_dir/lib/modules/6.18.0-00006-g53d68d37d754/kernel/drivers/gpu/drm/meson/meson-drm.ko
  STRIP   /local/mnt/workspace/AURA_V1/evidence/compile_closure_wcd937x_continuation_20260520_033221/artifacts/modules_dir/lib/modules/6.18.0-00006-g53d68d37d754/kernel/drivers/gpu/drm/meson/meson_dw_hdmi.ko
  STRIP   /local/mnt/workspace/AURA_V1/evidence/compile_closure_wcd937x_continuation_20260520_033221/artifacts/modules_dir/lib/modules/6.18.0-00006-g53d68d37d754/kernel/drivers/gpu/drm/meson/meson_dw_mipi_dsi.ko
  INSTALL /local/mnt/workspace/AURA_V1/evidence/compile_closure_wcd937x_continuation_20260520_033221/artifacts/modules_dir/lib/modules/6.18.0-00006-g53d68d37d754/kernel/drivers/gpu/drm/pl111/pl111_drm.ko
  INSTALL /local/mnt/workspace/AURA_V1/evidence/compile_closure_wcd937x_continuation_20260520_033221/artifacts/modules_dir/lib/modules/6.18.0-00006-g53d68d37d754/kernel/drivers/gpu/drm/lima/lima.ko
  STRIP   /local/mnt/workspace/AURA_V1/evidence/compile_closure_wcd937x_continuation_20260520_033221/artifacts/modules_dir/lib/modules/6.18.0-00006-g53d68d37d754/kernel/drivers/gpu/drm/etnaviv/etnaviv.ko
  STRIP   /local/mnt/workspace/AURA_V1/evidence/compile_closure_wcd937x_continuation_20260520_033221/artifacts/modules_dir/lib/modules/6.18.0-00006-g53d68d37d754/kernel/drivers/gpu/drm/pl111/pl111_drm.ko
  STRIP   /local/mnt/workspace/AURA_V1/evidence/compile_closure_wcd937x_continuation_20260520_033221/artifacts/modules_dir/lib/modules/6.18.0-00006-g53d68d37d754/kernel/drivers/gpu/drm/lima/lima.ko
  INSTALL /local/mnt/workspace/AURA_V1/evidence/compile_closure_wcd937x_continuation_20260520_033221/artifacts/modules_dir/lib/modules/6.18.0-00006-g53d68d37d754/kernel/drivers/gpu/drm/panfrost/panfrost.ko
  INSTALL /local/mnt/workspace/AURA_V1/evidence/compile_closure_wcd937x_continuation_20260520_033221/artifacts/modules_dir/lib/modules/6.18.0-00006-g53d68d37d754/kernel/drivers/gpu/drm/panthor/panthor.ko
  INSTALL /local/mnt/workspace/AURA_V1/evidence/compile_closure_wcd937x_continuation_20260520_033221/artifacts/modules_dir/lib/modules/6.18.0-00006-g53d68d37d754/kernel/drivers/gpu/drm/tidss/tidss.ko
  INSTALL /local/mnt/workspace/AURA_V1/evidence/compile_closure_wcd937x_continuation_20260520_033221/artifacts/modules_dir/lib/modules/6.18.0-00006-g53d68d37d754/kernel/drivers/gpu/drm/imagination/powervr.ko
  STRIP   /local/mnt/workspace/AURA_V1/evidence/compile_closure_wcd937x_continuation_20260520_033221/artifacts/modules_dir/lib/modules/6.18.0-00006-g53d68d37d754/kernel/drivers/gpu/drm/panfrost/panfrost.ko
  INSTALL /local/mnt/workspace/AURA_V1/evidence/compile_closure_wcd937x_continuation_20260520_033221/artifacts/modules_dir/lib/modules/6.18.0-00006-g53d68d37d754/kernel/drivers/base/regmap/regmap-slimbus.ko
  STRIP   /local/mnt/workspace/AURA_V1/evidence/compile_closure_wcd937x_continuation_20260520_033221/artifacts/modules_dir/lib/modules/6.18.0-00006-g53d68d37d754/kernel/drivers/gpu/drm/tidss/tidss.ko
  STRIP   /local/mnt/workspace/AURA_V1/evidence/compile_closure_wcd937x_continuation_20260520_033221/artifacts/modules_dir/lib/modules/6.18.0-00006-g53d68d37d754/kernel/drivers/gpu/drm/panthor/panthor.ko
  INSTALL /local/mnt/workspace/AURA_V1/evidence/compile_closure_wcd937x_continuation_20260520_033221/artifacts/modules_dir/lib/modules/6.18.0-00006-g53d68d37d754/kernel/drivers/base/regmap/regmap-sdw.ko
  STRIP   /local/mnt/workspace/AURA_V1/evidence/compile_closure_wcd937x_continuation_20260520_033221/artifacts/modules_dir/lib/modules/6.18.0-00006-g53d68d37d754/kernel/drivers/base/regmap/regmap-slimbus.ko
  STRIP   /local/mnt/workspace/AURA_V1/evidence/compile_closure_wcd937x_continuation_20260520_033221/artifacts/modules_dir/lib/modules/6.18.0-00006-g53d68d37d754/kernel/drivers/gpu/drm/imagination/powervr.ko
  STRIP   /local/mnt/workspace/AURA_V1/evidence/compile_closure_wcd937x_continuation_20260520_033221/artifacts/modules_dir/lib/modules/6.18.0-00006-g53d68d37d754/kernel/drivers/base/regmap/regmap-sdw.ko
  INSTALL /local/mnt/workspace/AURA_V1/evidence/compile_closure_wcd937x_continuation_20260520_033221/artifacts/modules_dir/lib/modules/6.18.0-00006-g53d68d37d754/kernel/drivers/block/nbd.ko
  INSTALL /local/mnt/workspace/AURA_V1/evidence/compile_closure_wcd937x_continuation_20260520_033221/artifacts/modules_dir/lib/modules/6.18.0-00006-g53d68d37d754/kernel/drivers/misc/eeprom/at24.ko
  INSTALL /local/mnt/workspace/AURA_V1/evidence/compile_closure_wcd937x_continuation_20260520_033221/artifacts/modules_dir/lib/modules/6.18.0-00006-g53d68d37d754/kernel/drivers/misc/eeprom/at25.ko
  STRIP   /local/mnt/workspace/AURA_V1/evidence/compile_closure_wcd937x_continuation_20260520_033221/artifacts/modules_dir/lib/modules/6.18.0-00006-g53d68d37d754/kernel/drivers/block/nbd.ko
  STRIP   /local/mnt/workspace/AURA_V1/evidence/compile_closure_wcd937x_continuation_20260520_033221/artifacts/modules_dir/lib/modules/6.18.0-00006-g53d68d37d754/kernel/drivers/misc/eeprom/at24.ko
  INSTALL /local/mnt/workspace/AURA_V1/evidence/compile_closure_wcd937x_continuation_20260520_033221/artifacts/modules_dir/lib/modules/6.18.0-00006-g53d68d37d754/kernel/drivers/misc/qcom-coincell.ko
  INSTALL /local/mnt/workspace/AURA_V1/evidence/compile_closure_wcd937x_continuation_20260520_033221/artifacts/modules_dir/lib/modules/6.18.0-00006-g53d68d37d754/kernel/drivers/misc/fastrpc.ko
  INSTALL /local/mnt/workspace/AURA_V1/evidence/compile_closure_wcd937x_continuation_20260520_033221/artifacts/modules_dir/lib/modules/6.18.0-00006-g53d68d37d754/kernel/drivers/misc/pci_endpoint_test.ko
  INSTALL /local/mnt/workspace/AURA_V1/evidence/compile_closure_wcd937x_continuation_20260520_033221/artifacts/modules_dir/lib/modules/6.18.0-00006-g53d68d37d754/kernel/drivers/misc/uacce/uacce.ko
  STRIP   /local/mnt/workspace/AURA_V1/evidence/compile_closure_wcd937x_continuation_20260520_033221/artifacts/modules_dir/lib/modules/6.18.0-00006-g53d68d37d754/kernel/drivers/misc/eeprom/at25.ko
  STRIP   /local/mnt/workspace/AURA_V1/evidence/compile_closure_wcd937x_continuation_20260520_033221/artifacts/modules_dir/lib/modules/6.18.0-00006-g53d68d37d754/kernel/drivers/misc/qcom-coincell.ko
  STRIP   /local/mnt/workspace/AURA_V1/evidence/compile_closure_wcd937x_continuation_20260520_033221/artifacts/modules_dir/lib/modules/6.18.0-00006-g53d68d37d754/kernel/drivers/misc/fastrpc.ko
  INSTALL /local/mnt/workspace/AURA_V1/evidence/compile_closure_wcd937x_continuation_20260520_033221/artifacts/modules_dir/lib/modules/6.18.0-00006-g53d68d37d754/kernel/drivers/misc/tps6594-esm.ko
  STRIP   /local/mnt/workspace/AURA_V1/evidence/compile_closure_wcd937x_continuation_20260520_033221/artifacts/modules_dir/lib/modules/6.18.0-00006-g53d68d37d754/kernel/drivers/misc/pci_endpoint_test.ko
  STRIP   /local/mnt/workspace/AURA_V1/evidence/compile_closure_wcd937x_continuation_20260520_033221/artifacts/modules_dir/lib/modules/6.18.0-00006-g53d68d37d754/kernel/drivers/misc/uacce/uacce.ko
  INSTALL /local/mnt/workspace/AURA_V1/evidence/compile_closure_wcd937x_continuation_20260520_033221/artifacts/modules_dir/lib/modules/6.18.0-00006-g53d68d37d754/kernel/drivers/misc/tps6594-pfsm.ko
  STRIP   /local/mnt/workspace/AURA_V1/evidence/compile_closure_wcd937x_continuation_20260520_033221/artifacts/modules_dir/lib/modules/6.18.0-00006-g53d68d37d754/kernel/drivers/misc/tps6594-esm.ko
  INSTALL /local/mnt/workspace/AURA_V1/evidence/compile_closure_wcd937x_continuation_20260520_033221/artifacts/modules_dir/lib/modules/6.18.0-00006-g53d68d37d754/kernel/drivers/misc/rp1/rp1-pci.ko
  INSTALL /local/mnt/workspace/AURA_V1/evidence/compile_closure_wcd937x_continuation_20260520_033221/artifacts/modules_dir/lib/modules/6.18.0-00006-g53d68d37d754/kernel/drivers/mfd/exynos-lpass.ko
  STRIP   /local/mnt/workspace/AURA_V1/evidence/compile_closure_wcd937x_continuation_20260520_033221/artifacts/modules_dir/lib/modules/6.18.0-00006-g53d68d37d754/kernel/drivers/misc/tps6594-pfsm.ko
  INSTALL /local/mnt/workspace/AURA_V1/evidence/compile_closure_wcd937x_continuation_20260520_033221/artifacts/modules_dir/lib/modules/6.18.0-00006-g53d68d37d754/kernel/drivers/mfd/lp873x.ko
  STRIP   /local/mnt/workspace/AURA_V1/evidence/compile_closure_wcd937x_continuation_20260520_033221/artifacts/modules_dir/lib/modules/6.18.0-00006-g53d68d37d754/kernel/drivers/misc/rp1/rp1-pci.ko
  INSTALL /local/mnt/workspace/AURA_V1/evidence/compile_closure_wcd937x_continuation_20260520_033221/artifacts/modules_dir/lib/modules/6.18.0-00006-g53d68d37d754/kernel/drivers/mfd/ti_am335x_tscadc.ko
  STRIP   /local/mnt/workspace/AURA_V1/evidence/compile_closure_wcd937x_continuation_20260520_033221/artifacts/modules_dir/lib/modules/6.18.0-00006-g53d68d37d754/kernel/drivers/mfd/exynos-lpass.ko
  INSTALL /local/mnt/workspace/AURA_V1/evidence/compile_closure_wcd937x_continuation_20260520_033221/artifacts/modules_dir/lib/modules/6.18.0-00006-g53d68d37d754/kernel/drivers/mfd/wcd934x.ko
  INSTALL /local/mnt/workspace/AURA_V1/evidence/compile_closure_wcd937x_continuation_20260520_033221/artifacts/modules_dir/lib/modules/6.18.0-00006-g53d68d37d754/kernel/drivers/mfd/wm8994.ko
  STRIP   /local/mnt/workspace/AURA_V1/evidence/compile_closure_wcd937x_continuation_20260520_033221/artifacts/modules_dir/lib/modules/6.18.0-00006-g53d68d37d754/kernel/drivers/mfd/lp873x.ko
  INSTALL /local/mnt/workspace/AURA_V1/evidence/compile_closure_wcd937x_continuation_20260520_033221/artifacts/modules_dir/lib/modules/6.18.0-00006-g53d68d37d754/kernel/drivers/mfd/tps6594-core.ko
  STRIP   /local/mnt/workspace/AURA_V1/evidence/compile_closure_wcd937x_continuation_20260520_033221/artifacts/modules_dir/lib/modules/6.18.0-00006-g53d68d37d754/kernel/drivers/mfd/ti_am335x_tscadc.ko
  STRIP   /local/mnt/workspace/AURA_V1/evidence/compile_closure_wcd937x_continuation_20260520_033221/artifacts/modules_dir/lib/modules/6.18.0-00006-g53d68d37d754/kernel/drivers/mfd/wcd934x.ko
  STRIP   /local/mnt/workspace/AURA_V1/evidence/compile_closure_wcd937x_continuation_20260520_033221/artifacts/modules_dir/lib/modules/6.18.0-00006-g53d68d37d754/kernel/drivers/mfd/wm8994.ko
  INSTALL /local/mnt/workspace/AURA_V1/evidence/compile_closure_wcd937x_continuation_20260520_033221/artifacts/modules_dir/lib/modules/6.18.0-00006-g53d68d37d754/kernel/drivers/mfd/tps6594-i2c.ko
  STRIP   /local/mnt/workspace/AURA_V1/evidence/compile_closure_wcd937x_continuation_20260520_033221/artifacts/modules_dir/lib/modules/6.18.0-00006-g53d68d37d754/kernel/drivers/mfd/tps6594-core.ko
  INSTALL /local/mnt/workspace/AURA_V1/evidence/compile_closure_wcd937x_continuation_20260520_033221/artifacts/modules_dir/lib/modules/6.18.0-00006-g53d68d37d754/kernel/drivers/mfd/da9062-core.ko
  INSTALL /local/mnt/workspace/AURA_V1/evidence/compile_closure_wcd937x_continuation_20260520_033221/artifacts/modules_dir/lib/modules/6.18.0-00006-g53d68d37d754/kernel/drivers/mfd/max77759.ko
  INSTALL /local/mnt/workspace/AURA_V1/evidence/compile_closure_wcd937x_continuation_20260520_033221/artifacts/modules_dir/lib/modules/6.18.0-00006-g53d68d37d754/kernel/drivers/mfd/adp5585.ko
  STRIP   /local/mnt/workspace/AURA_V1/evidence/compile_closure_wcd937x_continuation_20260520_033221/artifacts/modules_dir/lib/modules/6.18.0-00006-g53d68d37d754/kernel/drivers/mfd/tps6594-i2c.ko
  STRIP   /local/mnt/workspace/AURA_V1/evidence/compile_closure_wcd937x_continuation_20260520_033221/artifacts/modules_dir/lib/modules/6.18.0-00006-g53d68d37d754/kernel/drivers/mfd/da9062-core.ko
  STRIP   /local/mnt/workspace/AURA_V1/evidence/compile_closure_wcd937x_continuation_20260520_033221/artifacts/modules_dir/lib/modules/6.18.0-00006-g53d68d37d754/kernel/drivers/mfd/max77759.ko
  INSTALL /local/mnt/workspace/AURA_V1/evidence/compile_closure_wcd937x_continuation_20260520_033221/artifacts/modules_dir/lib/modules/6.18.0-00006-g53d68d37d754/kernel/drivers/mfd/sec-acpm.ko
  STRIP   /local/mnt/workspace/AURA_V1/evidence/compile_closure_wcd937x_continuation_20260520_033221/artifacts/modules_dir/lib/modules/6.18.0-00006-g53d68d37d754/kernel/drivers/mfd/adp5585.ko
  INSTALL /local/mnt/workspace/AURA_V1/evidence/compile_closure_wcd937x_continuation_20260520_033221/artifacts/modules_dir/lib/modules/6.18.0-00006-g53d68d37d754/kernel/drivers/mfd/stm32-lptimer.ko
  INSTALL /local/mnt/workspace/AURA_V1/evidence/compile_closure_wcd937x_continuation_20260520_033221/artifacts/modules_dir/lib/modules/6.18.0-00006-g53d68d37d754/kernel/drivers/mfd/stm32-timers.ko
  INSTALL /local/mnt/workspace/AURA_V1/evidence/compile_closure_wcd937x_continuation_20260520_033221/artifacts/modules_dir/lib/modules/6.18.0-00006-g53d68d37d754/kernel/drivers/mfd/khadas-mcu.ko
  STRIP   /local/mnt/workspace/AURA_V1/evidence/compile_closure_wcd937x_continuation_20260520_033221/artifacts/modules_dir/lib/modules/6.18.0-00006-g53d68d37d754/kernel/drivers/mfd/sec-acpm.ko
  INSTALL /local/mnt/workspace/AURA_V1/evidence/compile_closure_wcd937x_continuation_20260520_033221/artifacts/modules_dir/lib/modules/6.18.0-00006-g53d68d37d754/kernel/drivers/nfc/s3fwrn5/s3fwrn5.ko
  STRIP   /local/mnt/workspace/AURA_V1/evidence/compile_closure_wcd937x_continuation_20260520_033221/artifacts/modules_dir/lib/modules/6.18.0-00006-g53d68d37d754/kernel/drivers/mfd/stm32-lptimer.ko
  STRIP   /local/mnt/workspace/AURA_V1/evidence/compile_closure_wcd937x_continuation_20260520_033221/artifacts/modules_dir/lib/modules/6.18.0-00006-g53d68d37d754/kernel/drivers/mfd/stm32-timers.ko
  STRIP   /local/mnt/workspace/AURA_V1/evidence/compile_closure_wcd937x_continuation_20260520_033221/artifacts/modules_dir/lib/modules/6.18.0-00006-g53d68d37d754/kernel/drivers/mfd/khadas-mcu.ko
  INSTALL /local/mnt/workspace/AURA_V1/evidence/compile_closure_wcd937x_continuation_20260520_033221/artifacts/modules_dir/lib/modules/6.18.0-00006-g53d68d37d754/kernel/drivers/nfc/s3fwrn5/s3fwrn5_i2c.ko
  INSTALL /local/mnt/workspace/AURA_V1/evidence/compile_closure_wcd937x_continuation_20260520_033221/artifacts/modules_dir/lib/modules/6.18.0-00006-g53d68d37d754/kernel/drivers/scsi/raid_class.ko
  INSTALL /local/mnt/workspace/AURA_V1/evidence/compile_closure_wcd937x_continuation_20260520_033221/artifacts/modules_dir/lib/modules/6.18.0-00006-g53d68d37d754/kernel/drivers/scsi/mpt3sas/mpt3sas.ko
  STRIP   /local/mnt/workspace/AURA_V1/evidence/compile_closure_wcd937x_continuation_20260520_033221/artifacts/modules_dir/lib/modules/6.18.0-00006-g53d68d37d754/kernel/drivers/nfc/s3fwrn5/s3fwrn5.ko
  STRIP   /local/mnt/workspace/AURA_V1/evidence/compile_closure_wcd937x_continuation_20260520_033221/artifacts/modules_dir/lib/modules/6.18.0-00006-g53d68d37d754/kernel/drivers/nfc/s3fwrn5/s3fwrn5_i2c.ko
  INSTALL /local/mnt/workspace/AURA_V1/evidence/compile_closure_wcd937x_continuation_20260520_033221/artifacts/modules_dir/lib/modules/6.18.0-00006-g53d68d37d754/kernel/drivers/nvme/host/nvme-core.ko
  INSTALL /local/mnt/workspace/AURA_V1/evidence/compile_closure_wcd937x_continuation_20260520_033221/artifacts/modules_dir/lib/modules/6.18.0-00006-g53d68d37d754/kernel/drivers/nvme/host/nvme.ko
  STRIP   /local/mnt/workspace/AURA_V1/evidence/compile_closure_wcd937x_continuation_20260520_033221/artifacts/modules_dir/lib/modules/6.18.0-00006-g53d68d37d754/kernel/drivers/scsi/raid_class.ko
  INSTALL /local/mnt/workspace/AURA_V1/evidence/compile_closure_wcd937x_continuation_20260520_033221/artifacts/modules_dir/lib/modules/6.18.0-00006-g53d68d37d754/kernel/drivers/ata/ahci_brcm.ko
  INSTALL /local/mnt/workspace/AURA_V1/evidence/compile_closure_wcd937x_continuation_20260520_033221/artifacts/modules_dir/lib/modules/6.18.0-00006-g53d68d37d754/kernel/drivers/ata/ahci_dwc.ko
  STRIP   /local/mnt/workspace/AURA_V1/evidence/compile_closure_wcd937x_continuation_20260520_033221/artifacts/modules_dir/lib/modules/6.18.0-00006-g53d68d37d754/kernel/drivers/scsi/mpt3sas/mpt3sas.ko
  INSTALL /local/mnt/workspace/AURA_V1/evidence/compile_closure_wcd937x_continuation_20260520_033221/artifacts/modules_dir/lib/modules/6.18.0-00006-g53d68d37d754/kernel/drivers/mtd/nand/raw/brcmnand/iproc_nand.ko
  STRIP   /local/mnt/workspace/AURA_V1/evidence/compile_closure_wcd937x_continuation_20260520_033221/artifacts/modules_dir/lib/modules/6.18.0-00006-g53d68d37d754/kernel/drivers/nvme/host/nvme.ko
  INSTALL /local/mnt/workspace/AURA_V1/evidence/compile_closure_wcd937x_continuation_20260520_033221/artifacts/modules_dir/lib/modules/6.18.0-00006-g53d68d37d754/kernel/drivers/mtd/nand/raw/brcmnand/bcmbca_nand.ko
  STRIP   /local/mnt/workspace/AURA_V1/evidence/compile_closure_wcd937x_continuation_20260520_033221/artifacts/modules_dir/lib/modules/6.18.0-00006-g53d68d37d754/kernel/drivers/nvme/host/nvme-core.ko
  STRIP   /local/mnt/workspace/AURA_V1/evidence/compile_closure_wcd937x_continuation_20260520_033221/artifacts/modules_dir/lib/modules/6.18.0-00006-g53d68d37d754/kernel/drivers/ata/ahci_brcm.ko
  STRIP   /local/mnt/workspace/AURA_V1/evidence/compile_closure_wcd937x_continuation_20260520_033221/artifacts/modules_dir/lib/modules/6.18.0-00006-g53d68d37d754/kernel/drivers/ata/ahci_dwc.ko
  STRIP   /local/mnt/workspace/AURA_V1/evidence/compile_closure_wcd937x_continuation_20260520_033221/artifacts/modules_dir/lib/modules/6.18.0-00006-g53d68d37d754/kernel/drivers/mtd/nand/raw/brcmnand/iproc_nand.ko
  INSTALL /local/mnt/workspace/AURA_V1/evidence/compile_closure_wcd937x_continuation_20260520_033221/artifacts/modules_dir/lib/modules/6.18.0-00006-g53d68d37d754/kernel/drivers/mtd/nand/raw/brcmnand/brcmstb_nand.ko
  STRIP   /local/mnt/workspace/AURA_V1/evidence/compile_closure_wcd937x_continuation_20260520_033221/artifacts/modules_dir/lib/modules/6.18.0-00006-g53d68d37d754/kernel/drivers/mtd/nand/raw/brcmnand/bcmbca_nand.ko
  INSTALL /local/mnt/workspace/AURA_V1/evidence/compile_closure_wcd937x_continuation_20260520_033221/artifacts/modules_dir/lib/modules/6.18.0-00006-g53d68d37d754/kernel/drivers/mtd/nand/raw/brcmnand/brcmnand.ko
  STRIP   /local/mnt/workspace/AURA_V1/evidence/compile_closure_wcd937x_continuation_20260520_033221/artifacts/modules_dir/lib/modules/6.18.0-00006-g53d68d37d754/kernel/drivers/mtd/nand/raw/brcmnand/brcmstb_nand.ko
  STRIP   /local/mnt/workspace/AURA_V1/evidence/compile_closure_wcd937x_continuation_20260520_033221/artifacts/modules_dir/lib/modules/6.18.0-00006-g53d68d37d754/kernel/drivers/mtd/nand/raw/brcmnand/brcmnand.ko
  INSTALL /local/mnt/workspace/AURA_V1/evidence/compile_closure_wcd937x_continuation_20260520_033221/artifacts/modules_dir/lib/modules/6.18.0-00006-g53d68d37d754/kernel/drivers/mtd/nand/spi/spinand.ko
  INSTALL /local/mnt/workspace/AURA_V1/evidence/compile_closure_wcd937x_continuation_20260520_033221/artifacts/modules_dir/lib/modules/6.18.0-00006-g53d68d37d754/kernel/drivers/mtd/ubi/ubi.ko
  INSTALL /local/mnt/workspace/AURA_V1/evidence/compile_closure_wcd937x_continuation_20260520_033221/artifacts/modules_dir/lib/modules/6.18.0-00006-g53d68d37d754/kernel/drivers/mtd/hyperbus/hyperbus-core.ko
  INSTALL /local/mnt/workspace/AURA_V1/evidence/compile_closure_wcd937x_continuation_20260520_033221/artifacts/modules_dir/lib/modules/6.18.0-00006-g53d68d37d754/kernel/drivers/mtd/hyperbus/hbmc-am654.ko
  INSTALL /local/mnt/workspace/AURA_V1/evidence/compile_closure_wcd937x_continuation_20260520_033221/artifacts/modules_dir/lib/modules/6.18.0-00006-g53d68d37d754/kernel/drivers/spi/spidev.ko
  INSTALL /local/mnt/workspace/AURA_V1/evidence/compile_closure_wcd937x_continuation_20260520_033221/artifacts/modules_dir/lib/modules/6.18.0-00006-g53d68d37d754/kernel/drivers/spi/spi-bcm2835.ko
  STRIP   /local/mnt/workspace/AURA_V1/evidence/compile_closure_wcd937x_continuation_20260520_033221/artifacts/modules_dir/lib/modules/6.18.0-00006-g53d68d37d754/kernel/drivers/mtd/hyperbus/hyperbus-core.ko
  STRIP   /local/mnt/workspace/AURA_V1/evidence/compile_closure_wcd937x_continuation_20260520_033221/artifacts/modules_dir/lib/modules/6.18.0-00006-g53d68d37d754/kernel/drivers/mtd/ubi/ubi.ko
  STRIP   /local/mnt/workspace/AURA_V1/evidence/compile_closure_wcd937x_continuation_20260520_033221/artifacts/modules_dir/lib/modules/6.18.0-00006-g53d68d37d754/kernel/drivers/mtd/hyperbus/hbmc-am654.ko
  STRIP   /local/mnt/workspace/AURA_V1/evidence/compile_closure_wcd937x_continuation_20260520_033221/artifacts/modules_dir/lib/modules/6.18.0-00006-g53d68d37d754/kernel/drivers/mtd/nand/spi/spinand.ko
  STRIP   /local/mnt/workspace/AURA_V1/evidence/compile_closure_wcd937x_continuation_20260520_033221/artifacts/modules_dir/lib/modules/6.18.0-00006-g53d68d37d754/kernel/drivers/spi/spidev.ko
  INSTALL /local/mnt/workspace/AURA_V1/evidence/compile_closure_wcd937x_continuation_20260520_033221/artifacts/modules_dir/lib/modules/6.18.0-00006-g53d68d37d754/kernel/drivers/spi/spi-bcm2835aux.ko
  STRIP   /local/mnt/workspace/AURA_V1/evidence/compile_closure_wcd937x_continuation_20260520_033221/artifacts/modules_dir/lib/modules/6.18.0-00006-g53d68d37d754/kernel/drivers/spi/spi-bcm2835.ko
  INSTALL /local/mnt/workspace/AURA_V1/evidence/compile_closure_wcd937x_continuation_20260520_033221/artifacts/modules_dir/lib/modules/6.18.0-00006-g53d68d37d754/kernel/drivers/spi/spi-dw.ko
  INSTALL /local/mnt/workspace/AURA_V1/evidence/compile_closure_wcd937x_continuation_20260520_033221/artifacts/modules_dir/lib/modules/6.18.0-00006-g53d68d37d754/kernel/drivers/spi/spi-dw-mmio.ko
  STRIP   /local/mnt/workspace/AURA_V1/evidence/compile_closure_wcd937x_continuation_20260520_033221/artifacts/modules_dir/lib/modules/6.18.0-00006-g53d68d37d754/kernel/drivers/spi/spi-bcm2835aux.ko
  STRIP   /local/mnt/workspace/AURA_V1/evidence/compile_closure_wcd937x_continuation_20260520_033221/artifacts/modules_dir/lib/modules/6.18.0-00006-g53d68d37d754/kernel/drivers/spi/spi-dw.ko
  INSTALL /local/mnt/workspace/AURA_V1/evidence/compile_closure_wcd937x_continuation_20260520_033221/artifacts/modules_dir/lib/modules/6.18.0-00006-g53d68d37d754/kernel/drivers/spi/spi-imx.ko
  INSTALL /local/mnt/workspace/AURA_V1/evidence/compile_closure_wcd937x_continuation_20260520_033221/artifacts/modules_dir/lib/modules/6.18.0-00006-g53d68d37d754/kernel/drivers/spi/spi-meson-spicc.ko
  STRIP   /local/mnt/workspace/AURA_V1/evidence/compile_closure_wcd937x_continuation_20260520_033221/artifacts/modules_dir/lib/modules/6.18.0-00006-g53d68d37d754/kernel/drivers/spi/spi-dw-mmio.ko
  INSTALL /local/mnt/workspace/AURA_V1/evidence/compile_closure_wcd937x_continuation_20260520_033221/artifacts/modules_dir/lib/modules/6.18.0-00006-g53d68d37d754/kernel/drivers/spi/spi-meson-spifc.ko
  INSTALL /local/mnt/workspace/AURA_V1/evidence/compile_closure_wcd937x_continuation_20260520_033221/artifacts/modules_dir/lib/modules/6.18.0-00006-g53d68d37d754/kernel/drivers/spi/spi-mtk-nor.ko
  INSTALL /local/mnt/workspace/AURA_V1/evidence/compile_closure_wcd937x_continuation_20260520_033221/artifacts/modules_dir/lib/modules/6.18.0-00006-g53d68d37d754/kernel/drivers/spi/spi-omap2-mcspi.ko
  STRIP   /local/mnt/workspace/AURA_V1/evidence/compile_closure_wcd937x_continuation_20260520_033221/artifacts/modules_dir/lib/modules/6.18.0-00006-g53d68d37d754/kernel/drivers/spi/spi-meson-spicc.ko
  STRIP   /local/mnt/workspace/AURA_V1/evidence/compile_closure_wcd937x_continuation_20260520_033221/artifacts/modules_dir/lib/modules/6.18.0-00006-g53d68d37d754/kernel/drivers/spi/spi-imx.ko
  STRIP   /local/mnt/workspace/AURA_V1/evidence/compile_closure_wcd937x_continuation_20260520_033221/artifacts/modules_dir/lib/modules/6.18.0-00006-g53d68d37d754/kernel/drivers/spi/spi-meson-spifc.ko
  STRIP   /local/mnt/workspace/AURA_V1/evidence/compile_closure_wcd937x_continuation_20260520_033221/artifacts/modules_dir/lib/modules/6.18.0-00006-g53d68d37d754/kernel/drivers/spi/spi-mtk-nor.ko
  INSTALL /local/mnt/workspace/AURA_V1/evidence/compile_closure_wcd937x_continuation_20260520_033221/artifacts/modules_dir/lib/modules/6.18.0-00006-g53d68d37d754/kernel/drivers/spi/spi-geni-qcom.ko
  INSTALL /local/mnt/workspace/AURA_V1/evidence/compile_closure_wcd937x_continuation_20260520_033221/artifacts/modules_dir/lib/modules/6.18.0-00006-g53d68d37d754/kernel/drivers/spi/spi-qcom-qspi.ko
  STRIP   /local/mnt/workspace/AURA_V1/evidence/compile_closure_wcd937x_continuation_20260520_033221/artifacts/modules_dir/lib/modules/6.18.0-00006-g53d68d37d754/kernel/drivers/spi/spi-omap2-mcspi.ko
  INSTALL /local/mnt/workspace/AURA_V1/evidence/compile_closure_wcd937x_continuation_20260520_033221/artifacts/modules_dir/lib/modules/6.18.0-00006-g53d68d37d754/kernel/drivers/spi/spi-rockchip-sfc.ko
  STRIP   /local/mnt/workspace/AURA_V1/evidence/compile_closure_wcd937x_continuation_20260520_033221/artifacts/modules_dir/lib/modules/6.18.0-00006-g53d68d37d754/kernel/drivers/spi/spi-geni-qcom.ko
  STRIP   /local/mnt/workspace/AURA_V1/evidence/compile_closure_wcd937x_continuation_20260520_033221/artifacts/modules_dir/lib/modules/6.18.0-00006-g53d68d37d754/kernel/drivers/spi/spi-qcom-qspi.ko
  STRIP   /local/mnt/workspace/AURA_V1/evidence/compile_closure_wcd937x_continuation_20260520_033221/artifacts/modules_dir/lib/modules/6.18.0-00006-g53d68d37d754/kernel/drivers/spi/spi-rockchip-sfc.ko
  INSTALL /local/mnt/workspace/AURA_V1/evidence/compile_closure_wcd937x_continuation_20260520_033221/artifacts/modules_dir/lib/modules/6.18.0-00006-g53d68d37d754/kernel/drivers/spi/spi-rpc-if.ko
  INSTALL /local/mnt/workspace/AURA_V1/evidence/compile_closure_wcd937x_continuation_20260520_033221/artifacts/modules_dir/lib/modules/6.18.0-00006-g53d68d37d754/kernel/drivers/spi/spi-rspi.ko
  INSTALL /local/mnt/workspace/AURA_V1/evidence/compile_closure_wcd937x_continuation_20260520_033221/artifacts/modules_dir/lib/modules/6.18.0-00006-g53d68d37d754/kernel/drivers/spi/spi-rzv2h-rspi.ko
  INSTALL /local/mnt/workspace/AURA_V1/evidence/compile_closure_wcd937x_continuation_20260520_033221/artifacts/modules_dir/lib/modules/6.18.0-00006-g53d68d37d754/kernel/drivers/spi/spi-rzv2m-csi.ko
  STRIP   /local/mnt/workspace/AURA_V1/evidence/compile_closure_wcd937x_continuation_20260520_033221/artifacts/modules_dir/lib/modules/6.18.0-00006-g53d68d37d754/kernel/drivers/spi/spi-rpc-if.ko
  STRIP   /local/mnt/workspace/AURA_V1/evidence/compile_closure_wcd937x_continuation_20260520_033221/artifacts/modules_dir/lib/modules/6.18.0-00006-g53d68d37d754/kernel/drivers/spi/spi-rspi.ko
  INSTALL /local/mnt/workspace/AURA_V1/evidence/compile_closure_wcd937x_continuation_20260520_033221/artifacts/modules_dir/lib/modules/6.18.0-00006-g53d68d37d754/kernel/drivers/spi/spi-sh-msiof.ko
  STRIP   /local/mnt/workspace/AURA_V1/evidence/compile_closure_wcd937x_continuation_20260520_033221/artifacts/modules_dir/lib/modules/6.18.0-00006-g53d68d37d754/kernel/drivers/spi/spi-rzv2m-csi.ko
  STRIP   /local/mnt/workspace/AURA_V1/evidence/compile_closure_wcd937x_continuation_20260520_033221/artifacts/modules_dir/lib/modules/6.18.0-00006-g53d68d37d754/kernel/drivers/spi/spi-rzv2h-rspi.ko
  INSTALL /local/mnt/workspace/AURA_V1/evidence/compile_closure_wcd937x_continuation_20260520_033221/artifacts/modules_dir/lib/modules/6.18.0-00006-g53d68d37d754/kernel/drivers/spi/spi-stm32-ospi.ko
  INSTALL /local/mnt/workspace/AURA_V1/evidence/compile_closure_wcd937x_continuation_20260520_033221/artifacts/modules_dir/lib/modules/6.18.0-00006-g53d68d37d754/kernel/drivers/spi/spi-tegra210-quad.ko
  INSTALL /local/mnt/workspace/AURA_V1/evidence/compile_closure_wcd937x_continuation_20260520_033221/artifacts/modules_dir/lib/modules/6.18.0-00006-g53d68d37d754/kernel/drivers/spi/spi-tegra114.ko
  STRIP   /local/mnt/workspace/AURA_V1/evidence/compile_closure_wcd937x_continuation_20260520_033221/artifacts/modules_dir/lib/modules/6.18.0-00006-g53d68d37d754/kernel/drivers/spi/spi-sh-msiof.ko
  STRIP   /local/mnt/workspace/AURA_V1/evidence/compile_closure_wcd937x_continuation_20260520_033221/artifacts/modules_dir/lib/modules/6.18.0-00006-g53d68d37d754/kernel/drivers/spi/spi-stm32-ospi.ko
  STRIP   /local/mnt/workspace/AURA_V1/evidence/compile_closure_wcd937x_continuation_20260520_033221/artifacts/modules_dir/lib/modules/6.18.0-00006-g53d68d37d754/kernel/drivers/spi/spi-tegra210-quad.ko
  STRIP   /local/mnt/workspace/AURA_V1/evidence/compile_closure_wcd937x_continuation_20260520_033221/artifacts/modules_dir/lib/modules/6.18.0-00006-g53d68d37d754/kernel/drivers/spi/spi-tegra114.ko
  INSTALL /local/mnt/workspace/AURA_V1/evidence/compile_closure_wcd937x_continuation_20260520_033221/artifacts/modules_dir/lib/modules/6.18.0-00006-g53d68d37d754/kernel/drivers/spmi/spmi-mtk-pmif.ko
  INSTALL /local/mnt/workspace/AURA_V1/evidence/compile_closure_wcd937x_continuation_20260520_033221/artifacts/modules_dir/lib/modules/6.18.0-00006-g53d68d37d754/kernel/drivers/net/phy/ax88796b.ko
  INSTALL /local/mnt/workspace/AURA_V1/evidence/compile_closure_wcd937x_continuation_20260520_033221/artifacts/modules_dir/lib/modules/6.18.0-00006-g53d68d37d754/kernel/drivers/net/phy/bcm54140.ko
  INSTALL /local/mnt/workspace/AURA_V1/evidence/compile_closure_wcd937x_continuation_20260520_033221/artifacts/modules_dir/lib/modules/6.18.0-00006-g53d68d37d754/kernel/drivers/net/phy/bcm7xxx.ko
  INSTALL /local/mnt/workspace/AURA_V1/evidence/compile_closure_wcd937x_continuation_20260520_033221/artifacts/modules_dir/lib/modules/6.18.0-00006-g53d68d37d754/kernel/drivers/net/phy/bcm-phy-lib.ko
  STRIP   /local/mnt/workspace/AURA_V1/evidence/compile_closure_wcd937x_continuation_20260520_033221/artifacts/modules_dir/lib/modules/6.18.0-00006-g53d68d37d754/kernel/drivers/spmi/spmi-mtk-pmif.ko
  STRIP   /local/mnt/workspace/AURA_V1/evidence/compile_closure_wcd937x_continuation_20260520_033221/artifacts/modules_dir/lib/modules/6.18.0-00006-g53d68d37d754/kernel/drivers/net/phy/ax88796b.ko
  STRIP   /local/mnt/workspace/AURA_V1/evidence/compile_closure_wcd937x_continuation_20260520_033221/artifacts/modules_dir/lib/modules/6.18.0-00006-g53d68d37d754/kernel/drivers/net/phy/bcm54140.ko
  STRIP   /local/mnt/workspace/AURA_V1/evidence/compile_closure_wcd937x_continuation_20260520_033221/artifacts/modules_dir/lib/modules/6.18.0-00006-g53d68d37d754/kernel/drivers/net/phy/bcm7xxx.ko
  STRIP   /local/mnt/workspace/AURA_V1/evidence/compile_closure_wcd937x_continuation_20260520_033221/artifacts/modules_dir/lib/modules/6.18.0-00006-g53d68d37d754/kernel/drivers/net/phy/bcm-phy-lib.ko
  INSTALL /local/mnt/workspace/AURA_V1/evidence/compile_closure_wcd937x_continuation_20260520_033221/artifacts/modules_dir/lib/modules/6.18.0-00006-g53d68d37d754/kernel/drivers/net/phy/broadcom.ko
  INSTALL /local/mnt/workspace/AURA_V1/evidence/compile_closure_wcd937x_continuation_20260520_033221/artifacts/modules_dir/lib/modules/6.18.0-00006-g53d68d37d754/kernel/drivers/net/phy/dp83869.ko
  INSTALL /local/mnt/workspace/AURA_V1/evidence/compile_closure_wcd937x_continuation_20260520_033221/artifacts/modules_dir/lib/modules/6.18.0-00006-g53d68d37d754/kernel/drivers/net/phy/marvell.ko
  INSTALL /local/mnt/workspace/AURA_V1/evidence/compile_closure_wcd937x_continuation_20260520_033221/artifacts/modules_dir/lib/modules/6.18.0-00006-g53d68d37d754/kernel/drivers/net/phy/meson-gxl.ko
  STRIP   /local/mnt/workspace/AURA_V1/evidence/compile_closure_wcd937x_continuation_20260520_033221/artifacts/modules_dir/lib/modules/6.18.0-00006-g53d68d37d754/kernel/drivers/net/phy/broadcom.ko
  STRIP   /local/mnt/workspace/AURA_V1/evidence/compile_closure_wcd937x_continuation_20260520_033221/artifacts/modules_dir/lib/modules/6.18.0-00006-g53d68d37d754/kernel/drivers/net/phy/dp83869.ko
  STRIP   /local/mnt/workspace/AURA_V1/evidence/compile_closure_wcd937x_continuation_20260520_033221/artifacts/modules_dir/lib/modules/6.18.0-00006-g53d68d37d754/kernel/drivers/net/phy/marvell.ko
  INSTALL /local/mnt/workspace/AURA_V1/evidence/compile_closure_wcd937x_continuation_20260520_033221/artifacts/modules_dir/lib/modules/6.18.0-00006-g53d68d37d754/kernel/drivers/net/phy/microchip.ko
  STRIP   /local/mnt/workspace/AURA_V1/evidence/compile_closure_wcd937x_continuation_20260520_033221/artifacts/modules_dir/lib/modules/6.18.0-00006-g53d68d37d754/kernel/drivers/net/phy/meson-gxl.ko
  INSTALL /local/mnt/workspace/AURA_V1/evidence/compile_closure_wcd937x_continuation_20260520_033221/artifacts/modules_dir/lib/modules/6.18.0-00006-g53d68d37d754/kernel/drivers/net/phy/smsc.ko
  INSTALL /local/mnt/workspace/AURA_V1/evidence/compile_closure_wcd937x_continuation_20260520_033221/artifacts/modules_dir/lib/modules/6.18.0-00006-g53d68d37d754/kernel/drivers/net/mdio/mdio-regmap.ko
  STRIP   /local/mnt/workspace/AURA_V1/evidence/compile_closure_wcd937x_continuation_20260520_033221/artifacts/modules_dir/lib/modules/6.18.0-00006-g53d68d37d754/kernel/drivers/net/phy/microchip.ko
  INSTALL /local/mnt/workspace/AURA_V1/evidence/compile_closure_wcd937x_continuation_20260520_033221/artifacts/modules_dir/lib/modules/6.18.0-00006-g53d68d37d754/kernel/drivers/net/mdio/mdio-mux-meson-g12a.ko
  INSTALL /local/mnt/workspace/AURA_V1/evidence/compile_closure_wcd937x_continuation_20260520_033221/artifacts/modules_dir/lib/modules/6.18.0-00006-g53d68d37d754/kernel/drivers/net/mdio/mdio-mux-meson-gxl.ko
  INSTALL /local/mnt/workspace/AURA_V1/evidence/compile_closure_wcd937x_continuation_20260520_033221/artifacts/modules_dir/lib/modules/6.18.0-00006-g53d68d37d754/kernel/drivers/net/pcs/pcs_xpcs.ko
  STRIP   /local/mnt/workspace/AURA_V1/evidence/compile_closure_wcd937x_continuation_20260520_033221/artifacts/modules_dir/lib/modules/6.18.0-00006-g53d68d37d754/kernel/drivers/net/mdio/mdio-regmap.ko
  INSTALL /local/mnt/workspace/AURA_V1/evidence/compile_closure_wcd937x_continuation_20260520_033221/artifacts/modules_dir/lib/modules/6.18.0-00006-g53d68d37d754/kernel/drivers/net/pcs/pcs-rzn1-miic.ko
  STRIP   /local/mnt/workspace/AURA_V1/evidence/compile_closure_wcd937x_continuation_20260520_033221/artifacts/modules_dir/lib/modules/6.18.0-00006-g53d68d37d754/kernel/drivers/net/phy/smsc.ko
  STRIP   /local/mnt/workspace/AURA_V1/evidence/compile_closure_wcd937x_continuation_20260520_033221/artifacts/modules_dir/lib/modules/6.18.0-00006-g53d68d37d754/kernel/drivers/net/mdio/mdio-mux-meson-g12a.ko
  STRIP   /local/mnt/workspace/AURA_V1/evidence/compile_closure_wcd937x_continuation_20260520_033221/artifacts/modules_dir/lib/modules/6.18.0-00006-g53d68d37d754/kernel/drivers/net/mdio/mdio-mux-meson-gxl.ko
  INSTALL /local/mnt/workspace/AURA_V1/evidence/compile_closure_wcd937x_continuation_20260520_033221/artifacts/modules_dir/lib/modules/6.18.0-00006-g53d68d37d754/kernel/drivers/net/dsa/b53/b53_common.ko
  STRIP   /local/mnt/workspace/AURA_V1/evidence/compile_closure_wcd937x_continuation_20260520_033221/artifacts/modules_dir/lib/modules/6.18.0-00006-g53d68d37d754/kernel/drivers/net/pcs/pcs_xpcs.ko
  INSTALL /local/mnt/workspace/AURA_V1/evidence/compile_closure_wcd937x_continuation_20260520_033221/artifacts/modules_dir/lib/modules/6.18.0-00006-g53d68d37d754/kernel/drivers/net/dsa/b53/b53_srab.ko
  STRIP   /local/mnt/workspace/AURA_V1/evidence/compile_closure_wcd937x_continuation_20260520_033221/artifacts/modules_dir/lib/modules/6.18.0-00006-g53d68d37d754/kernel/drivers/net/pcs/pcs-rzn1-miic.ko
  STRIP   /local/mnt/workspace/AURA_V1/evidence/compile_closure_wcd937x_continuation_20260520_033221/artifacts/modules_dir/lib/modules/6.18.0-00006-g53d68d37d754/kernel/drivers/net/dsa/b53/b53_common.ko
  INSTALL /local/mnt/workspace/AURA_V1/evidence/compile_closure_wcd937x_continuation_20260520_033221/artifacts/modules_dir/lib/modules/6.18.0-00006-g53d68d37d754/kernel/drivers/net/dsa/ocelot/mscc_felix_dsa_lib.ko
  STRIP   /local/mnt/workspace/AURA_V1/evidence/compile_closure_wcd937x_continuation_20260520_033221/artifacts/modules_dir/lib/modules/6.18.0-00006-g53d68d37d754/kernel/drivers/net/dsa/b53/b53_srab.ko
  INSTALL /local/mnt/workspace/AURA_V1/evidence/compile_closure_wcd937x_continuation_20260520_033221/artifacts/modules_dir/lib/modules/6.18.0-00006-g53d68d37d754/kernel/drivers/net/dsa/ocelot/mscc_felix.ko
  INSTALL /local/mnt/workspace/AURA_V1/evidence/compile_closure_wcd937x_continuation_20260520_033221/artifacts/modules_dir/lib/modules/6.18.0-00006-g53d68d37d754/kernel/drivers/net/dsa/bcm-sf2.ko
  INSTALL /local/mnt/workspace/AURA_V1/evidence/compile_closure_wcd937x_continuation_20260520_033221/artifacts/modules_dir/lib/modules/6.18.0-00006-g53d68d37d754/kernel/drivers/net/ethernet/amazon/ena/ena.ko
  INSTALL /local/mnt/workspace/AURA_V1/evidence/compile_closure_wcd937x_continuation_20260520_033221/artifacts/modules_dir/lib/modules/6.18.0-00006-g53d68d37d754/kernel/drivers/net/ethernet/atheros/atl1c/atl1c.ko
  INSTALL /local/mnt/workspace/AURA_V1/evidence/compile_closure_wcd937x_continuation_20260520_033221/artifacts/modules_dir/lib/modules/6.18.0-00006-g53d68d37d754/kernel/drivers/net/ethernet/broadcom/genet/genet.ko
  STRIP   /local/mnt/workspace/AURA_V1/evidence/compile_closure_wcd937x_continuation_20260520_033221/artifacts/modules_dir/lib/modules/6.18.0-00006-g53d68d37d754/kernel/drivers/net/dsa/ocelot/mscc_felix_dsa_lib.ko
  STRIP   /local/mnt/workspace/AURA_V1/evidence/compile_closure_wcd937x_continuation_20260520_033221/artifacts/modules_dir/lib/modules/6.18.0-00006-g53d68d37d754/kernel/drivers/net/dsa/ocelot/mscc_felix.ko
  STRIP   /local/mnt/workspace/AURA_V1/evidence/compile_closure_wcd937x_continuation_20260520_033221/artifacts/modules_dir/lib/modules/6.18.0-00006-g53d68d37d754/kernel/drivers/net/dsa/bcm-sf2.ko
  INSTALL /local/mnt/workspace/AURA_V1/evidence/compile_closure_wcd937x_continuation_20260520_033221/artifacts/modules_dir/lib/modules/6.18.0-00006-g53d68d37d754/kernel/drivers/net/ethernet/broadcom/bnx2x/bnx2x.ko
  STRIP   /local/mnt/workspace/AURA_V1/evidence/compile_closure_wcd937x_continuation_20260520_033221/artifacts/modules_dir/lib/modules/6.18.0-00006-g53d68d37d754/kernel/drivers/net/ethernet/amazon/ena/ena.ko
  STRIP   /local/mnt/workspace/AURA_V1/evidence/compile_closure_wcd937x_continuation_20260520_033221/artifacts/modules_dir/lib/modules/6.18.0-00006-g53d68d37d754/kernel/drivers/net/ethernet/atheros/atl1c/atl1c.ko
  STRIP   /local/mnt/workspace/AURA_V1/evidence/compile_closure_wcd937x_continuation_20260520_033221/artifacts/modules_dir/lib/modules/6.18.0-00006-g53d68d37d754/kernel/drivers/net/ethernet/broadcom/genet/genet.ko
  INSTALL /local/mnt/workspace/AURA_V1/evidence/compile_closure_wcd937x_continuation_20260520_033221/artifacts/modules_dir/lib/modules/6.18.0-00006-g53d68d37d754/kernel/drivers/net/ethernet/broadcom/bcmsysport.ko
  INSTALL /local/mnt/workspace/AURA_V1/evidence/compile_closure_wcd937x_continuation_20260520_033221/artifacts/modules_dir/lib/modules/6.18.0-00006-g53d68d37d754/kernel/drivers/net/ethernet/mediatek/mtk_star_emac.ko
  INSTALL /local/mnt/workspace/AURA_V1/evidence/compile_closure_wcd937x_continuation_20260520_033221/artifacts/modules_dir/lib/modules/6.18.0-00006-g53d68d37d754/kernel/drivers/net/ethernet/mellanox/mlx4/mlx4_core.ko
  STRIP   /local/mnt/workspace/AURA_V1/evidence/compile_closure_wcd937x_continuation_20260520_033221/artifacts/modules_dir/lib/modules/6.18.0-00006-g53d68d37d754/kernel/drivers/net/ethernet/broadcom/bcmsysport.ko
  INSTALL /local/mnt/workspace/AURA_V1/evidence/compile_closure_wcd937x_continuation_20260520_033221/artifacts/modules_dir/lib/modules/6.18.0-00006-g53d68d37d754/kernel/drivers/net/ethernet/mellanox/mlx4/mlx4_en.ko
  STRIP   /local/mnt/workspace/AURA_V1/evidence/compile_closure_wcd937x_continuation_20260520_033221/artifacts/modules_dir/lib/modules/6.18.0-00006-g53d68d37d754/kernel/drivers/net/ethernet/mediatek/mtk_star_emac.ko
  STRIP   /local/mnt/workspace/AURA_V1/evidence/compile_closure_wcd937x_continuation_20260520_033221/artifacts/modules_dir/lib/modules/6.18.0-00006-g53d68d37d754/kernel/drivers/net/ethernet/broadcom/bnx2x/bnx2x.ko
  INSTALL /local/mnt/workspace/AURA_V1/evidence/compile_closure_wcd937x_continuation_20260520_033221/artifacts/modules_dir/lib/modules/6.18.0-00006-g53d68d37d754/kernel/drivers/net/ethernet/mellanox/mlx5/core/mlx5_core.ko
  INSTALL /local/mnt/workspace/AURA_V1/evidence/compile_closure_wcd937x_continuation_20260520_033221/artifacts/modules_dir/lib/modules/6.18.0-00006-g53d68d37d754/kernel/drivers/net/ethernet/mscc/mscc_ocelot_switch_lib.ko
  INSTALL /local/mnt/workspace/AURA_V1/evidence/compile_closure_wcd937x_continuation_20260520_033221/artifacts/modules_dir/lib/modules/6.18.0-00006-g53d68d37d754/kernel/drivers/net/ethernet/qualcomm/emac/qcom-emac.ko
  STRIP   /local/mnt/workspace/AURA_V1/evidence/compile_closure_wcd937x_continuation_20260520_033221/artifacts/modules_dir/lib/modules/6.18.0-00006-g53d68d37d754/kernel/drivers/net/ethernet/mellanox/mlx4/mlx4_en.ko
  INSTALL /local/mnt/workspace/AURA_V1/evidence/compile_closure_wcd937x_continuation_20260520_033221/artifacts/modules_dir/lib/modules/6.18.0-00006-g53d68d37d754/kernel/drivers/net/ethernet/qualcomm/rmnet/rmnet.ko
  INSTALL /local/mnt/workspace/AURA_V1/evidence/compile_closure_wcd937x_continuation_20260520_033221/artifacts/modules_dir/lib/modules/6.18.0-00006-g53d68d37d754/kernel/drivers/net/ethernet/realtek/r8169.ko
  STRIP   /local/mnt/workspace/AURA_V1/evidence/compile_closure_wcd937x_continuation_20260520_033221/artifacts/modules_dir/lib/modules/6.18.0-00006-g53d68d37d754/kernel/drivers/net/ethernet/mellanox/mlx4/mlx4_core.ko
  STRIP   /local/mnt/workspace/AURA_V1/evidence/compile_closure_wcd937x_continuation_20260520_033221/artifacts/modules_dir/lib/modules/6.18.0-00006-g53d68d37d754/kernel/drivers/net/ethernet/mscc/mscc_ocelot_switch_lib.ko
  STRIP   /local/mnt/workspace/AURA_V1/evidence/compile_closure_wcd937x_continuation_20260520_033221/artifacts/modules_dir/lib/modules/6.18.0-00006-g53d68d37d754/kernel/drivers/net/ethernet/qualcomm/emac/qcom-emac.ko
  STRIP   /local/mnt/workspace/AURA_V1/evidence/compile_closure_wcd937x_continuation_20260520_033221/artifacts/modules_dir/lib/modules/6.18.0-00006-g53d68d37d754/kernel/drivers/net/ethernet/qualcomm/rmnet/rmnet.ko
  STRIP   /local/mnt/workspace/AURA_V1/evidence/compile_closure_wcd937x_continuation_20260520_033221/artifacts/modules_dir/lib/modules/6.18.0-00006-g53d68d37d754/kernel/drivers/net/ethernet/realtek/r8169.ko
  INSTALL /local/mnt/workspace/AURA_V1/evidence/compile_closure_wcd937x_continuation_20260520_033221/artifacts/modules_dir/lib/modules/6.18.0-00006-g53d68d37d754/kernel/drivers/net/ethernet/stmicro/stmmac/stmmac.ko
  INSTALL /local/mnt/workspace/AURA_V1/evidence/compile_closure_wcd937x_continuation_20260520_033221/artifacts/modules_dir/lib/modules/6.18.0-00006-g53d68d37d754/kernel/drivers/net/ethernet/stmicro/stmmac/stmmac-platform.ko
  INSTALL /local/mnt/workspace/AURA_V1/evidence/compile_closure_wcd937x_continuation_20260520_033221/artifacts/modules_dir/lib/modules/6.18.0-00006-g53d68d37d754/kernel/drivers/net/ethernet/stmicro/stmmac/dwmac-ipq806x.ko
  INSTALL /local/mnt/workspace/AURA_V1/evidence/compile_closure_wcd937x_continuation_20260520_033221/artifacts/modules_dir/lib/modules/6.18.0-00006-g53d68d37d754/kernel/drivers/net/ethernet/stmicro/stmmac/dwmac-mediatek.ko
  INSTALL /local/mnt/workspace/AURA_V1/evidence/compile_closure_wcd937x_continuation_20260520_033221/artifacts/modules_dir/lib/modules/6.18.0-00006-g53d68d37d754/kernel/drivers/net/ethernet/stmicro/stmmac/dwmac-meson.ko
  STRIP   /local/mnt/workspace/AURA_V1/evidence/compile_closure_wcd937x_continuation_20260520_033221/artifacts/modules_dir/lib/modules/6.18.0-00006-g53d68d37d754/kernel/drivers/net/ethernet/stmicro/stmmac/stmmac.ko
  STRIP   /local/mnt/workspace/AURA_V1/evidence/compile_closure_wcd937x_continuation_20260520_033221/artifacts/modules_dir/lib/modules/6.18.0-00006-g53d68d37d754/kernel/drivers/net/ethernet/stmicro/stmmac/stmmac-platform.ko
  STRIP   /local/mnt/workspace/AURA_V1/evidence/compile_closure_wcd937x_continuation_20260520_033221/artifacts/modules_dir/lib/modules/6.18.0-00006-g53d68d37d754/kernel/drivers/net/ethernet/stmicro/stmmac/dwmac-ipq806x.ko
  STRIP   /local/mnt/workspace/AURA_V1/evidence/compile_closure_wcd937x_continuation_20260520_033221/artifacts/modules_dir/lib/modules/6.18.0-00006-g53d68d37d754/kernel/drivers/net/ethernet/stmicro/stmmac/dwmac-mediatek.ko
  INSTALL /local/mnt/workspace/AURA_V1/evidence/compile_closure_wcd937x_continuation_20260520_033221/artifacts/modules_dir/lib/modules/6.18.0-00006-g53d68d37d754/kernel/drivers/net/ethernet/stmicro/stmmac/dwmac-meson8b.ko
  STRIP   /local/mnt/workspace/AURA_V1/evidence/compile_closure_wcd937x_continuation_20260520_033221/artifacts/modules_dir/lib/modules/6.18.0-00006-g53d68d37d754/kernel/drivers/net/ethernet/stmicro/stmmac/dwmac-meson.ko
  INSTALL /local/mnt/workspace/AURA_V1/evidence/compile_closure_wcd937x_continuation_20260520_033221/artifacts/modules_dir/lib/modules/6.18.0-00006-g53d68d37d754/kernel/drivers/net/ethernet/stmicro/stmmac/dwmac-qcom-ethqos.ko
  STRIP   /local/mnt/workspace/AURA_V1/evidence/compile_closure_wcd937x_continuation_20260520_033221/artifacts/modules_dir/lib/modules/6.18.0-00006-g53d68d37d754/kernel/drivers/net/ethernet/mellanox/mlx5/core/mlx5_core.ko
  STRIP   /local/mnt/workspace/AURA_V1/evidence/compile_closure_wcd937x_continuation_20260520_033221/artifacts/modules_dir/lib/modules/6.18.0-00006-g53d68d37d754/kernel/drivers/net/ethernet/stmicro/stmmac/dwmac-meson8b.ko
  STRIP   /local/mnt/workspace/AURA_V1/evidence/compile_closure_wcd937x_continuation_20260520_033221/artifacts/modules_dir/lib/modules/6.18.0-00006-g53d68d37d754/kernel/drivers/net/ethernet/stmicro/stmmac/dwmac-qcom-ethqos.ko
  INSTALL /local/mnt/workspace/AURA_V1/evidence/compile_closure_wcd937x_continuation_20260520_033221/artifacts/modules_dir/lib/modules/6.18.0-00006-g53d68d37d754/kernel/drivers/net/ethernet/stmicro/stmmac/dwmac-renesas-gbeth.ko
  INSTALL /local/mnt/workspace/AURA_V1/evidence/compile_closure_wcd937x_continuation_20260520_033221/artifacts/modules_dir/lib/modules/6.18.0-00006-g53d68d37d754/kernel/drivers/net/ethernet/stmicro/stmmac/dwmac-rk.ko
  INSTALL /local/mnt/workspace/AURA_V1/evidence/compile_closure_wcd937x_continuation_20260520_033221/artifacts/modules_dir/lib/modules/6.18.0-00006-g53d68d37d754/kernel/drivers/net/ethernet/stmicro/stmmac/dwmac-s32.ko
  INSTALL /local/mnt/workspace/AURA_V1/evidence/compile_closure_wcd937x_continuation_20260520_033221/artifacts/modules_dir/lib/modules/6.18.0-00006-g53d68d37d754/kernel/drivers/net/ethernet/stmicro/stmmac/dwmac-altr-socfpga.ko
  INSTALL /local/mnt/workspace/AURA_V1/evidence/compile_closure_wcd937x_continuation_20260520_033221/artifacts/modules_dir/lib/modules/6.18.0-00006-g53d68d37d754/kernel/drivers/net/ethernet/stmicro/stmmac/dwmac-sophgo.ko
  INSTALL /local/mnt/workspace/AURA_V1/evidence/compile_closure_wcd937x_continuation_20260520_033221/artifacts/modules_dir/lib/modules/6.18.0-00006-g53d68d37d754/kernel/drivers/net/ethernet/stmicro/stmmac/dwmac-stm32.ko
  STRIP   /local/mnt/workspace/AURA_V1/evidence/compile_closure_wcd937x_continuation_20260520_033221/artifacts/modules_dir/lib/modules/6.18.0-00006-g53d68d37d754/kernel/drivers/net/ethernet/stmicro/stmmac/dwmac-renesas-gbeth.ko
  STRIP   /local/mnt/workspace/AURA_V1/evidence/compile_closure_wcd937x_continuation_20260520_033221/artifacts/modules_dir/lib/modules/6.18.0-00006-g53d68d37d754/kernel/drivers/net/ethernet/stmicro/stmmac/dwmac-rk.ko
  STRIP   /local/mnt/workspace/AURA_V1/evidence/compile_closure_wcd937x_continuation_20260520_033221/artifacts/modules_dir/lib/modules/6.18.0-00006-g53d68d37d754/kernel/drivers/net/ethernet/stmicro/stmmac/dwmac-s32.ko
  STRIP   /local/mnt/workspace/AURA_V1/evidence/compile_closure_wcd937x_continuation_20260520_033221/artifacts/modules_dir/lib/modules/6.18.0-00006-g53d68d37d754/kernel/drivers/net/ethernet/stmicro/stmmac/dwmac-altr-socfpga.ko
  STRIP   /local/mnt/workspace/AURA_V1/evidence/compile_closure_wcd937x_continuation_20260520_033221/artifacts/modules_dir/lib/modules/6.18.0-00006-g53d68d37d754/kernel/drivers/net/ethernet/stmicro/stmmac/dwmac-sophgo.ko
  STRIP   /local/mnt/workspace/AURA_V1/evidence/compile_closure_wcd937x_continuation_20260520_033221/artifacts/modules_dir/lib/modules/6.18.0-00006-g53d68d37d754/kernel/drivers/net/ethernet/stmicro/stmmac/dwmac-stm32.ko
  INSTALL /local/mnt/workspace/AURA_V1/evidence/compile_closure_wcd937x_continuation_20260520_033221/artifacts/modules_dir/lib/modules/6.18.0-00006-g53d68d37d754/kernel/drivers/net/ethernet/stmicro/stmmac/dwmac-sunxi.ko
  INSTALL /local/mnt/workspace/AURA_V1/evidence/compile_closure_wcd937x_continuation_20260520_033221/artifacts/modules_dir/lib/modules/6.18.0-00006-g53d68d37d754/kernel/drivers/net/ethernet/stmicro/stmmac/dwmac-sun8i.ko
  INSTALL /local/mnt/workspace/AURA_V1/evidence/compile_closure_wcd937x_continuation_20260520_033221/artifacts/modules_dir/lib/modules/6.18.0-00006-g53d68d37d754/kernel/drivers/net/ethernet/stmicro/stmmac/dwmac-sun55i.ko
  STRIP   /local/mnt/workspace/AURA_V1/evidence/compile_closure_wcd937x_continuation_20260520_033221/artifacts/modules_dir/lib/modules/6.18.0-00006-g53d68d37d754/kernel/drivers/net/ethernet/stmicro/stmmac/dwmac-sunxi.ko
  INSTALL /local/mnt/workspace/AURA_V1/evidence/compile_closure_wcd937x_continuation_20260520_033221/artifacts/modules_dir/lib/modules/6.18.0-00006-g53d68d37d754/kernel/drivers/net/ethernet/stmicro/stmmac/dwmac-generic.ko
  INSTALL /local/mnt/workspace/AURA_V1/evidence/compile_closure_wcd937x_continuation_20260520_033221/artifacts/modules_dir/lib/modules/6.18.0-00006-g53d68d37d754/kernel/drivers/net/ethernet/stmicro/stmmac/dwmac-imx.ko
  INSTALL /local/mnt/workspace/AURA_V1/evidence/compile_closure_wcd937x_continuation_20260520_033221/artifacts/modules_dir/lib/modules/6.18.0-00006-g53d68d37d754/kernel/drivers/net/ethernet/stmicro/stmmac/dwmac-tegra.ko
  STRIP   /local/mnt/workspace/AURA_V1/evidence/compile_closure_wcd937x_continuation_20260520_033221/artifacts/modules_dir/lib/modules/6.18.0-00006-g53d68d37d754/kernel/drivers/net/ethernet/stmicro/stmmac/dwmac-sun55i.ko
  INSTALL /local/mnt/workspace/AURA_V1/evidence/compile_closure_wcd937x_continuation_20260520_033221/artifacts/modules_dir/lib/modules/6.18.0-00006-g53d68d37d754/kernel/drivers/net/ethernet/stmicro/stmmac/dwmac-visconti.ko
  STRIP   /local/mnt/workspace/AURA_V1/evidence/compile_closure_wcd937x_continuation_20260520_033221/artifacts/modules_dir/lib/modules/6.18.0-00006-g53d68d37d754/kernel/drivers/net/ethernet/stmicro/stmmac/dwmac-sun8i.ko
  STRIP   /local/mnt/workspace/AURA_V1/evidence/compile_closure_wcd937x_continuation_20260520_033221/artifacts/modules_dir/lib/modules/6.18.0-00006-g53d68d37d754/kernel/drivers/net/ethernet/stmicro/stmmac/dwmac-generic.ko
  INSTALL /local/mnt/workspace/AURA_V1/evidence/compile_closure_wcd937x_continuation_20260520_033221/artifacts/modules_dir/lib/modules/6.18.0-00006-g53d68d37d754/kernel/drivers/net/ethernet/ti/icssg-prueth.ko
  STRIP   /local/mnt/workspace/AURA_V1/evidence/compile_closure_wcd937x_continuation_20260520_033221/artifacts/modules_dir/lib/modules/6.18.0-00006-g53d68d37d754/kernel/drivers/net/ethernet/stmicro/stmmac/dwmac-imx.ko
  STRIP   /local/mnt/workspace/AURA_V1/evidence/compile_closure_wcd937x_continuation_20260520_033221/artifacts/modules_dir/lib/modules/6.18.0-00006-g53d68d37d754/kernel/drivers/net/ethernet/stmicro/stmmac/dwmac-tegra.ko
  STRIP   /local/mnt/workspace/AURA_V1/evidence/compile_closure_wcd937x_continuation_20260520_033221/artifacts/modules_dir/lib/modules/6.18.0-00006-g53d68d37d754/kernel/drivers/net/ethernet/stmicro/stmmac/dwmac-visconti.ko
  INSTALL /local/mnt/workspace/AURA_V1/evidence/compile_closure_wcd937x_continuation_20260520_033221/artifacts/modules_dir/lib/modules/6.18.0-00006-g53d68d37d754/kernel/drivers/net/ethernet/ti/icssg.ko
  STRIP   /local/mnt/workspace/AURA_V1/evidence/compile_closure_wcd937x_continuation_20260520_033221/artifacts/modules_dir/lib/modules/6.18.0-00006-g53d68d37d754/kernel/drivers/net/ethernet/ti/icssg-prueth.ko
  INSTALL /local/mnt/workspace/AURA_V1/evidence/compile_closure_wcd937x_continuation_20260520_033221/artifacts/modules_dir/lib/modules/6.18.0-00006-g53d68d37d754/kernel/drivers/net/ethernet/ti/icssg/icss_iep.ko
  INSTALL /local/mnt/workspace/AURA_V1/evidence/compile_closure_wcd937x_continuation_20260520_033221/artifacts/modules_dir/lib/modules/6.18.0-00006-g53d68d37d754/kernel/drivers/net/wireless/ath/ath10k/ath10k_core.ko
  STRIP   /local/mnt/workspace/AURA_V1/evidence/compile_closure_wcd937x_continuation_20260520_033221/artifacts/modules_dir/lib/modules/6.18.0-00006-g53d68d37d754/kernel/drivers/net/ethernet/ti/icssg.ko
  INSTALL /local/mnt/workspace/AURA_V1/evidence/compile_closure_wcd937x_continuation_20260520_033221/artifacts/modules_dir/lib/modules/6.18.0-00006-g53d68d37d754/kernel/drivers/net/wireless/ath/ath10k/ath10k_pci.ko
  INSTALL /local/mnt/workspace/AURA_V1/evidence/compile_closure_wcd937x_continuation_20260520_033221/artifacts/modules_dir/lib/modules/6.18.0-00006-g53d68d37d754/kernel/drivers/net/wireless/ath/ath10k/ath10k_sdio.ko
  INSTALL /local/mnt/workspace/AURA_V1/evidence/compile_closure_wcd937x_continuation_20260520_033221/artifacts/modules_dir/lib/modules/6.18.0-00006-g53d68d37d754/kernel/drivers/net/wireless/ath/ath10k/ath10k_snoc.ko
  STRIP   /local/mnt/workspace/AURA_V1/evidence/compile_closure_wcd937x_continuation_20260520_033221/artifacts/modules_dir/lib/modules/6.18.0-00006-g53d68d37d754/kernel/drivers/net/ethernet/ti/icssg/icss_iep.ko
  INSTALL /local/mnt/workspace/AURA_V1/evidence/compile_closure_wcd937x_continuation_20260520_033221/artifacts/modules_dir/lib/modules/6.18.0-00006-g53d68d37d754/kernel/drivers/net/wireless/ath/wcn36xx/wcn36xx.ko
  STRIP   /local/mnt/workspace/AURA_V1/evidence/compile_closure_wcd937x_continuation_20260520_033221/artifacts/modules_dir/lib/modules/6.18.0-00006-g53d68d37d754/kernel/drivers/net/wireless/ath/ath10k/ath10k_pci.ko
  INSTALL /local/mnt/workspace/AURA_V1/evidence/compile_closure_wcd937x_continuation_20260520_033221/artifacts/modules_dir/lib/modules/6.18.0-00006-g53d68d37d754/kernel/drivers/net/wireless/ath/ath11k/ath11k.ko
  STRIP   /local/mnt/workspace/AURA_V1/evidence/compile_closure_wcd937x_continuation_20260520_033221/artifacts/modules_dir/lib/modules/6.18.0-00006-g53d68d37d754/kernel/drivers/net/wireless/ath/ath10k/ath10k_sdio.ko
  STRIP   /local/mnt/workspace/AURA_V1/evidence/compile_closure_wcd937x_continuation_20260520_033221/artifacts/modules_dir/lib/modules/6.18.0-00006-g53d68d37d754/kernel/drivers/net/wireless/ath/ath10k/ath10k_snoc.ko
  STRIP   /local/mnt/workspace/AURA_V1/evidence/compile_closure_wcd937x_continuation_20260520_033221/artifacts/modules_dir/lib/modules/6.18.0-00006-g53d68d37d754/kernel/drivers/net/wireless/ath/ath10k/ath10k_core.ko
  INSTALL /local/mnt/workspace/AURA_V1/evidence/compile_closure_wcd937x_continuation_20260520_033221/artifacts/modules_dir/lib/modules/6.18.0-00006-g53d68d37d754/kernel/drivers/net/wireless/ath/ath11k/ath11k_ahb.ko
  STRIP   /local/mnt/workspace/AURA_V1/evidence/compile_closure_wcd937x_continuation_20260520_033221/artifacts/modules_dir/lib/modules/6.18.0-00006-g53d68d37d754/kernel/drivers/net/wireless/ath/wcn36xx/wcn36xx.ko
  INSTALL /local/mnt/workspace/AURA_V1/evidence/compile_closure_wcd937x_continuation_20260520_033221/artifacts/modules_dir/lib/modules/6.18.0-00006-g53d68d37d754/kernel/drivers/net/wireless/ath/ath11k/ath11k_pci.ko
  INSTALL /local/mnt/workspace/AURA_V1/evidence/compile_closure_wcd937x_continuation_20260520_033221/artifacts/modules_dir/lib/modules/6.18.0-00006-g53d68d37d754/kernel/drivers/net/wireless/ath/ath12k/ath12k.ko
  INSTALL /local/mnt/workspace/AURA_V1/evidence/compile_closure_wcd937x_continuation_20260520_033221/artifacts/modules_dir/lib/modules/6.18.0-00006-g53d68d37d754/kernel/drivers/net/wireless/ath/ath.ko
  STRIP   /local/mnt/workspace/AURA_V1/evidence/compile_closure_wcd937x_continuation_20260520_033221/artifacts/modules_dir/lib/modules/6.18.0-00006-g53d68d37d754/kernel/drivers/net/wireless/ath/ath11k/ath11k_ahb.ko
  INSTALL /local/mnt/workspace/AURA_V1/evidence/compile_closure_wcd937x_continuation_20260520_033221/artifacts/modules_dir/lib/modules/6.18.0-00006-g53d68d37d754/kernel/drivers/net/wireless/broadcom/brcm80211/brcmutil/brcmutil.ko
  STRIP   /local/mnt/workspace/AURA_V1/evidence/compile_closure_wcd937x_continuation_20260520_033221/artifacts/modules_dir/lib/modules/6.18.0-00006-g53d68d37d754/kernel/drivers/net/wireless/ath/ath11k/ath11k_pci.ko
  STRIP   /local/mnt/workspace/AURA_V1/evidence/compile_closure_wcd937x_continuation_20260520_033221/artifacts/modules_dir/lib/modules/6.18.0-00006-g53d68d37d754/kernel/drivers/net/wireless/ath/ath11k/ath11k.ko
  STRIP   /local/mnt/workspace/AURA_V1/evidence/compile_closure_wcd937x_continuation_20260520_033221/artifacts/modules_dir/lib/modules/6.18.0-00006-g53d68d37d754/kernel/drivers/net/wireless/ath/ath.ko
  INSTALL /local/mnt/workspace/AURA_V1/evidence/compile_closure_wcd937x_continuation_20260520_033221/artifacts/modules_dir/lib/modules/6.18.0-00006-g53d68d37d754/kernel/drivers/net/wireless/broadcom/brcm80211/brcmfmac/brcmfmac.ko
  STRIP   /local/mnt/workspace/AURA_V1/evidence/compile_closure_wcd937x_continuation_20260520_033221/artifacts/modules_dir/lib/modules/6.18.0-00006-g53d68d37d754/kernel/drivers/net/wireless/broadcom/brcm80211/brcmutil/brcmutil.ko
  INSTALL /local/mnt/workspace/AURA_V1/evidence/compile_closure_wcd937x_continuation_20260520_033221/artifacts/modules_dir/lib/modules/6.18.0-00006-g53d68d37d754/kernel/drivers/net/wireless/broadcom/brcm80211/brcmfmac/wcc/brcmfmac-wcc.ko
  STRIP   /local/mnt/workspace/AURA_V1/evidence/compile_closure_wcd937x_continuation_20260520_033221/artifacts/modules_dir/lib/modules/6.18.0-00006-g53d68d37d754/kernel/drivers/net/wireless/ath/ath12k/ath12k.ko
  INSTALL /local/mnt/workspace/AURA_V1/evidence/compile_closure_wcd937x_continuation_20260520_033221/artifacts/modules_dir/lib/modules/6.18.0-00006-g53d68d37d754/kernel/drivers/net/wireless/broadcom/brcm80211/brcmfmac/cyw/brcmfmac-cyw.ko
  STRIP   /local/mnt/workspace/AURA_V1/evidence/compile_closure_wcd937x_continuation_20260520_033221/artifacts/modules_dir/lib/modules/6.18.0-00006-g53d68d37d754/kernel/drivers/net/wireless/broadcom/brcm80211/brcmfmac/wcc/brcmfmac-wcc.ko
  INSTALL /local/mnt/workspace/AURA_V1/evidence/compile_closure_wcd937x_continuation_20260520_033221/artifacts/modules_dir/lib/modules/6.18.0-00006-g53d68d37d754/kernel/drivers/net/wireless/broadcom/brcm80211/brcmfmac/bca/brcmfmac-bca.ko
  STRIP   /local/mnt/workspace/AURA_V1/evidence/compile_closure_wcd937x_continuation_20260520_033221/artifacts/modules_dir/lib/modules/6.18.0-00006-g53d68d37d754/kernel/drivers/net/wireless/broadcom/brcm80211/brcmfmac/brcmfmac.ko
  STRIP   /local/mnt/workspace/AURA_V1/evidence/compile_closure_wcd937x_continuation_20260520_033221/artifacts/modules_dir/lib/modules/6.18.0-00006-g53d68d37d754/kernel/drivers/net/wireless/broadcom/brcm80211/brcmfmac/cyw/brcmfmac-cyw.ko
  INSTALL /local/mnt/workspace/AURA_V1/evidence/compile_closure_wcd937x_continuation_20260520_033221/artifacts/modules_dir/lib/modules/6.18.0-00006-g53d68d37d754/kernel/drivers/net/wireless/intel/iwlwifi/iwlwifi.ko
  INSTALL /local/mnt/workspace/AURA_V1/evidence/compile_closure_wcd937x_continuation_20260520_033221/artifacts/modules_dir/lib/modules/6.18.0-00006-g53d68d37d754/kernel/drivers/net/wireless/intel/iwlwifi/dvm/iwldvm.ko
  STRIP   /local/mnt/workspace/AURA_V1/evidence/compile_closure_wcd937x_continuation_20260520_033221/artifacts/modules_dir/lib/modules/6.18.0-00006-g53d68d37d754/kernel/drivers/net/wireless/broadcom/brcm80211/brcmfmac/bca/brcmfmac-bca.ko
  INSTALL /local/mnt/workspace/AURA_V1/evidence/compile_closure_wcd937x_continuation_20260520_033221/artifacts/modules_dir/lib/modules/6.18.0-00006-g53d68d37d754/kernel/drivers/net/wireless/intel/iwlwifi/mvm/iwlmvm.ko
  INSTALL /local/mnt/workspace/AURA_V1/evidence/compile_closure_wcd937x_continuation_20260520_033221/artifacts/modules_dir/lib/modules/6.18.0-00006-g53d68d37d754/kernel/drivers/net/wireless/marvell/mwifiex/mwifiex.ko
  INSTALL /local/mnt/workspace/AURA_V1/evidence/compile_closure_wcd937x_continuation_20260520_033221/artifacts/modules_dir/lib/modules/6.18.0-00006-g53d68d37d754/kernel/drivers/net/wireless/marvell/mwifiex/mwifiex_sdio.ko
  STRIP   /local/mnt/workspace/AURA_V1/evidence/compile_closure_wcd937x_continuation_20260520_033221/artifacts/modules_dir/lib/modules/6.18.0-00006-g53d68d37d754/kernel/drivers/net/wireless/intel/iwlwifi/dvm/iwldvm.ko
  INSTALL /local/mnt/workspace/AURA_V1/evidence/compile_closure_wcd937x_continuation_20260520_033221/artifacts/modules_dir/lib/modules/6.18.0-00006-g53d68d37d754/kernel/drivers/net/wireless/marvell/mwifiex/mwifiex_pcie.ko
  STRIP   /local/mnt/workspace/AURA_V1/evidence/compile_closure_wcd937x_continuation_20260520_033221/artifacts/modules_dir/lib/modules/6.18.0-00006-g53d68d37d754/kernel/drivers/net/wireless/intel/iwlwifi/iwlwifi.ko
  INSTALL /local/mnt/workspace/AURA_V1/evidence/compile_closure_wcd937x_continuation_20260520_033221/artifacts/modules_dir/lib/modules/6.18.0-00006-g53d68d37d754/kernel/drivers/net/wireless/marvell/mwifiex/mwifiex_usb.ko
  STRIP   /local/mnt/workspace/AURA_V1/evidence/compile_closure_wcd937x_continuation_20260520_033221/artifacts/modules_dir/lib/modules/6.18.0-00006-g53d68d37d754/kernel/drivers/net/wireless/marvell/mwifiex/mwifiex_sdio.ko
  INSTALL /local/mnt/workspace/AURA_V1/evidence/compile_closure_wcd937x_continuation_20260520_033221/artifacts/modules_dir/lib/modules/6.18.0-00006-g53d68d37d754/kernel/drivers/net/wireless/mediatek/mt76/mt76.ko
  STRIP   /local/mnt/workspace/AURA_V1/evidence/compile_closure_wcd937x_continuation_20260520_033221/artifacts/modules_dir/lib/modules/6.18.0-00006-g53d68d37d754/kernel/drivers/net/wireless/intel/iwlwifi/mvm/iwlmvm.ko
  STRIP   /local/mnt/workspace/AURA_V1/evidence/compile_closure_wcd937x_continuation_20260520_033221/artifacts/modules_dir/lib/modules/6.18.0-00006-g53d68d37d754/kernel/drivers/net/wireless/marvell/mwifiex/mwifiex.ko
  STRIP   /local/mnt/workspace/AURA_V1/evidence/compile_closure_wcd937x_continuation_20260520_033221/artifacts/modules_dir/lib/modules/6.18.0-00006-g53d68d37d754/kernel/drivers/net/wireless/marvell/mwifiex/mwifiex_pcie.ko
  STRIP   /local/mnt/workspace/AURA_V1/evidence/compile_closure_wcd937x_continuation_20260520_033221/artifacts/modules_dir/lib/modules/6.18.0-00006-g53d68d37d754/kernel/drivers/net/wireless/marvell/mwifiex/mwifiex_usb.ko
  INSTALL /local/mnt/workspace/AURA_V1/evidence/compile_closure_wcd937x_continuation_20260520_033221/artifacts/modules_dir/lib/modules/6.18.0-00006-g53d68d37d754/kernel/drivers/net/wireless/mediatek/mt76/mt76-connac-lib.ko
  INSTALL /local/mnt/workspace/AURA_V1/evidence/compile_closure_wcd937x_continuation_20260520_033221/artifacts/modules_dir/lib/modules/6.18.0-00006-g53d68d37d754/kernel/drivers/net/wireless/mediatek/mt76/mt792x-lib.ko
  STRIP   /local/mnt/workspace/AURA_V1/evidence/compile_closure_wcd937x_continuation_20260520_033221/artifacts/modules_dir/lib/modules/6.18.0-00006-g53d68d37d754/kernel/drivers/net/wireless/mediatek/mt76/mt76.ko
  STRIP   /local/mnt/workspace/AURA_V1/evidence/compile_closure_wcd937x_continuation_20260520_033221/artifacts/modules_dir/lib/modules/6.18.0-00006-g53d68d37d754/kernel/drivers/net/wireless/mediatek/mt76/mt76-connac-lib.ko
  INSTALL /local/mnt/workspace/AURA_V1/evidence/compile_closure_wcd937x_continuation_20260520_033221/artifacts/modules_dir/lib/modules/6.18.0-00006-g53d68d37d754/kernel/drivers/net/wireless/mediatek/mt76/mt7921/mt7921-common.ko
  STRIP   /local/mnt/workspace/AURA_V1/evidence/compile_closure_wcd937x_continuation_20260520_033221/artifacts/modules_dir/lib/modules/6.18.0-00006-g53d68d37d754/kernel/drivers/net/wireless/mediatek/mt76/mt792x-lib.ko
  INSTALL /local/mnt/workspace/AURA_V1/evidence/compile_closure_wcd937x_continuation_20260520_033221/artifacts/modules_dir/lib/modules/6.18.0-00006-g53d68d37d754/kernel/drivers/net/wireless/mediatek/mt76/mt7921/mt7921e.ko
  INSTALL /local/mnt/workspace/AURA_V1/evidence/compile_closure_wcd937x_continuation_20260520_033221/artifacts/modules_dir/lib/modules/6.18.0-00006-g53d68d37d754/kernel/drivers/net/wireless/rsi/rsi_91x.ko
  INSTALL /local/mnt/workspace/AURA_V1/evidence/compile_closure_wcd937x_continuation_20260520_033221/artifacts/modules_dir/lib/modules/6.18.0-00006-g53d68d37d754/kernel/drivers/net/wireless/rsi/rsi_sdio.ko
  STRIP   /local/mnt/workspace/AURA_V1/evidence/compile_closure_wcd937x_continuation_20260520_033221/artifacts/modules_dir/lib/modules/6.18.0-00006-g53d68d37d754/kernel/drivers/net/wireless/mediatek/mt76/mt7921/mt7921-common.ko
  STRIP   /local/mnt/workspace/AURA_V1/evidence/compile_closure_wcd937x_continuation_20260520_033221/artifacts/modules_dir/lib/modules/6.18.0-00006-g53d68d37d754/kernel/drivers/net/wireless/mediatek/mt76/mt7921/mt7921e.ko
  STRIP   /local/mnt/workspace/AURA_V1/evidence/compile_closure_wcd937x_continuation_20260520_033221/artifacts/modules_dir/lib/modules/6.18.0-00006-g53d68d37d754/kernel/drivers/net/wireless/rsi/rsi_91x.ko
  STRIP   /local/mnt/workspace/AURA_V1/evidence/compile_closure_wcd937x_continuation_20260520_033221/artifacts/modules_dir/lib/modules/6.18.0-00006-g53d68d37d754/kernel/drivers/net/wireless/rsi/rsi_sdio.ko
  INSTALL /local/mnt/workspace/AURA_V1/evidence/compile_closure_wcd937x_continuation_20260520_033221/artifacts/modules_dir/lib/modules/6.18.0-00006-g53d68d37d754/kernel/drivers/net/wireless/rsi/rsi_usb.ko
  INSTALL /local/mnt/workspace/AURA_V1/evidence/compile_closure_wcd937x_continuation_20260520_033221/artifacts/modules_dir/lib/modules/6.18.0-00006-g53d68d37d754/kernel/drivers/net/wireless/ti/wlcore/wlcore.ko
  INSTALL /local/mnt/workspace/AURA_V1/evidence/compile_closure_wcd937x_continuation_20260520_033221/artifacts/modules_dir/lib/modules/6.18.0-00006-g53d68d37d754/kernel/drivers/net/wireless/ti/wlcore/wlcore_sdio.ko
  INSTALL /local/mnt/workspace/AURA_V1/evidence/compile_closure_wcd937x_continuation_20260520_033221/artifacts/modules_dir/lib/modules/6.18.0-00006-g53d68d37d754/kernel/drivers/net/wireless/ti/wl18xx/wl18xx.ko
  STRIP   /local/mnt/workspace/AURA_V1/evidence/compile_closure_wcd937x_continuation_20260520_033221/artifacts/modules_dir/lib/modules/6.18.0-00006-g53d68d37d754/kernel/drivers/net/wireless/rsi/rsi_usb.ko
  INSTALL /local/mnt/workspace/AURA_V1/evidence/compile_closure_wcd937x_continuation_20260520_033221/artifacts/modules_dir/lib/modules/6.18.0-00006-g53d68d37d754/kernel/drivers/net/usb/pegasus.ko
  STRIP   /local/mnt/workspace/AURA_V1/evidence/compile_closure_wcd937x_continuation_20260520_033221/artifacts/modules_dir/lib/modules/6.18.0-00006-g53d68d37d754/kernel/drivers/net/wireless/ti/wlcore/wlcore_sdio.ko
  INSTALL /local/mnt/workspace/AURA_V1/evidence/compile_closure_wcd937x_continuation_20260520_033221/artifacts/modules_dir/lib/modules/6.18.0-00006-g53d68d37d754/kernel/drivers/net/usb/rtl8150.ko
  STRIP   /local/mnt/workspace/AURA_V1/evidence/compile_closure_wcd937x_continuation_20260520_033221/artifacts/modules_dir/lib/modules/6.18.0-00006-g53d68d37d754/kernel/drivers/net/wireless/ti/wlcore/wlcore.ko
  STRIP   /local/mnt/workspace/AURA_V1/evidence/compile_closure_wcd937x_continuation_20260520_033221/artifacts/modules_dir/lib/modules/6.18.0-00006-g53d68d37d754/kernel/drivers/net/wireless/ti/wl18xx/wl18xx.ko
  INSTALL /local/mnt/workspace/AURA_V1/evidence/compile_closure_wcd937x_continuation_20260520_033221/artifacts/modules_dir/lib/modules/6.18.0-00006-g53d68d37d754/kernel/drivers/net/usb/r8152.ko
  INSTALL /local/mnt/workspace/AURA_V1/evidence/compile_closure_wcd937x_continuation_20260520_033221/artifacts/modules_dir/lib/modules/6.18.0-00006-g53d68d37d754/kernel/drivers/net/usb/lan78xx.ko
  STRIP   /local/mnt/workspace/AURA_V1/evidence/compile_closure_wcd937x_continuation_20260520_033221/artifacts/modules_dir/lib/modules/6.18.0-00006-g53d68d37d754/kernel/drivers/net/usb/pegasus.ko
  STRIP   /local/mnt/workspace/AURA_V1/evidence/compile_closure_wcd937x_continuation_20260520_033221/artifacts/modules_dir/lib/modules/6.18.0-00006-g53d68d37d754/kernel/drivers/net/usb/rtl8150.ko
  INSTALL /local/mnt/workspace/AURA_V1/evidence/compile_closure_wcd937x_continuation_20260520_033221/artifacts/modules_dir/lib/modules/6.18.0-00006-g53d68d37d754/kernel/drivers/net/usb/asix.ko
  INSTALL /local/mnt/workspace/AURA_V1/evidence/compile_closure_wcd937x_continuation_20260520_033221/artifacts/modules_dir/lib/modules/6.18.0-00006-g53d68d37d754/kernel/drivers/net/usb/ax88179_178a.ko
  STRIP   /local/mnt/workspace/AURA_V1/evidence/compile_closure_wcd937x_continuation_20260520_033221/artifacts/modules_dir/lib/modules/6.18.0-00006-g53d68d37d754/kernel/drivers/net/usb/lan78xx.ko
  STRIP   /local/mnt/workspace/AURA_V1/evidence/compile_closure_wcd937x_continuation_20260520_033221/artifacts/modules_dir/lib/modules/6.18.0-00006-g53d68d37d754/kernel/drivers/net/usb/r8152.ko
  STRIP   /local/mnt/workspace/AURA_V1/evidence/compile_closure_wcd937x_continuation_20260520_033221/artifacts/modules_dir/lib/modules/6.18.0-00006-g53d68d37d754/kernel/drivers/net/usb/asix.ko
  INSTALL /local/mnt/workspace/AURA_V1/evidence/compile_closure_wcd937x_continuation_20260520_033221/artifacts/modules_dir/lib/modules/6.18.0-00006-g53d68d37d754/kernel/drivers/net/usb/cdc_ether.ko
  STRIP   /local/mnt/workspace/AURA_V1/evidence/compile_closure_wcd937x_continuation_20260520_033221/artifacts/modules_dir/lib/modules/6.18.0-00006-g53d68d37d754/kernel/drivers/net/usb/ax88179_178a.ko
  INSTALL /local/mnt/workspace/AURA_V1/evidence/compile_closure_wcd937x_continuation_20260520_033221/artifacts/modules_dir/lib/modules/6.18.0-00006-g53d68d37d754/kernel/drivers/net/usb/dm9601.ko
  INSTALL /local/mnt/workspace/AURA_V1/evidence/compile_closure_wcd937x_continuation_20260520_033221/artifacts/modules_dir/lib/modules/6.18.0-00006-g53d68d37d754/kernel/drivers/net/usb/sr9800.ko
  INSTALL /local/mnt/workspace/AURA_V1/evidence/compile_closure_wcd937x_continuation_20260520_033221/artifacts/modules_dir/lib/modules/6.18.0-00006-g53d68d37d754/kernel/drivers/net/usb/smsc75xx.ko
  STRIP   /local/mnt/workspace/AURA_V1/evidence/compile_closure_wcd937x_continuation_20260520_033221/artifacts/modules_dir/lib/modules/6.18.0-00006-g53d68d37d754/kernel/drivers/net/usb/cdc_ether.ko
  INSTALL /local/mnt/workspace/AURA_V1/evidence/compile_closure_wcd937x_continuation_20260520_033221/artifacts/modules_dir/lib/modules/6.18.0-00006-g53d68d37d754/kernel/drivers/net/usb/smsc95xx.ko
  STRIP   /local/mnt/workspace/AURA_V1/evidence/compile_closure_wcd937x_continuation_20260520_033221/artifacts/modules_dir/lib/modules/6.18.0-00006-g53d68d37d754/kernel/drivers/net/usb/dm9601.ko
  INSTALL /local/mnt/workspace/AURA_V1/evidence/compile_closure_wcd937x_continuation_20260520_033221/artifacts/modules_dir/lib/modules/6.18.0-00006-g53d68d37d754/kernel/drivers/net/usb/net1080.ko
  STRIP   /local/mnt/workspace/AURA_V1/evidence/compile_closure_wcd937x_continuation_20260520_033221/artifacts/modules_dir/lib/modules/6.18.0-00006-g53d68d37d754/kernel/drivers/net/usb/sr9800.ko
  STRIP   /local/mnt/workspace/AURA_V1/evidence/compile_closure_wcd937x_continuation_20260520_033221/artifacts/modules_dir/lib/modules/6.18.0-00006-g53d68d37d754/kernel/drivers/net/usb/smsc75xx.ko
  STRIP   /local/mnt/workspace/AURA_V1/evidence/compile_closure_wcd937x_continuation_20260520_033221/artifacts/modules_dir/lib/modules/6.18.0-00006-g53d68d37d754/kernel/drivers/net/usb/smsc95xx.ko
  INSTALL /local/mnt/workspace/AURA_V1/evidence/compile_closure_wcd937x_continuation_20260520_033221/artifacts/modules_dir/lib/modules/6.18.0-00006-g53d68d37d754/kernel/drivers/net/usb/plusb.ko
  STRIP   /local/mnt/workspace/AURA_V1/evidence/compile_closure_wcd937x_continuation_20260520_033221/artifacts/modules_dir/lib/modules/6.18.0-00006-g53d68d37d754/kernel/drivers/net/usb/net1080.ko
  INSTALL /local/mnt/workspace/AURA_V1/evidence/compile_closure_wcd937x_continuation_20260520_033221/artifacts/modules_dir/lib/modules/6.18.0-00006-g53d68d37d754/kernel/drivers/net/usb/cdc_subset.ko
  INSTALL /local/mnt/workspace/AURA_V1/evidence/compile_closure_wcd937x_continuation_20260520_033221/artifacts/modules_dir/lib/modules/6.18.0-00006-g53d68d37d754/kernel/drivers/net/usb/zaurus.ko
  STRIP   /local/mnt/workspace/AURA_V1/evidence/compile_closure_wcd937x_continuation_20260520_033221/artifacts/modules_dir/lib/modules/6.18.0-00006-g53d68d37d754/kernel/drivers/net/usb/plusb.ko
  INSTALL /local/mnt/workspace/AURA_V1/evidence/compile_closure_wcd937x_continuation_20260520_033221/artifacts/modules_dir/lib/modules/6.18.0-00006-g53d68d37d754/kernel/drivers/net/usb/mcs7830.ko
  STRIP   /local/mnt/workspace/AURA_V1/evidence/compile_closure_wcd937x_continuation_20260520_033221/artifacts/modules_dir/lib/modules/6.18.0-00006-g53d68d37d754/kernel/drivers/net/usb/cdc_subset.ko
  STRIP   /local/mnt/workspace/AURA_V1/evidence/compile_closure_wcd937x_continuation_20260520_033221/artifacts/modules_dir/lib/modules/6.18.0-00006-g53d68d37d754/kernel/drivers/net/usb/zaurus.ko
  INSTALL /local/mnt/workspace/AURA_V1/evidence/compile_closure_wcd937x_continuation_20260520_033221/artifacts/modules_dir/lib/modules/6.18.0-00006-g53d68d37d754/kernel/drivers/net/usb/usbnet.ko
  INSTALL /local/mnt/workspace/AURA_V1/evidence/compile_closure_wcd937x_continuation_20260520_033221/artifacts/modules_dir/lib/modules/6.18.0-00006-g53d68d37d754/kernel/drivers/net/usb/cdc_ncm.ko
  INSTALL /local/mnt/workspace/AURA_V1/evidence/compile_closure_wcd937x_continuation_20260520_033221/artifacts/modules_dir/lib/modules/6.18.0-00006-g53d68d37d754/kernel/drivers/net/usb/r8153_ecm.ko
  INSTALL /local/mnt/workspace/AURA_V1/evidence/compile_closure_wcd937x_continuation_20260520_033221/artifacts/modules_dir/lib/modules/6.18.0-00006-g53d68d37d754/kernel/drivers/net/macvlan.ko
  STRIP   /local/mnt/workspace/AURA_V1/evidence/compile_closure_wcd937x_continuation_20260520_033221/artifacts/modules_dir/lib/modules/6.18.0-00006-g53d68d37d754/kernel/drivers/net/usb/mcs7830.ko
  STRIP   /local/mnt/workspace/AURA_V1/evidence/compile_closure_wcd937x_continuation_20260520_033221/artifacts/modules_dir/lib/modules/6.18.0-00006-g53d68d37d754/kernel/drivers/net/usb/usbnet.ko
  STRIP   /local/mnt/workspace/AURA_V1/evidence/compile_closure_wcd937x_continuation_20260520_033221/artifacts/modules_dir/lib/modules/6.18.0-00006-g53d68d37d754/kernel/drivers/net/usb/cdc_ncm.ko
  STRIP   /local/mnt/workspace/AURA_V1/evidence/compile_closure_wcd937x_continuation_20260520_033221/artifacts/modules_dir/lib/modules/6.18.0-00006-g53d68d37d754/kernel/drivers/net/usb/r8153_ecm.ko
  INSTALL /local/mnt/workspace/AURA_V1/evidence/compile_closure_wcd937x_continuation_20260520_033221/artifacts/modules_dir/lib/modules/6.18.0-00006-g53d68d37d754/kernel/drivers/net/macvtap.ko
  INSTALL /local/mnt/workspace/AURA_V1/evidence/compile_closure_wcd937x_continuation_20260520_033221/artifacts/modules_dir/lib/modules/6.18.0-00006-g53d68d37d754/kernel/drivers/net/mdio.ko
  STRIP   /local/mnt/workspace/AURA_V1/evidence/compile_closure_wcd937x_continuation_20260520_033221/artifacts/modules_dir/lib/modules/6.18.0-00006-g53d68d37d754/kernel/drivers/net/macvlan.ko
  INSTALL /local/mnt/workspace/AURA_V1/evidence/compile_closure_wcd937x_continuation_20260520_033221/artifacts/modules_dir/lib/modules/6.18.0-00006-g53d68d37d754/kernel/drivers/net/tap.ko
  STRIP   /local/mnt/workspace/AURA_V1/evidence/compile_closure_wcd937x_continuation_20260520_033221/artifacts/modules_dir/lib/modules/6.18.0-00006-g53d68d37d754/kernel/drivers/net/macvtap.ko
  STRIP   /local/mnt/workspace/AURA_V1/evidence/compile_closure_wcd937x_continuation_20260520_033221/artifacts/modules_dir/lib/modules/6.18.0-00006-g53d68d37d754/kernel/drivers/net/mdio.ko
  STRIP   /local/mnt/workspace/AURA_V1/evidence/compile_closure_wcd937x_continuation_20260520_033221/artifacts/modules_dir/lib/modules/6.18.0-00006-g53d68d37d754/kernel/drivers/net/tap.ko
  INSTALL /local/mnt/workspace/AURA_V1/evidence/compile_closure_wcd937x_continuation_20260520_033221/artifacts/modules_dir/lib/modules/6.18.0-00006-g53d68d37d754/kernel/drivers/net/veth.ko
  INSTALL /local/mnt/workspace/AURA_V1/evidence/compile_closure_wcd937x_continuation_20260520_033221/artifacts/modules_dir/lib/modules/6.18.0-00006-g53d68d37d754/kernel/drivers/net/mhi_net.ko
  INSTALL /local/mnt/workspace/AURA_V1/evidence/compile_closure_wcd937x_continuation_20260520_033221/artifacts/modules_dir/lib/modules/6.18.0-00006-g53d68d37d754/kernel/drivers/net/can/dev/can-dev.ko
  INSTALL /local/mnt/workspace/AURA_V1/evidence/compile_closure_wcd937x_continuation_20260520_033221/artifacts/modules_dir/lib/modules/6.18.0-00006-g53d68d37d754/kernel/drivers/net/can/rcar/rcar_can.ko
  INSTALL /local/mnt/workspace/AURA_V1/evidence/compile_closure_wcd937x_continuation_20260520_033221/artifacts/modules_dir/lib/modules/6.18.0-00006-g53d68d37d754/kernel/drivers/net/can/rcar/rcar_canfd.ko
  STRIP   /local/mnt/workspace/AURA_V1/evidence/compile_closure_wcd937x_continuation_20260520_033221/artifacts/modules_dir/lib/modules/6.18.0-00006-g53d68d37d754/kernel/drivers/net/veth.ko
  STRIP   /local/mnt/workspace/AURA_V1/evidence/compile_closure_wcd937x_continuation_20260520_033221/artifacts/modules_dir/lib/modules/6.18.0-00006-g53d68d37d754/kernel/drivers/net/mhi_net.ko
  STRIP   /local/mnt/workspace/AURA_V1/evidence/compile_closure_wcd937x_continuation_20260520_033221/artifacts/modules_dir/lib/modules/6.18.0-00006-g53d68d37d754/kernel/drivers/net/can/dev/can-dev.ko
  STRIP   /local/mnt/workspace/AURA_V1/evidence/compile_closure_wcd937x_continuation_20260520_033221/artifacts/modules_dir/lib/modules/6.18.0-00006-g53d68d37d754/kernel/drivers/net/can/rcar/rcar_can.ko
  INSTALL /local/mnt/workspace/AURA_V1/evidence/compile_closure_wcd937x_continuation_20260520_033221/artifacts/modules_dir/lib/modules/6.18.0-00006-g53d68d37d754/kernel/drivers/net/can/spi/mcp251xfd/mcp251xfd.ko
  STRIP   /local/mnt/workspace/AURA_V1/evidence/compile_closure_wcd937x_continuation_20260520_033221/artifacts/modules_dir/lib/modules/6.18.0-00006-g53d68d37d754/kernel/drivers/net/can/rcar/rcar_canfd.ko
  INSTALL /local/mnt/workspace/AURA_V1/evidence/compile_closure_wcd937x_continuation_20260520_033221/artifacts/modules_dir/lib/modules/6.18.0-00006-g53d68d37d754/kernel/drivers/net/can/flexcan/flexcan.ko
  INSTALL /local/mnt/workspace/AURA_V1/evidence/compile_closure_wcd937x_continuation_20260520_033221/artifacts/modules_dir/lib/modules/6.18.0-00006-g53d68d37d754/kernel/drivers/net/can/m_can/m_can.ko
  STRIP   /local/mnt/workspace/AURA_V1/evidence/compile_closure_wcd937x_continuation_20260520_033221/artifacts/modules_dir/lib/modules/6.18.0-00006-g53d68d37d754/kernel/drivers/net/can/spi/mcp251xfd/mcp251xfd.ko
  INSTALL /local/mnt/workspace/AURA_V1/evidence/compile_closure_wcd937x_continuation_20260520_033221/artifacts/modules_dir/lib/modules/6.18.0-00006-g53d68d37d754/kernel/drivers/net/can/m_can/m_can_platform.ko
  STRIP   /local/mnt/workspace/AURA_V1/evidence/compile_closure_wcd937x_continuation_20260520_033221/artifacts/modules_dir/lib/modules/6.18.0-00006-g53d68d37d754/kernel/drivers/net/can/flexcan/flexcan.ko
  STRIP   /local/mnt/workspace/AURA_V1/evidence/compile_closure_wcd937x_continuation_20260520_033221/artifacts/modules_dir/lib/modules/6.18.0-00006-g53d68d37d754/kernel/drivers/net/can/m_can/m_can.ko
  INSTALL /local/mnt/workspace/AURA_V1/evidence/compile_closure_wcd937x_continuation_20260520_033221/artifacts/modules_dir/lib/modules/6.18.0-00006-g53d68d37d754/kernel/drivers/net/ipa/ipa.ko
  INSTALL /local/mnt/workspace/AURA_V1/evidence/compile_closure_wcd937x_continuation_20260520_033221/artifacts/modules_dir/lib/modules/6.18.0-00006-g53d68d37d754/kernel/drivers/net/wwan/wwan.ko
  STRIP   /local/mnt/workspace/AURA_V1/evidence/compile_closure_wcd937x_continuation_20260520_033221/artifacts/modules_dir/lib/modules/6.18.0-00006-g53d68d37d754/kernel/drivers/net/can/m_can/m_can_platform.ko
  INSTALL /local/mnt/workspace/AURA_V1/evidence/compile_closure_wcd937x_continuation_20260520_033221/artifacts/modules_dir/lib/modules/6.18.0-00006-g53d68d37d754/kernel/drivers/net/wwan/mhi_wwan_ctrl.ko
  INSTALL /local/mnt/workspace/AURA_V1/evidence/compile_closure_wcd937x_continuation_20260520_033221/artifacts/modules_dir/lib/modules/6.18.0-00006-g53d68d37d754/kernel/drivers/net/wwan/mhi_wwan_mbim.ko
  STRIP   /local/mnt/workspace/AURA_V1/evidence/compile_closure_wcd937x_continuation_20260520_033221/artifacts/modules_dir/lib/modules/6.18.0-00006-g53d68d37d754/kernel/drivers/net/wwan/wwan.ko
  STRIP   /local/mnt/workspace/AURA_V1/evidence/compile_closure_wcd937x_continuation_20260520_033221/artifacts/modules_dir/lib/modules/6.18.0-00006-g53d68d37d754/kernel/drivers/net/wwan/mhi_wwan_ctrl.ko
  STRIP   /local/mnt/workspace/AURA_V1/evidence/compile_closure_wcd937x_continuation_20260520_033221/artifacts/modules_dir/lib/modules/6.18.0-00006-g53d68d37d754/kernel/drivers/net/ipa/ipa.ko
  STRIP   /local/mnt/workspace/AURA_V1/evidence/compile_closure_wcd937x_continuation_20260520_033221/artifacts/modules_dir/lib/modules/6.18.0-00006-g53d68d37d754/kernel/drivers/net/wwan/mhi_wwan_mbim.ko
  INSTALL /local/mnt/workspace/AURA_V1/evidence/compile_closure_wcd937x_continuation_20260520_033221/artifacts/modules_dir/lib/modules/6.18.0-00006-g53d68d37d754/kernel/drivers/usb/phy/phy-mxs-usb.ko
  INSTALL /local/mnt/workspace/AURA_V1/evidence/compile_closure_wcd937x_continuation_20260520_033221/artifacts/modules_dir/lib/modules/6.18.0-00006-g53d68d37d754/kernel/drivers/usb/host/ehci-brcm.ko
  INSTALL /local/mnt/workspace/AURA_V1/evidence/compile_closure_wcd937x_continuation_20260520_033221/artifacts/modules_dir/lib/modules/6.18.0-00006-g53d68d37d754/kernel/drivers/usb/host/xhci-pci-renesas.ko
  INSTALL /local/mnt/workspace/AURA_V1/evidence/compile_closure_wcd937x_continuation_20260520_033221/artifacts/modules_dir/lib/modules/6.18.0-00006-g53d68d37d754/kernel/drivers/usb/misc/qcom_eud.ko
  STRIP   /local/mnt/workspace/AURA_V1/evidence/compile_closure_wcd937x_continuation_20260520_033221/artifacts/modules_dir/lib/modules/6.18.0-00006-g53d68d37d754/kernel/drivers/usb/phy/phy-mxs-usb.ko
  STRIP   /local/mnt/workspace/AURA_V1/evidence/compile_closure_wcd937x_continuation_20260520_033221/artifacts/modules_dir/lib/modules/6.18.0-00006-g53d68d37d754/kernel/drivers/usb/host/ehci-brcm.ko
  STRIP   /local/mnt/workspace/AURA_V1/evidence/compile_closure_wcd937x_continuation_20260520_033221/artifacts/modules_dir/lib/modules/6.18.0-00006-g53d68d37d754/kernel/drivers/usb/host/xhci-pci-renesas.ko
  INSTALL /local/mnt/workspace/AURA_V1/evidence/compile_closure_wcd937x_continuation_20260520_033221/artifacts/modules_dir/lib/modules/6.18.0-00006-g53d68d37d754/kernel/drivers/usb/misc/onboard_usb_dev.ko
  STRIP   /local/mnt/workspace/AURA_V1/evidence/compile_closure_wcd937x_continuation_20260520_033221/artifacts/modules_dir/lib/modules/6.18.0-00006-g53d68d37d754/kernel/drivers/usb/misc/qcom_eud.ko
  INSTALL /local/mnt/workspace/AURA_V1/evidence/compile_closure_wcd937x_continuation_20260520_033221/artifacts/modules_dir/lib/modules/6.18.0-00006-g53d68d37d754/kernel/drivers/usb/gadget/udc/tegra-xudc.ko
  INSTALL /local/mnt/workspace/AURA_V1/evidence/compile_closure_wcd937x_continuation_20260520_033221/artifacts/modules_dir/lib/modules/6.18.0-00006-g53d68d37d754/kernel/drivers/usb/gadget/udc/renesas_usb3.ko
  STRIP   /local/mnt/workspace/AURA_V1/evidence/compile_closure_wcd937x_continuation_20260520_033221/artifacts/modules_dir/lib/modules/6.18.0-00006-g53d68d37d754/kernel/drivers/usb/misc/onboard_usb_dev.ko
  INSTALL /local/mnt/workspace/AURA_V1/evidence/compile_closure_wcd937x_continuation_20260520_033221/artifacts/modules_dir/lib/modules/6.18.0-00006-g53d68d37d754/kernel/drivers/usb/gadget/function/usb_f_acm.ko
  STRIP   /local/mnt/workspace/AURA_V1/evidence/compile_closure_wcd937x_continuation_20260520_033221/artifacts/modules_dir/lib/modules/6.18.0-00006-g53d68d37d754/kernel/drivers/usb/gadget/udc/tegra-xudc.ko
  INSTALL /local/mnt/workspace/AURA_V1/evidence/compile_closure_wcd937x_continuation_20260520_033221/artifacts/modules_dir/lib/modules/6.18.0-00006-g53d68d37d754/kernel/drivers/usb/gadget/function/u_serial.ko
  STRIP   /local/mnt/workspace/AURA_V1/evidence/compile_closure_wcd937x_continuation_20260520_033221/artifacts/modules_dir/lib/modules/6.18.0-00006-g53d68d37d754/kernel/drivers/usb/gadget/udc/renesas_usb3.ko
  INSTALL /local/mnt/workspace/AURA_V1/evidence/compile_closure_wcd937x_continuation_20260520_033221/artifacts/modules_dir/lib/modules/6.18.0-00006-g53d68d37d754/kernel/drivers/usb/gadget/function/usb_f_serial.ko
  INSTALL /local/mnt/workspace/AURA_V1/evidence/compile_closure_wcd937x_continuation_20260520_033221/artifacts/modules_dir/lib/modules/6.18.0-00006-g53d68d37d754/kernel/drivers/usb/gadget/function/usb_f_obex.ko
  STRIP   /local/mnt/workspace/AURA_V1/evidence/compile_closure_wcd937x_continuation_20260520_033221/artifacts/modules_dir/lib/modules/6.18.0-00006-g53d68d37d754/kernel/drivers/usb/gadget/function/usb_f_acm.ko
  INSTALL /local/mnt/workspace/AURA_V1/evidence/compile_closure_wcd937x_continuation_20260520_033221/artifacts/modules_dir/lib/modules/6.18.0-00006-g53d68d37d754/kernel/drivers/usb/gadget/function/u_ether.ko
  STRIP   /local/mnt/workspace/AURA_V1/evidence/compile_closure_wcd937x_continuation_20260520_033221/artifacts/modules_dir/lib/modules/6.18.0-00006-g53d68d37d754/kernel/drivers/usb/gadget/function/u_serial.ko
  INSTALL /local/mnt/workspace/AURA_V1/evidence/compile_closure_wcd937x_continuation_20260520_033221/artifacts/modules_dir/lib/modules/6.18.0-00006-g53d68d37d754/kernel/drivers/usb/gadget/function/usb_f_ncm.ko
  STRIP   /local/mnt/workspace/AURA_V1/evidence/compile_closure_wcd937x_continuation_20260520_033221/artifacts/modules_dir/lib/modules/6.18.0-00006-g53d68d37d754/kernel/drivers/usb/gadget/function/usb_f_obex.ko
  INSTALL /local/mnt/workspace/AURA_V1/evidence/compile_closure_wcd937x_continuation_20260520_033221/artifacts/modules_dir/lib/modules/6.18.0-00006-g53d68d37d754/kernel/drivers/usb/gadget/function/usb_f_ecm.ko
  STRIP   /local/mnt/workspace/AURA_V1/evidence/compile_closure_wcd937x_continuation_20260520_033221/artifacts/modules_dir/lib/modules/6.18.0-00006-g53d68d37d754/kernel/drivers/usb/gadget/function/usb_f_serial.ko
  STRIP   /local/mnt/workspace/AURA_V1/evidence/compile_closure_wcd937x_continuation_20260520_033221/artifacts/modules_dir/lib/modules/6.18.0-00006-g53d68d37d754/kernel/drivers/usb/gadget/function/u_ether.ko
  STRIP   /local/mnt/workspace/AURA_V1/evidence/compile_closure_wcd937x_continuation_20260520_033221/artifacts/modules_dir/lib/modules/6.18.0-00006-g53d68d37d754/kernel/drivers/usb/gadget/function/usb_f_ncm.ko
  INSTALL /local/mnt/workspace/AURA_V1/evidence/compile_closure_wcd937x_continuation_20260520_033221/artifacts/modules_dir/lib/modules/6.18.0-00006-g53d68d37d754/kernel/drivers/usb/gadget/function/usb_f_eem.ko
  STRIP   /local/mnt/workspace/AURA_V1/evidence/compile_closure_wcd937x_continuation_20260520_033221/artifacts/modules_dir/lib/modules/6.18.0-00006-g53d68d37d754/kernel/drivers/usb/gadget/function/usb_f_ecm.ko
  INSTALL /local/mnt/workspace/AURA_V1/evidence/compile_closure_wcd937x_continuation_20260520_033221/artifacts/modules_dir/lib/modules/6.18.0-00006-g53d68d37d754/kernel/drivers/usb/gadget/function/usb_f_ecm_subset.ko
  INSTALL /local/mnt/workspace/AURA_V1/evidence/compile_closure_wcd937x_continuation_20260520_033221/artifacts/modules_dir/lib/modules/6.18.0-00006-g53d68d37d754/kernel/drivers/usb/gadget/function/usb_f_rndis.ko
  INSTALL /local/mnt/workspace/AURA_V1/evidence/compile_closure_wcd937x_continuation_20260520_033221/artifacts/modules_dir/lib/modules/6.18.0-00006-g53d68d37d754/kernel/drivers/usb/gadget/function/usb_f_mass_storage.ko
  STRIP   /local/mnt/workspace/AURA_V1/evidence/compile_closure_wcd937x_continuation_20260520_033221/artifacts/modules_dir/lib/modules/6.18.0-00006-g53d68d37d754/kernel/drivers/usb/gadget/function/usb_f_eem.ko
  STRIP   /local/mnt/workspace/AURA_V1/evidence/compile_closure_wcd937x_continuation_20260520_033221/artifacts/modules_dir/lib/modules/6.18.0-00006-g53d68d37d754/kernel/drivers/usb/gadget/function/usb_f_ecm_subset.ko
  STRIP   /local/mnt/workspace/AURA_V1/evidence/compile_closure_wcd937x_continuation_20260520_033221/artifacts/modules_dir/lib/modules/6.18.0-00006-g53d68d37d754/kernel/drivers/usb/gadget/function/usb_f_rndis.ko
  STRIP   /local/mnt/workspace/AURA_V1/evidence/compile_closure_wcd937x_continuation_20260520_033221/artifacts/modules_dir/lib/modules/6.18.0-00006-g53d68d37d754/kernel/drivers/usb/gadget/function/usb_f_mass_storage.ko
  INSTALL /local/mnt/workspace/AURA_V1/evidence/compile_closure_wcd937x_continuation_20260520_033221/artifacts/modules_dir/lib/modules/6.18.0-00006-g53d68d37d754/kernel/drivers/usb/gadget/function/usb_f_fs.ko
  INSTALL /local/mnt/workspace/AURA_V1/evidence/compile_closure_wcd937x_continuation_20260520_033221/artifacts/modules_dir/lib/modules/6.18.0-00006-g53d68d37d754/kernel/drivers/usb/gadget/legacy/g_mass_storage.ko
  INSTALL /local/mnt/workspace/AURA_V1/evidence/compile_closure_wcd937x_continuation_20260520_033221/artifacts/modules_dir/lib/modules/6.18.0-00006-g53d68d37d754/kernel/drivers/usb/gadget/libcomposite.ko
  INSTALL /local/mnt/workspace/AURA_V1/evidence/compile_closure_wcd937x_continuation_20260520_033221/artifacts/modules_dir/lib/modules/6.18.0-00006-g53d68d37d754/kernel/drivers/usb/cdns3/cdns-usb-common.ko
  INSTALL /local/mnt/workspace/AURA_V1/evidence/compile_closure_wcd937x_continuation_20260520_033221/artifacts/modules_dir/lib/modules/6.18.0-00006-g53d68d37d754/kernel/drivers/usb/cdns3/cdns3.ko
  STRIP   /local/mnt/workspace/AURA_V1/evidence/compile_closure_wcd937x_continuation_20260520_033221/artifacts/modules_dir/lib/modules/6.18.0-00006-g53d68d37d754/kernel/drivers/usb/gadget/function/usb_f_fs.ko
  STRIP   /local/mnt/workspace/AURA_V1/evidence/compile_closure_wcd937x_continuation_20260520_033221/artifacts/modules_dir/lib/modules/6.18.0-00006-g53d68d37d754/kernel/drivers/usb/gadget/legacy/g_mass_storage.ko
  STRIP   /local/mnt/workspace/AURA_V1/evidence/compile_closure_wcd937x_continuation_20260520_033221/artifacts/modules_dir/lib/modules/6.18.0-00006-g53d68d37d754/kernel/drivers/usb/cdns3/cdns-usb-common.ko
  STRIP   /local/mnt/workspace/AURA_V1/evidence/compile_closure_wcd937x_continuation_20260520_033221/artifacts/modules_dir/lib/modules/6.18.0-00006-g53d68d37d754/kernel/drivers/usb/gadget/libcomposite.ko
  INSTALL /local/mnt/workspace/AURA_V1/evidence/compile_closure_wcd937x_continuation_20260520_033221/artifacts/modules_dir/lib/modules/6.18.0-00006-g53d68d37d754/kernel/drivers/usb/cdns3/cdns3-pci-wrap.ko
  STRIP   /local/mnt/workspace/AURA_V1/evidence/compile_closure_wcd937x_continuation_20260520_033221/artifacts/modules_dir/lib/modules/6.18.0-00006-g53d68d37d754/kernel/drivers/usb/cdns3/cdns3.ko
  INSTALL /local/mnt/workspace/AURA_V1/evidence/compile_closure_wcd937x_continuation_20260520_033221/artifacts/modules_dir/lib/modules/6.18.0-00006-g53d68d37d754/kernel/drivers/usb/cdns3/cdns3-ti.ko
  INSTALL /local/mnt/workspace/AURA_V1/evidence/compile_closure_wcd937x_continuation_20260520_033221/artifacts/modules_dir/lib/modules/6.18.0-00006-g53d68d37d754/kernel/drivers/usb/cdns3/cdns3-imx.ko
  STRIP   /local/mnt/workspace/AURA_V1/evidence/compile_closure_wcd937x_continuation_20260520_033221/artifacts/modules_dir/lib/modules/6.18.0-00006-g53d68d37d754/kernel/drivers/usb/cdns3/cdns3-pci-wrap.ko
  STRIP   /local/mnt/workspace/AURA_V1/evidence/compile_closure_wcd937x_continuation_20260520_033221/artifacts/modules_dir/lib/modules/6.18.0-00006-g53d68d37d754/kernel/drivers/usb/cdns3/cdns3-ti.ko
  STRIP   /local/mnt/workspace/AURA_V1/evidence/compile_closure_wcd937x_continuation_20260520_033221/artifacts/modules_dir/lib/modules/6.18.0-00006-g53d68d37d754/kernel/drivers/usb/cdns3/cdns3-imx.ko
  INSTALL /local/mnt/workspace/AURA_V1/evidence/compile_closure_wcd937x_continuation_20260520_033221/artifacts/modules_dir/lib/modules/6.18.0-00006-g53d68d37d754/kernel/drivers/usb/class/cdc-acm.ko
  INSTALL /local/mnt/workspace/AURA_V1/evidence/compile_closure_wcd937x_continuation_20260520_033221/artifacts/modules_dir/lib/modules/6.18.0-00006-g53d68d37d754/kernel/drivers/usb/serial/usbserial.ko
  INSTALL /local/mnt/workspace/AURA_V1/evidence/compile_closure_wcd937x_continuation_20260520_033221/artifacts/modules_dir/lib/modules/6.18.0-00006-g53d68d37d754/kernel/drivers/usb/serial/cp210x.ko
  INSTALL /local/mnt/workspace/AURA_V1/evidence/compile_closure_wcd937x_continuation_20260520_033221/artifacts/modules_dir/lib/modules/6.18.0-00006-g53d68d37d754/kernel/drivers/usb/serial/ftdi_sio.ko
  INSTALL /local/mnt/workspace/AURA_V1/evidence/compile_closure_wcd937x_continuation_20260520_033221/artifacts/modules_dir/lib/modules/6.18.0-00006-g53d68d37d754/kernel/drivers/usb/serial/option.ko
  STRIP   /local/mnt/workspace/AURA_V1/evidence/compile_closure_wcd937x_continuation_20260520_033221/artifacts/modules_dir/lib/modules/6.18.0-00006-g53d68d37d754/kernel/drivers/usb/serial/usbserial.ko
  STRIP   /local/mnt/workspace/AURA_V1/evidence/compile_closure_wcd937x_continuation_20260520_033221/artifacts/modules_dir/lib/modules/6.18.0-00006-g53d68d37d754/kernel/drivers/usb/serial/cp210x.ko
  STRIP   /local/mnt/workspace/AURA_V1/evidence/compile_closure_wcd937x_continuation_20260520_033221/artifacts/modules_dir/lib/modules/6.18.0-00006-g53d68d37d754/kernel/drivers/usb/class/cdc-acm.ko
  INSTALL /local/mnt/workspace/AURA_V1/evidence/compile_closure_wcd937x_continuation_20260520_033221/artifacts/modules_dir/lib/modules/6.18.0-00006-g53d68d37d754/kernel/drivers/usb/serial/usb_wwan.ko
  STRIP   /local/mnt/workspace/AURA_V1/evidence/compile_closure_wcd937x_continuation_20260520_033221/artifacts/modules_dir/lib/modules/6.18.0-00006-g53d68d37d754/kernel/drivers/usb/serial/ftdi_sio.ko
  STRIP   /local/mnt/workspace/AURA_V1/evidence/compile_closure_wcd937x_continuation_20260520_033221/artifacts/modules_dir/lib/modules/6.18.0-00006-g53d68d37d754/kernel/drivers/usb/serial/option.ko
  INSTALL /local/mnt/workspace/AURA_V1/evidence/compile_closure_wcd937x_continuation_20260520_033221/artifacts/modules_dir/lib/modules/6.18.0-00006-g53d68d37d754/kernel/drivers/usb/renesas_usbhs/renesas_usbhs.ko
  INSTALL /local/mnt/workspace/AURA_V1/evidence/compile_closure_wcd937x_continuation_20260520_033221/artifacts/modules_dir/lib/modules/6.18.0-00006-g53d68d37d754/kernel/drivers/usb/typec/typec.ko
  STRIP   /local/mnt/workspace/AURA_V1/evidence/compile_closure_wcd937x_continuation_20260520_033221/artifacts/modules_dir/lib/modules/6.18.0-00006-g53d68d37d754/kernel/drivers/usb/serial/usb_wwan.ko
  INSTALL /local/mnt/workspace/AURA_V1/evidence/compile_closure_wcd937x_continuation_20260520_033221/artifacts/modules_dir/lib/modules/6.18.0-00006-g53d68d37d754/kernel/drivers/usb/typec/altmodes/typec_displayport.ko
  STRIP   /local/mnt/workspace/AURA_V1/evidence/compile_closure_wcd937x_continuation_20260520_033221/artifacts/modules_dir/lib/modules/6.18.0-00006-g53d68d37d754/kernel/drivers/usb/renesas_usbhs/renesas_usbhs.ko
  STRIP   /local/mnt/workspace/AURA_V1/evidence/compile_closure_wcd937x_continuation_20260520_033221/artifacts/modules_dir/lib/modules/6.18.0-00006-g53d68d37d754/kernel/drivers/usb/typec/typec.ko
  INSTALL /local/mnt/workspace/AURA_V1/evidence/compile_closure_wcd937x_continuation_20260520_033221/artifacts/modules_dir/lib/modules/6.18.0-00006-g53d68d37d754/kernel/drivers/usb/typec/tcpm/tcpm.ko
  INSTALL /local/mnt/workspace/AURA_V1/evidence/compile_closure_wcd937x_continuation_20260520_033221/artifacts/modules_dir/lib/modules/6.18.0-00006-g53d68d37d754/kernel/drivers/usb/typec/tcpm/fusb302.ko
  STRIP   /local/mnt/workspace/AURA_V1/evidence/compile_closure_wcd937x_continuation_20260520_033221/artifacts/modules_dir/lib/modules/6.18.0-00006-g53d68d37d754/kernel/drivers/usb/typec/altmodes/typec_displayport.ko
  INSTALL /local/mnt/workspace/AURA_V1/evidence/compile_closure_wcd937x_continuation_20260520_033221/artifacts/modules_dir/lib/modules/6.18.0-00006-g53d68d37d754/kernel/drivers/usb/typec/tcpm/tcpci.ko
  INSTALL /local/mnt/workspace/AURA_V1/evidence/compile_closure_wcd937x_continuation_20260520_033221/artifacts/modules_dir/lib/modules/6.18.0-00006-g53d68d37d754/kernel/drivers/usb/typec/tcpm/tcpci_rt1711h.ko
  INSTALL /local/mnt/workspace/AURA_V1/evidence/compile_closure_wcd937x_continuation_20260520_033221/artifacts/modules_dir/lib/modules/6.18.0-00006-g53d68d37d754/kernel/drivers/usb/typec/tcpm/tcpci_mt6360.ko
  STRIP   /local/mnt/workspace/AURA_V1/evidence/compile_closure_wcd937x_continuation_20260520_033221/artifacts/modules_dir/lib/modules/6.18.0-00006-g53d68d37d754/kernel/drivers/usb/typec/tcpm/tcpm.ko
  STRIP   /local/mnt/workspace/AURA_V1/evidence/compile_closure_wcd937x_continuation_20260520_033221/artifacts/modules_dir/lib/modules/6.18.0-00006-g53d68d37d754/kernel/drivers/usb/typec/tcpm/fusb302.ko
  STRIP   /local/mnt/workspace/AURA_V1/evidence/compile_closure_wcd937x_continuation_20260520_033221/artifacts/modules_dir/lib/modules/6.18.0-00006-g53d68d37d754/kernel/drivers/usb/typec/tcpm/tcpci.ko
  STRIP   /local/mnt/workspace/AURA_V1/evidence/compile_closure_wcd937x_continuation_20260520_033221/artifacts/modules_dir/lib/modules/6.18.0-00006-g53d68d37d754/kernel/drivers/usb/typec/tcpm/tcpci_rt1711h.ko
  STRIP   /local/mnt/workspace/AURA_V1/evidence/compile_closure_wcd937x_continuation_20260520_033221/artifacts/modules_dir/lib/modules/6.18.0-00006-g53d68d37d754/kernel/drivers/usb/typec/tcpm/tcpci_mt6360.ko
  INSTALL /local/mnt/workspace/AURA_V1/evidence/compile_closure_wcd937x_continuation_20260520_033221/artifacts/modules_dir/lib/modules/6.18.0-00006-g53d68d37d754/kernel/drivers/usb/typec/tcpm/tcpci_maxim.ko
  INSTALL /local/mnt/workspace/AURA_V1/evidence/compile_closure_wcd937x_continuation_20260520_033221/artifacts/modules_dir/lib/modules/6.18.0-00006-g53d68d37d754/kernel/drivers/usb/typec/tcpm/qcom/qcom_pmic_tcpm.ko
  INSTALL /local/mnt/workspace/AURA_V1/evidence/compile_closure_wcd937x_continuation_20260520_033221/artifacts/modules_dir/lib/modules/6.18.0-00006-g53d68d37d754/kernel/drivers/usb/typec/ucsi/typec_ucsi.ko
  STRIP   /local/mnt/workspace/AURA_V1/evidence/compile_closure_wcd937x_continuation_20260520_033221/artifacts/modules_dir/lib/modules/6.18.0-00006-g53d68d37d754/kernel/drivers/usb/typec/tcpm/tcpci_maxim.ko
  STRIP   /local/mnt/workspace/AURA_V1/evidence/compile_closure_wcd937x_continuation_20260520_033221/artifacts/modules_dir/lib/modules/6.18.0-00006-g53d68d37d754/kernel/drivers/usb/typec/tcpm/qcom/qcom_pmic_tcpm.ko
  STRIP   /local/mnt/workspace/AURA_V1/evidence/compile_closure_wcd937x_continuation_20260520_033221/artifacts/modules_dir/lib/modules/6.18.0-00006-g53d68d37d754/kernel/drivers/usb/typec/ucsi/typec_ucsi.ko
  INSTALL /local/mnt/workspace/AURA_V1/evidence/compile_closure_wcd937x_continuation_20260520_033221/artifacts/modules_dir/lib/modules/6.18.0-00006-g53d68d37d754/kernel/drivers/usb/typec/ucsi/ucsi_ccg.ko
  INSTALL /local/mnt/workspace/AURA_V1/evidence/compile_closure_wcd937x_continuation_20260520_033221/artifacts/modules_dir/lib/modules/6.18.0-00006-g53d68d37d754/kernel/drivers/usb/typec/ucsi/ucsi_glink.ko
  INSTALL /local/mnt/workspace/AURA_V1/evidence/compile_closure_wcd937x_continuation_20260520_033221/artifacts/modules_dir/lib/modules/6.18.0-00006-g53d68d37d754/kernel/drivers/usb/typec/ucsi/cros_ec_ucsi.ko
  INSTALL /local/mnt/workspace/AURA_V1/evidence/compile_closure_wcd937x_continuation_20260520_033221/artifacts/modules_dir/lib/modules/6.18.0-00006-g53d68d37d754/kernel/drivers/usb/typec/tipd/tps6598x.ko
  INSTALL /local/mnt/workspace/AURA_V1/evidence/compile_closure_wcd937x_continuation_20260520_033221/artifacts/modules_dir/lib/modules/6.18.0-00006-g53d68d37d754/kernel/drivers/usb/typec/hd3ss3220.ko
  STRIP   /local/mnt/workspace/AURA_V1/evidence/compile_closure_wcd937x_continuation_20260520_033221/artifacts/modules_dir/lib/modules/6.18.0-00006-g53d68d37d754/kernel/drivers/usb/typec/ucsi/ucsi_ccg.ko
  STRIP   /local/mnt/workspace/AURA_V1/evidence/compile_closure_wcd937x_continuation_20260520_033221/artifacts/modules_dir/lib/modules/6.18.0-00006-g53d68d37d754/kernel/drivers/usb/typec/ucsi/ucsi_glink.ko
  STRIP   /local/mnt/workspace/AURA_V1/evidence/compile_closure_wcd937x_continuation_20260520_033221/artifacts/modules_dir/lib/modules/6.18.0-00006-g53d68d37d754/kernel/drivers/usb/typec/ucsi/cros_ec_ucsi.ko
  STRIP   /local/mnt/workspace/AURA_V1/evidence/compile_closure_wcd937x_continuation_20260520_033221/artifacts/modules_dir/lib/modules/6.18.0-00006-g53d68d37d754/kernel/drivers/usb/typec/tipd/tps6598x.ko
  INSTALL /local/mnt/workspace/AURA_V1/evidence/compile_closure_wcd937x_continuation_20260520_033221/artifacts/modules_dir/lib/modules/6.18.0-00006-g53d68d37d754/kernel/drivers/usb/typec/mux/fsa4480.ko
  STRIP   /local/mnt/workspace/AURA_V1/evidence/compile_closure_wcd937x_continuation_20260520_033221/artifacts/modules_dir/lib/modules/6.18.0-00006-g53d68d37d754/kernel/drivers/usb/typec/hd3ss3220.ko
  INSTALL /local/mnt/workspace/AURA_V1/evidence/compile_closure_wcd937x_continuation_20260520_033221/artifacts/modules_dir/lib/modules/6.18.0-00006-g53d68d37d754/kernel/drivers/usb/typec/mux/gpio-sbu-mux.ko
  INSTALL /local/mnt/workspace/AURA_V1/evidence/compile_closure_wcd937x_continuation_20260520_033221/artifacts/modules_dir/lib/modules/6.18.0-00006-g53d68d37d754/kernel/drivers/usb/typec/mux/it5205.ko
  STRIP   /local/mnt/workspace/AURA_V1/evidence/compile_closure_wcd937x_continuation_20260520_033221/artifacts/modules_dir/lib/modules/6.18.0-00006-g53d68d37d754/kernel/drivers/usb/typec/mux/fsa4480.ko
  STRIP   /local/mnt/workspace/AURA_V1/evidence/compile_closure_wcd937x_continuation_20260520_033221/artifacts/modules_dir/lib/modules/6.18.0-00006-g53d68d37d754/kernel/drivers/usb/typec/mux/gpio-sbu-mux.ko
  STRIP   /local/mnt/workspace/AURA_V1/evidence/compile_closure_wcd937x_continuation_20260520_033221/artifacts/modules_dir/lib/modules/6.18.0-00006-g53d68d37d754/kernel/drivers/usb/typec/mux/it5205.ko
  INSTALL /local/mnt/workspace/AURA_V1/evidence/compile_closure_wcd937x_continuation_20260520_033221/artifacts/modules_dir/lib/modules/6.18.0-00006-g53d68d37d754/kernel/drivers/usb/typec/mux/nb7vpq904m.ko
  INSTALL /local/mnt/workspace/AURA_V1/evidence/compile_closure_wcd937x_continuation_20260520_033221/artifacts/modules_dir/lib/modules/6.18.0-00006-g53d68d37d754/kernel/drivers/usb/typec/mux/ps883x.ko
  INSTALL /local/mnt/workspace/AURA_V1/evidence/compile_closure_wcd937x_continuation_20260520_033221/artifacts/modules_dir/lib/modules/6.18.0-00006-g53d68d37d754/kernel/drivers/usb/typec/mux/wcd939x-usbss.ko
  INSTALL /local/mnt/workspace/AURA_V1/evidence/compile_closure_wcd937x_continuation_20260520_033221/artifacts/modules_dir/lib/modules/6.18.0-00006-g53d68d37d754/kernel/drivers/input/keyboard/adc-keys.ko
  INSTALL /local/mnt/workspace/AURA_V1/evidence/compile_closure_wcd937x_continuation_20260520_033221/artifacts/modules_dir/lib/modules/6.18.0-00006-g53d68d37d754/kernel/drivers/input/keyboard/gpio_keys_polled.ko
  STRIP   /local/mnt/workspace/AURA_V1/evidence/compile_closure_wcd937x_continuation_20260520_033221/artifacts/modules_dir/lib/modules/6.18.0-00006-g53d68d37d754/kernel/drivers/usb/typec/mux/nb7vpq904m.ko
  STRIP   /local/mnt/workspace/AURA_V1/evidence/compile_closure_wcd937x_continuation_20260520_033221/artifacts/modules_dir/lib/modules/6.18.0-00006-g53d68d37d754/kernel/drivers/usb/typec/mux/ps883x.ko
  INSTALL /local/mnt/workspace/AURA_V1/evidence/compile_closure_wcd937x_continuation_20260520_033221/artifacts/modules_dir/lib/modules/6.18.0-00006-g53d68d37d754/kernel/drivers/input/keyboard/imx_sc_key.ko
  STRIP   /local/mnt/workspace/AURA_V1/evidence/compile_closure_wcd937x_continuation_20260520_033221/artifacts/modules_dir/lib/modules/6.18.0-00006-g53d68d37d754/kernel/drivers/usb/typec/mux/wcd939x-usbss.ko
  STRIP   /local/mnt/workspace/AURA_V1/evidence/compile_closure_wcd937x_continuation_20260520_033221/artifacts/modules_dir/lib/modules/6.18.0-00006-g53d68d37d754/kernel/drivers/input/keyboard/adc-keys.ko
  STRIP   /local/mnt/workspace/AURA_V1/evidence/compile_closure_wcd937x_continuation_20260520_033221/artifacts/modules_dir/lib/modules/6.18.0-00006-g53d68d37d754/kernel/drivers/input/keyboard/gpio_keys_polled.ko
  INSTALL /local/mnt/workspace/AURA_V1/evidence/compile_closure_wcd937x_continuation_20260520_033221/artifacts/modules_dir/lib/modules/6.18.0-00006-g53d68d37d754/kernel/drivers/input/keyboard/mtk-pmic-keys.ko
  INSTALL /local/mnt/workspace/AURA_V1/evidence/compile_closure_wcd937x_continuation_20260520_033221/artifacts/modules_dir/lib/modules/6.18.0-00006-g53d68d37d754/kernel/drivers/input/keyboard/snvs_pwrkey.ko
  STRIP   /local/mnt/workspace/AURA_V1/evidence/compile_closure_wcd937x_continuation_20260520_033221/artifacts/modules_dir/lib/modules/6.18.0-00006-g53d68d37d754/kernel/drivers/input/keyboard/imx_sc_key.ko
  INSTALL /local/mnt/workspace/AURA_V1/evidence/compile_closure_wcd937x_continuation_20260520_033221/artifacts/modules_dir/lib/modules/6.18.0-00006-g53d68d37d754/kernel/drivers/input/mouse/elan_i2c.ko
  STRIP   /local/mnt/workspace/AURA_V1/evidence/compile_closure_wcd937x_continuation_20260520_033221/artifacts/modules_dir/lib/modules/6.18.0-00006-g53d68d37d754/kernel/drivers/input/keyboard/snvs_pwrkey.ko
  STRIP   /local/mnt/workspace/AURA_V1/evidence/compile_closure_wcd937x_continuation_20260520_033221/artifacts/modules_dir/lib/modules/6.18.0-00006-g53d68d37d754/kernel/drivers/input/keyboard/mtk-pmic-keys.ko
  INSTALL /local/mnt/workspace/AURA_V1/evidence/compile_closure_wcd937x_continuation_20260520_033221/artifacts/modules_dir/lib/modules/6.18.0-00006-g53d68d37d754/kernel/drivers/input/touchscreen/atmel_mxt_ts.ko
  STRIP   /local/mnt/workspace/AURA_V1/evidence/compile_closure_wcd937x_continuation_20260520_033221/artifacts/modules_dir/lib/modules/6.18.0-00006-g53d68d37d754/kernel/drivers/input/mouse/elan_i2c.ko
  INSTALL /local/mnt/workspace/AURA_V1/evidence/compile_closure_wcd937x_continuation_20260520_033221/artifacts/modules_dir/lib/modules/6.18.0-00006-g53d68d37d754/kernel/drivers/input/touchscreen/edt-ft5x06.ko
  INSTALL /local/mnt/workspace/AURA_V1/evidence/compile_closure_wcd937x_continuation_20260520_033221/artifacts/modules_dir/lib/modules/6.18.0-00006-g53d68d37d754/kernel/drivers/input/touchscreen/elants_i2c.ko
  INSTALL /local/mnt/workspace/AURA_V1/evidence/compile_closure_wcd937x_continuation_20260520_033221/artifacts/modules_dir/lib/modules/6.18.0-00006-g53d68d37d754/kernel/drivers/input/touchscreen/goodix_ts.ko
  STRIP   /local/mnt/workspace/AURA_V1/evidence/compile_closure_wcd937x_continuation_20260520_033221/artifacts/modules_dir/lib/modules/6.18.0-00006-g53d68d37d754/kernel/drivers/input/touchscreen/atmel_mxt_ts.ko
  INSTALL /local/mnt/workspace/AURA_V1/evidence/compile_closure_wcd937x_continuation_20260520_033221/artifacts/modules_dir/lib/modules/6.18.0-00006-g53d68d37d754/kernel/drivers/input/touchscreen/goodix_berlin_core.ko
  STRIP   /local/mnt/workspace/AURA_V1/evidence/compile_closure_wcd937x_continuation_20260520_033221/artifacts/modules_dir/lib/modules/6.18.0-00006-g53d68d37d754/kernel/drivers/input/touchscreen/edt-ft5x06.ko
  STRIP   /local/mnt/workspace/AURA_V1/evidence/compile_closure_wcd937x_continuation_20260520_033221/artifacts/modules_dir/lib/modules/6.18.0-00006-g53d68d37d754/kernel/drivers/input/touchscreen/elants_i2c.ko
  STRIP   /local/mnt/workspace/AURA_V1/evidence/compile_closure_wcd937x_continuation_20260520_033221/artifacts/modules_dir/lib/modules/6.18.0-00006-g53d68d37d754/kernel/drivers/input/touchscreen/goodix_ts.ko
  INSTALL /local/mnt/workspace/AURA_V1/evidence/compile_closure_wcd937x_continuation_20260520_033221/artifacts/modules_dir/lib/modules/6.18.0-00006-g53d68d37d754/kernel/drivers/input/touchscreen/goodix_berlin_spi.ko
  INSTALL /local/mnt/workspace/AURA_V1/evidence/compile_closure_wcd937x_continuation_20260520_033221/artifacts/modules_dir/lib/modules/6.18.0-00006-g53d68d37d754/kernel/drivers/input/misc/nxp-bbnsm-pwrkey.ko
  STRIP   /local/mnt/workspace/AURA_V1/evidence/compile_closure_wcd937x_continuation_20260520_033221/artifacts/modules_dir/lib/modules/6.18.0-00006-g53d68d37d754/kernel/drivers/input/touchscreen/goodix_berlin_core.ko
  INSTALL /local/mnt/workspace/AURA_V1/evidence/compile_closure_wcd937x_continuation_20260520_033221/artifacts/modules_dir/lib/modules/6.18.0-00006-g53d68d37d754/kernel/drivers/input/misc/da9063_onkey.ko
  INSTALL /local/mnt/workspace/AURA_V1/evidence/compile_closure_wcd937x_continuation_20260520_033221/artifacts/modules_dir/lib/modules/6.18.0-00006-g53d68d37d754/kernel/drivers/input/misc/pm8xxx-vibrator.ko
  STRIP   /local/mnt/workspace/AURA_V1/evidence/compile_closure_wcd937x_continuation_20260520_033221/artifacts/modules_dir/lib/modules/6.18.0-00006-g53d68d37d754/kernel/drivers/input/touchscreen/goodix_berlin_spi.ko
  STRIP   /local/mnt/workspace/AURA_V1/evidence/compile_closure_wcd937x_continuation_20260520_033221/artifacts/modules_dir/lib/modules/6.18.0-00006-g53d68d37d754/kernel/drivers/input/misc/nxp-bbnsm-pwrkey.ko
  STRIP   /local/mnt/workspace/AURA_V1/evidence/compile_closure_wcd937x_continuation_20260520_033221/artifacts/modules_dir/lib/modules/6.18.0-00006-g53d68d37d754/kernel/drivers/input/misc/da9063_onkey.ko
  INSTALL /local/mnt/workspace/AURA_V1/evidence/compile_closure_wcd937x_continuation_20260520_033221/artifacts/modules_dir/lib/modules/6.18.0-00006-g53d68d37d754/kernel/drivers/input/misc/pwm-beeper.ko
  STRIP   /local/mnt/workspace/AURA_V1/evidence/compile_closure_wcd937x_continuation_20260520_033221/artifacts/modules_dir/lib/modules/6.18.0-00006-g53d68d37d754/kernel/drivers/input/misc/pm8xxx-vibrator.ko
  INSTALL /local/mnt/workspace/AURA_V1/evidence/compile_closure_wcd937x_continuation_20260520_033221/artifacts/modules_dir/lib/modules/6.18.0-00006-g53d68d37d754/kernel/drivers/input/misc/pwm-vibra.ko
  INSTALL /local/mnt/workspace/AURA_V1/evidence/compile_closure_wcd937x_continuation_20260520_033221/artifacts/modules_dir/lib/modules/6.18.0-00006-g53d68d37d754/kernel/drivers/input/misc/rk805-pwrkey.ko
  INSTALL /local/mnt/workspace/AURA_V1/evidence/compile_closure_wcd937x_continuation_20260520_033221/artifacts/modules_dir/lib/modules/6.18.0-00006-g53d68d37d754/kernel/drivers/input/misc/tps65219-pwrbutton.ko
  STRIP   /local/mnt/workspace/AURA_V1/evidence/compile_closure_wcd937x_continuation_20260520_033221/artifacts/modules_dir/lib/modules/6.18.0-00006-g53d68d37d754/kernel/drivers/input/misc/pwm-beeper.ko
  STRIP   /local/mnt/workspace/AURA_V1/evidence/compile_closure_wcd937x_continuation_20260520_033221/artifacts/modules_dir/lib/modules/6.18.0-00006-g53d68d37d754/kernel/drivers/input/misc/pwm-vibra.ko
  INSTALL /local/mnt/workspace/AURA_V1/evidence/compile_closure_wcd937x_continuation_20260520_033221/artifacts/modules_dir/lib/modules/6.18.0-00006-g53d68d37d754/kernel/drivers/rtc/rtc-nxp-bbnsm.ko
  STRIP   /local/mnt/workspace/AURA_V1/evidence/compile_closure_wcd937x_continuation_20260520_033221/artifacts/modules_dir/lib/modules/6.18.0-00006-g53d68d37d754/kernel/drivers/input/misc/rk805-pwrkey.ko
  INSTALL /local/mnt/workspace/AURA_V1/evidence/compile_closure_wcd937x_continuation_20260520_033221/artifacts/modules_dir/lib/modules/6.18.0-00006-g53d68d37d754/kernel/drivers/rtc/rtc-bq32k.ko
  STRIP   /local/mnt/workspace/AURA_V1/evidence/compile_closure_wcd937x_continuation_20260520_033221/artifacts/modules_dir/lib/modules/6.18.0-00006-g53d68d37d754/kernel/drivers/input/misc/tps65219-pwrbutton.ko
  INSTALL /local/mnt/workspace/AURA_V1/evidence/compile_closure_wcd937x_continuation_20260520_033221/artifacts/modules_dir/lib/modules/6.18.0-00006-g53d68d37d754/kernel/drivers/rtc/rtc-da9063.ko
  STRIP   /local/mnt/workspace/AURA_V1/evidence/compile_closure_wcd937x_continuation_20260520_033221/artifacts/modules_dir/lib/modules/6.18.0-00006-g53d68d37d754/kernel/drivers/rtc/rtc-nxp-bbnsm.ko
  STRIP   /local/mnt/workspace/AURA_V1/evidence/compile_closure_wcd937x_continuation_20260520_033221/artifacts/modules_dir/lib/modules/6.18.0-00006-g53d68d37d754/kernel/drivers/rtc/rtc-bq32k.ko
  INSTALL /local/mnt/workspace/AURA_V1/evidence/compile_closure_wcd937x_continuation_20260520_033221/artifacts/modules_dir/lib/modules/6.18.0-00006-g53d68d37d754/kernel/drivers/rtc/rtc-ds1307.ko
  INSTALL /local/mnt/workspace/AURA_V1/evidence/compile_closure_wcd937x_continuation_20260520_033221/artifacts/modules_dir/lib/modules/6.18.0-00006-g53d68d37d754/kernel/drivers/rtc/rtc-fsl-ftm-alarm.ko
  STRIP   /local/mnt/workspace/AURA_V1/evidence/compile_closure_wcd937x_continuation_20260520_033221/artifacts/modules_dir/lib/modules/6.18.0-00006-g53d68d37d754/kernel/drivers/rtc/rtc-da9063.ko
  INSTALL /local/mnt/workspace/AURA_V1/evidence/compile_closure_wcd937x_continuation_20260520_033221/artifacts/modules_dir/lib/modules/6.18.0-00006-g53d68d37d754/kernel/drivers/rtc/rtc-hym8563.ko
  STRIP   /local/mnt/workspace/AURA_V1/evidence/compile_closure_wcd937x_continuation_20260520_033221/artifacts/modules_dir/lib/modules/6.18.0-00006-g53d68d37d754/kernel/drivers/rtc/rtc-ds1307.ko
  INSTALL /local/mnt/workspace/AURA_V1/evidence/compile_closure_wcd937x_continuation_20260520_033221/artifacts/modules_dir/lib/modules/6.18.0-00006-g53d68d37d754/kernel/drivers/rtc/rtc-imx-sc.ko
  INSTALL /local/mnt/workspace/AURA_V1/evidence/compile_closure_wcd937x_continuation_20260520_033221/artifacts/modules_dir/lib/modules/6.18.0-00006-g53d68d37d754/kernel/drivers/rtc/rtc-isl1208.ko
  STRIP   /local/mnt/workspace/AURA_V1/evidence/compile_closure_wcd937x_continuation_20260520_033221/artifacts/modules_dir/lib/modules/6.18.0-00006-g53d68d37d754/kernel/drivers/rtc/rtc-fsl-ftm-alarm.ko
  STRIP   /local/mnt/workspace/AURA_V1/evidence/compile_closure_wcd937x_continuation_20260520_033221/artifacts/modules_dir/lib/modules/6.18.0-00006-g53d68d37d754/kernel/drivers/rtc/rtc-hym8563.ko
  INSTALL /local/mnt/workspace/AURA_V1/evidence/compile_closure_wcd937x_continuation_20260520_033221/artifacts/modules_dir/lib/modules/6.18.0-00006-g53d68d37d754/kernel/drivers/rtc/rtc-m41t80.ko
  INSTALL /local/mnt/workspace/AURA_V1/evidence/compile_closure_wcd937x_continuation_20260520_033221/artifacts/modules_dir/lib/modules/6.18.0-00006-g53d68d37d754/kernel/drivers/rtc/rtc-meson-vrtc.ko
  STRIP   /local/mnt/workspace/AURA_V1/evidence/compile_closure_wcd937x_continuation_20260520_033221/artifacts/modules_dir/lib/modules/6.18.0-00006-g53d68d37d754/kernel/drivers/rtc/rtc-imx-sc.ko
  STRIP   /local/mnt/workspace/AURA_V1/evidence/compile_closure_wcd937x_continuation_20260520_033221/artifacts/modules_dir/lib/modules/6.18.0-00006-g53d68d37d754/kernel/drivers/rtc/rtc-isl1208.ko
  INSTALL /local/mnt/workspace/AURA_V1/evidence/compile_closure_wcd937x_continuation_20260520_033221/artifacts/modules_dir/lib/modules/6.18.0-00006-g53d68d37d754/kernel/drivers/rtc/rtc-mt6397.ko
  INSTALL /local/mnt/workspace/AURA_V1/evidence/compile_closure_wcd937x_continuation_20260520_033221/artifacts/modules_dir/lib/modules/6.18.0-00006-g53d68d37d754/kernel/drivers/rtc/rtc-pcf2127.ko
  STRIP   /local/mnt/workspace/AURA_V1/evidence/compile_closure_wcd937x_continuation_20260520_033221/artifacts/modules_dir/lib/modules/6.18.0-00006-g53d68d37d754/kernel/drivers/rtc/rtc-m41t80.ko
  STRIP   /local/mnt/workspace/AURA_V1/evidence/compile_closure_wcd937x_continuation_20260520_033221/artifacts/modules_dir/lib/modules/6.18.0-00006-g53d68d37d754/kernel/drivers/rtc/rtc-meson-vrtc.ko
  STRIP   /local/mnt/workspace/AURA_V1/evidence/compile_closure_wcd937x_continuation_20260520_033221/artifacts/modules_dir/lib/modules/6.18.0-00006-g53d68d37d754/kernel/drivers/rtc/rtc-mt6397.ko
  STRIP   /local/mnt/workspace/AURA_V1/evidence/compile_closure_wcd937x_continuation_20260520_033221/artifacts/modules_dir/lib/modules/6.18.0-00006-g53d68d37d754/kernel/drivers/rtc/rtc-pcf2127.ko
  INSTALL /local/mnt/workspace/AURA_V1/evidence/compile_closure_wcd937x_continuation_20260520_033221/artifacts/modules_dir/lib/modules/6.18.0-00006-g53d68d37d754/kernel/drivers/rtc/rtc-pcf85063.ko
  INSTALL /local/mnt/workspace/AURA_V1/evidence/compile_closure_wcd937x_continuation_20260520_033221/artifacts/modules_dir/lib/modules/6.18.0-00006-g53d68d37d754/kernel/drivers/rtc/rtc-pcf85363.ko
  INSTALL /local/mnt/workspace/AURA_V1/evidence/compile_closure_wcd937x_continuation_20260520_033221/artifacts/modules_dir/lib/modules/6.18.0-00006-g53d68d37d754/kernel/drivers/rtc/rtc-pcf8563.ko
  INSTALL /local/mnt/workspace/AURA_V1/evidence/compile_closure_wcd937x_continuation_20260520_033221/artifacts/modules_dir/lib/modules/6.18.0-00006-g53d68d37d754/kernel/drivers/rtc/rtc-pm8xxx.ko
  STRIP   /local/mnt/workspace/AURA_V1/evidence/compile_closure_wcd937x_continuation_20260520_033221/artifacts/modules_dir/lib/modules/6.18.0-00006-g53d68d37d754/kernel/drivers/rtc/rtc-pcf85063.ko
  STRIP   /local/mnt/workspace/AURA_V1/evidence/compile_closure_wcd937x_continuation_20260520_033221/artifacts/modules_dir/lib/modules/6.18.0-00006-g53d68d37d754/kernel/drivers/rtc/rtc-pcf85363.ko
  STRIP   /local/mnt/workspace/AURA_V1/evidence/compile_closure_wcd937x_continuation_20260520_033221/artifacts/modules_dir/lib/modules/6.18.0-00006-g53d68d37d754/kernel/drivers/rtc/rtc-pcf8563.ko
  INSTALL /local/mnt/workspace/AURA_V1/evidence/compile_closure_wcd937x_continuation_20260520_033221/artifacts/modules_dir/lib/modules/6.18.0-00006-g53d68d37d754/kernel/drivers/rtc/rtc-rk808.ko
  INSTALL /local/mnt/workspace/AURA_V1/evidence/compile_closure_wcd937x_continuation_20260520_033221/artifacts/modules_dir/lib/modules/6.18.0-00006-g53d68d37d754/kernel/drivers/rtc/rtc-rv3028.ko
  STRIP   /local/mnt/workspace/AURA_V1/evidence/compile_closure_wcd937x_continuation_20260520_033221/artifacts/modules_dir/lib/modules/6.18.0-00006-g53d68d37d754/kernel/drivers/rtc/rtc-pm8xxx.ko
  INSTALL /local/mnt/workspace/AURA_V1/evidence/compile_closure_wcd937x_continuation_20260520_033221/artifacts/modules_dir/lib/modules/6.18.0-00006-g53d68d37d754/kernel/drivers/rtc/rtc-rv8803.ko
  INSTALL /local/mnt/workspace/AURA_V1/evidence/compile_closure_wcd937x_continuation_20260520_033221/artifacts/modules_dir/lib/modules/6.18.0-00006-g53d68d37d754/kernel/drivers/rtc/rtc-rx8581.ko
  STRIP   /local/mnt/workspace/AURA_V1/evidence/compile_closure_wcd937x_continuation_20260520_033221/artifacts/modules_dir/lib/modules/6.18.0-00006-g53d68d37d754/kernel/drivers/rtc/rtc-rk808.ko
  INSTALL /local/mnt/workspace/AURA_V1/evidence/compile_closure_wcd937x_continuation_20260520_033221/artifacts/modules_dir/lib/modules/6.18.0-00006-g53d68d37d754/kernel/drivers/rtc/rtc-renesas-rtca3.ko
  STRIP   /local/mnt/workspace/AURA_V1/evidence/compile_closure_wcd937x_continuation_20260520_033221/artifacts/modules_dir/lib/modules/6.18.0-00006-g53d68d37d754/kernel/drivers/rtc/rtc-rv3028.ko
  STRIP   /local/mnt/workspace/AURA_V1/evidence/compile_closure_wcd937x_continuation_20260520_033221/artifacts/modules_dir/lib/modules/6.18.0-00006-g53d68d37d754/kernel/drivers/rtc/rtc-rv8803.ko
  STRIP   /local/mnt/workspace/AURA_V1/evidence/compile_closure_wcd937x_continuation_20260520_033221/artifacts/modules_dir/lib/modules/6.18.0-00006-g53d68d37d754/kernel/drivers/rtc/rtc-rx8581.ko
  INSTALL /local/mnt/workspace/AURA_V1/evidence/compile_closure_wcd937x_continuation_20260520_033221/artifacts/modules_dir/lib/modules/6.18.0-00006-g53d68d37d754/kernel/drivers/rtc/rtc-s32g.ko
  INSTALL /local/mnt/workspace/AURA_V1/evidence/compile_closure_wcd937x_continuation_20260520_033221/artifacts/modules_dir/lib/modules/6.18.0-00006-g53d68d37d754/kernel/drivers/rtc/rtc-snvs.ko
  STRIP   /local/mnt/workspace/AURA_V1/evidence/compile_closure_wcd937x_continuation_20260520_033221/artifacts/modules_dir/lib/modules/6.18.0-00006-g53d68d37d754/kernel/drivers/rtc/rtc-renesas-rtca3.ko
  INSTALL /local/mnt/workspace/AURA_V1/evidence/compile_closure_wcd937x_continuation_20260520_033221/artifacts/modules_dir/lib/modules/6.18.0-00006-g53d68d37d754/kernel/drivers/rtc/rtc-ti-k3.ko
  STRIP   /local/mnt/workspace/AURA_V1/evidence/compile_closure_wcd937x_continuation_20260520_033221/artifacts/modules_dir/lib/modules/6.18.0-00006-g53d68d37d754/kernel/drivers/rtc/rtc-snvs.ko
  INSTALL /local/mnt/workspace/AURA_V1/evidence/compile_closure_wcd937x_continuation_20260520_033221/artifacts/modules_dir/lib/modules/6.18.0-00006-g53d68d37d754/kernel/drivers/rtc/rtc-tps6594.ko
  STRIP   /local/mnt/workspace/AURA_V1/evidence/compile_closure_wcd937x_continuation_20260520_033221/artifacts/modules_dir/lib/modules/6.18.0-00006-g53d68d37d754/kernel/drivers/rtc/rtc-s32g.ko
  INSTALL /local/mnt/workspace/AURA_V1/evidence/compile_closure_wcd937x_continuation_20260520_033221/artifacts/modules_dir/lib/modules/6.18.0-00006-g53d68d37d754/kernel/drivers/i2c/busses/i2c-bcm2835.ko
  STRIP   /local/mnt/workspace/AURA_V1/evidence/compile_closure_wcd937x_continuation_20260520_033221/artifacts/modules_dir/lib/modules/6.18.0-00006-g53d68d37d754/kernel/drivers/rtc/rtc-ti-k3.ko
  INSTALL /local/mnt/workspace/AURA_V1/evidence/compile_closure_wcd937x_continuation_20260520_033221/artifacts/modules_dir/lib/modules/6.18.0-00006-g53d68d37d754/kernel/drivers/i2c/busses/i2c-cadence.ko
  INSTALL /local/mnt/workspace/AURA_V1/evidence/compile_closure_wcd937x_continuation_20260520_033221/artifacts/modules_dir/lib/modules/6.18.0-00006-g53d68d37d754/kernel/drivers/i2c/busses/i2c-gpio.ko
  STRIP   /local/mnt/workspace/AURA_V1/evidence/compile_closure_wcd937x_continuation_20260520_033221/artifacts/modules_dir/lib/modules/6.18.0-00006-g53d68d37d754/kernel/drivers/rtc/rtc-tps6594.ko
  STRIP   /local/mnt/workspace/AURA_V1/evidence/compile_closure_wcd937x_continuation_20260520_033221/artifacts/modules_dir/lib/modules/6.18.0-00006-g53d68d37d754/kernel/drivers/i2c/busses/i2c-bcm2835.ko
  INSTALL /local/mnt/workspace/AURA_V1/evidence/compile_closure_wcd937x_continuation_20260520_033221/artifacts/modules_dir/lib/modules/6.18.0-00006-g53d68d37d754/kernel/drivers/i2c/busses/i2c-qcom-cci.ko
  STRIP   /local/mnt/workspace/AURA_V1/evidence/compile_closure_wcd937x_continuation_20260520_033221/artifacts/modules_dir/lib/modules/6.18.0-00006-g53d68d37d754/kernel/drivers/i2c/busses/i2c-cadence.ko
  STRIP   /local/mnt/workspace/AURA_V1/evidence/compile_closure_wcd937x_continuation_20260520_033221/artifacts/modules_dir/lib/modules/6.18.0-00006-g53d68d37d754/kernel/drivers/i2c/busses/i2c-gpio.ko
  INSTALL /local/mnt/workspace/AURA_V1/evidence/compile_closure_wcd937x_continuation_20260520_033221/artifacts/modules_dir/lib/modules/6.18.0-00006-g53d68d37d754/kernel/drivers/i2c/busses/i2c-qcom-geni.ko
  INSTALL /local/mnt/workspace/AURA_V1/evidence/compile_closure_wcd937x_continuation_20260520_033221/artifacts/modules_dir/lib/modules/6.18.0-00006-g53d68d37d754/kernel/drivers/i2c/busses/i2c-rzv2m.ko
  STRIP   /local/mnt/workspace/AURA_V1/evidence/compile_closure_wcd937x_continuation_20260520_033221/artifacts/modules_dir/lib/modules/6.18.0-00006-g53d68d37d754/kernel/drivers/i2c/busses/i2c-qcom-cci.ko
  INSTALL /local/mnt/workspace/AURA_V1/evidence/compile_closure_wcd937x_continuation_20260520_033221/artifacts/modules_dir/lib/modules/6.18.0-00006-g53d68d37d754/kernel/drivers/i2c/muxes/i2c-mux-pinctrl.ko
  STRIP   /local/mnt/workspace/AURA_V1/evidence/compile_closure_wcd937x_continuation_20260520_033221/artifacts/modules_dir/lib/modules/6.18.0-00006-g53d68d37d754/kernel/drivers/i2c/busses/i2c-qcom-geni.ko
  INSTALL /local/mnt/workspace/AURA_V1/evidence/compile_closure_wcd937x_continuation_20260520_033221/artifacts/modules_dir/lib/modules/6.18.0-00006-g53d68d37d754/kernel/drivers/media/i2c/imx219.ko
  INSTALL /local/mnt/workspace/AURA_V1/evidence/compile_closure_wcd937x_continuation_20260520_033221/artifacts/modules_dir/lib/modules/6.18.0-00006-g53d68d37d754/kernel/drivers/media/i2c/imx412.ko
  INSTALL /local/mnt/workspace/AURA_V1/evidence/compile_closure_wcd937x_continuation_20260520_033221/artifacts/modules_dir/lib/modules/6.18.0-00006-g53d68d37d754/kernel/drivers/media/i2c/ir-kbd-i2c.ko
  STRIP   /local/mnt/workspace/AURA_V1/evidence/compile_closure_wcd937x_continuation_20260520_033221/artifacts/modules_dir/lib/modules/6.18.0-00006-g53d68d37d754/kernel/drivers/i2c/busses/i2c-rzv2m.ko
  STRIP   /local/mnt/workspace/AURA_V1/evidence/compile_closure_wcd937x_continuation_20260520_033221/artifacts/modules_dir/lib/modules/6.18.0-00006-g53d68d37d754/kernel/drivers/i2c/muxes/i2c-mux-pinctrl.ko
  INSTALL /local/mnt/workspace/AURA_V1/evidence/compile_closure_wcd937x_continuation_20260520_033221/artifacts/modules_dir/lib/modules/6.18.0-00006-g53d68d37d754/kernel/drivers/media/i2c/ov5640.ko
  STRIP   /local/mnt/workspace/AURA_V1/evidence/compile_closure_wcd937x_continuation_20260520_033221/artifacts/modules_dir/lib/modules/6.18.0-00006-g53d68d37d754/kernel/drivers/media/i2c/imx219.ko
  STRIP   /local/mnt/workspace/AURA_V1/evidence/compile_closure_wcd937x_continuation_20260520_033221/artifacts/modules_dir/lib/modules/6.18.0-00006-g53d68d37d754/kernel/drivers/media/i2c/imx412.ko
  INSTALL /local/mnt/workspace/AURA_V1/evidence/compile_closure_wcd937x_continuation_20260520_033221/artifacts/modules_dir/lib/modules/6.18.0-00006-g53d68d37d754/kernel/drivers/media/i2c/ov5645.ko
  STRIP   /local/mnt/workspace/AURA_V1/evidence/compile_closure_wcd937x_continuation_20260520_033221/artifacts/modules_dir/lib/modules/6.18.0-00006-g53d68d37d754/kernel/drivers/media/i2c/ir-kbd-i2c.ko
  STRIP   /local/mnt/workspace/AURA_V1/evidence/compile_closure_wcd937x_continuation_20260520_033221/artifacts/modules_dir/lib/modules/6.18.0-00006-g53d68d37d754/kernel/drivers/media/i2c/ov5640.ko
  INSTALL /local/mnt/workspace/AURA_V1/evidence/compile_closure_wcd937x_continuation_20260520_033221/artifacts/modules_dir/lib/modules/6.18.0-00006-g53d68d37d754/kernel/drivers/media/tuners/mc44s803.ko
  INSTALL /local/mnt/workspace/AURA_V1/evidence/compile_closure_wcd937x_continuation_20260520_033221/artifacts/modules_dir/lib/modules/6.18.0-00006-g53d68d37d754/kernel/drivers/media/tuners/mt20xx.ko
  INSTALL /local/mnt/workspace/AURA_V1/evidence/compile_closure_wcd937x_continuation_20260520_033221/artifacts/modules_dir/lib/modules/6.18.0-00006-g53d68d37d754/kernel/drivers/media/tuners/tuner-simple.ko
  STRIP   /local/mnt/workspace/AURA_V1/evidence/compile_closure_wcd937x_continuation_20260520_033221/artifacts/modules_dir/lib/modules/6.18.0-00006-g53d68d37d754/kernel/drivers/media/i2c/ov5645.ko
  STRIP   /local/mnt/workspace/AURA_V1/evidence/compile_closure_wcd937x_continuation_20260520_033221/artifacts/modules_dir/lib/modules/6.18.0-00006-g53d68d37d754/kernel/drivers/media/tuners/mc44s803.ko
  INSTALL /local/mnt/workspace/AURA_V1/evidence/compile_closure_wcd937x_continuation_20260520_033221/artifacts/modules_dir/lib/modules/6.18.0-00006-g53d68d37d754/kernel/drivers/media/tuners/tuner-types.ko
  INSTALL /local/mnt/workspace/AURA_V1/evidence/compile_closure_wcd937x_continuation_20260520_033221/artifacts/modules_dir/lib/modules/6.18.0-00006-g53d68d37d754/kernel/drivers/media/tuners/tda18271.ko
  INSTALL /local/mnt/workspace/AURA_V1/evidence/compile_closure_wcd937x_continuation_20260520_033221/artifacts/modules_dir/lib/modules/6.18.0-00006-g53d68d37d754/kernel/drivers/media/tuners/tda827x.ko
  INSTALL /local/mnt/workspace/AURA_V1/evidence/compile_closure_wcd937x_continuation_20260520_033221/artifacts/modules_dir/lib/modules/6.18.0-00006-g53d68d37d754/kernel/drivers/media/tuners/tda8290.ko
  STRIP   /local/mnt/workspace/AURA_V1/evidence/compile_closure_wcd937x_continuation_20260520_033221/artifacts/modules_dir/lib/modules/6.18.0-00006-g53d68d37d754/kernel/drivers/media/tuners/mt20xx.ko
  STRIP   /local/mnt/workspace/AURA_V1/evidence/compile_closure_wcd937x_continuation_20260520_033221/artifacts/modules_dir/lib/modules/6.18.0-00006-g53d68d37d754/kernel/drivers/media/tuners/tuner-simple.ko
  STRIP   /local/mnt/workspace/AURA_V1/evidence/compile_closure_wcd937x_continuation_20260520_033221/artifacts/modules_dir/lib/modules/6.18.0-00006-g53d68d37d754/kernel/drivers/media/tuners/tuner-types.ko
  STRIP   /local/mnt/workspace/AURA_V1/evidence/compile_closure_wcd937x_continuation_20260520_033221/artifacts/modules_dir/lib/modules/6.18.0-00006-g53d68d37d754/kernel/drivers/media/tuners/tda18271.ko
  STRIP   /local/mnt/workspace/AURA_V1/evidence/compile_closure_wcd937x_continuation_20260520_033221/artifacts/modules_dir/lib/modules/6.18.0-00006-g53d68d37d754/kernel/drivers/media/tuners/tda827x.ko
  STRIP   /local/mnt/workspace/AURA_V1/evidence/compile_closure_wcd937x_continuation_20260520_033221/artifacts/modules_dir/lib/modules/6.18.0-00006-g53d68d37d754/kernel/drivers/media/tuners/tda8290.ko
  INSTALL /local/mnt/workspace/AURA_V1/evidence/compile_closure_wcd937x_continuation_20260520_033221/artifacts/modules_dir/lib/modules/6.18.0-00006-g53d68d37d754/kernel/drivers/media/tuners/tda9887.ko
  INSTALL /local/mnt/workspace/AURA_V1/evidence/compile_closure_wcd937x_continuation_20260520_033221/artifacts/modules_dir/lib/modules/6.18.0-00006-g53d68d37d754/kernel/drivers/media/tuners/xc2028.ko
  INSTALL /local/mnt/workspace/AURA_V1/evidence/compile_closure_wcd937x_continuation_20260520_033221/artifacts/modules_dir/lib/modules/6.18.0-00006-g53d68d37d754/kernel/drivers/media/tuners/xc4000.ko
  STRIP   /local/mnt/workspace/AURA_V1/evidence/compile_closure_wcd937x_continuation_20260520_033221/artifacts/modules_dir/lib/modules/6.18.0-00006-g53d68d37d754/kernel/drivers/media/tuners/tda9887.ko
  STRIP   /local/mnt/workspace/AURA_V1/evidence/compile_closure_wcd937x_continuation_20260520_033221/artifacts/modules_dir/lib/modules/6.18.0-00006-g53d68d37d754/kernel/drivers/media/tuners/xc2028.ko
  INSTALL /local/mnt/workspace/AURA_V1/evidence/compile_closure_wcd937x_continuation_20260520_033221/artifacts/modules_dir/lib/modules/6.18.0-00006-g53d68d37d754/kernel/drivers/media/tuners/xc5000.ko
  STRIP   /local/mnt/workspace/AURA_V1/evidence/compile_closure_wcd937x_continuation_20260520_033221/artifacts/modules_dir/lib/modules/6.18.0-00006-g53d68d37d754/kernel/drivers/media/tuners/xc4000.ko
  INSTALL /local/mnt/workspace/AURA_V1/evidence/compile_closure_wcd937x_continuation_20260520_033221/artifacts/modules_dir/lib/modules/6.18.0-00006-g53d68d37d754/kernel/drivers/media/rc/keymaps/rc-adstech-dvb-t-pci.ko
  INSTALL /local/mnt/workspace/AURA_V1/evidence/compile_closure_wcd937x_continuation_20260520_033221/artifacts/modules_dir/lib/modules/6.18.0-00006-g53d68d37d754/kernel/drivers/media/rc/keymaps/rc-alink-dtu-m.ko
  INSTALL /local/mnt/workspace/AURA_V1/evidence/compile_closure_wcd937x_continuation_20260520_033221/artifacts/modules_dir/lib/modules/6.18.0-00006-g53d68d37d754/kernel/drivers/media/rc/keymaps/rc-anysee.ko
  INSTALL /local/mnt/workspace/AURA_V1/evidence/compile_closure_wcd937x_continuation_20260520_033221/artifacts/modules_dir/lib/modules/6.18.0-00006-g53d68d37d754/kernel/drivers/media/rc/keymaps/rc-apac-viewcomp.ko
  STRIP   /local/mnt/workspace/AURA_V1/evidence/compile_closure_wcd937x_continuation_20260520_033221/artifacts/modules_dir/lib/modules/6.18.0-00006-g53d68d37d754/kernel/drivers/media/tuners/xc5000.ko
  STRIP   /local/mnt/workspace/AURA_V1/evidence/compile_closure_wcd937x_continuation_20260520_033221/artifacts/modules_dir/lib/modules/6.18.0-00006-g53d68d37d754/kernel/drivers/media/rc/keymaps/rc-adstech-dvb-t-pci.ko
  STRIP   /local/mnt/workspace/AURA_V1/evidence/compile_closure_wcd937x_continuation_20260520_033221/artifacts/modules_dir/lib/modules/6.18.0-00006-g53d68d37d754/kernel/drivers/media/rc/keymaps/rc-alink-dtu-m.ko
  STRIP   /local/mnt/workspace/AURA_V1/evidence/compile_closure_wcd937x_continuation_20260520_033221/artifacts/modules_dir/lib/modules/6.18.0-00006-g53d68d37d754/kernel/drivers/media/rc/keymaps/rc-anysee.ko
  INSTALL /local/mnt/workspace/AURA_V1/evidence/compile_closure_wcd937x_continuation_20260520_033221/artifacts/modules_dir/lib/modules/6.18.0-00006-g53d68d37d754/kernel/drivers/media/rc/keymaps/rc-astrometa-t2hybrid.ko
  STRIP   /local/mnt/workspace/AURA_V1/evidence/compile_closure_wcd937x_continuation_20260520_033221/artifacts/modules_dir/lib/modules/6.18.0-00006-g53d68d37d754/kernel/drivers/media/rc/keymaps/rc-apac-viewcomp.ko
  INSTALL /local/mnt/workspace/AURA_V1/evidence/compile_closure_wcd937x_continuation_20260520_033221/artifacts/modules_dir/lib/modules/6.18.0-00006-g53d68d37d754/kernel/drivers/media/rc/keymaps/rc-asus-pc39.ko
  INSTALL /local/mnt/workspace/AURA_V1/evidence/compile_closure_wcd937x_continuation_20260520_033221/artifacts/modules_dir/lib/modules/6.18.0-00006-g53d68d37d754/kernel/drivers/media/rc/keymaps/rc-asus-ps3-100.ko
  STRIP   /local/mnt/workspace/AURA_V1/evidence/compile_closure_wcd937x_continuation_20260520_033221/artifacts/modules_dir/lib/modules/6.18.0-00006-g53d68d37d754/kernel/drivers/media/rc/keymaps/rc-astrometa-t2hybrid.ko
  STRIP   /local/mnt/workspace/AURA_V1/evidence/compile_closure_wcd937x_continuation_20260520_033221/artifacts/modules_dir/lib/modules/6.18.0-00006-g53d68d37d754/kernel/drivers/media/rc/keymaps/rc-asus-pc39.ko
  STRIP   /local/mnt/workspace/AURA_V1/evidence/compile_closure_wcd937x_continuation_20260520_033221/artifacts/modules_dir/lib/modules/6.18.0-00006-g53d68d37d754/kernel/drivers/media/rc/keymaps/rc-asus-ps3-100.ko
  INSTALL /local/mnt/workspace/AURA_V1/evidence/compile_closure_wcd937x_continuation_20260520_033221/artifacts/modules_dir/lib/modules/6.18.0-00006-g53d68d37d754/kernel/drivers/media/rc/keymaps/rc-ati-tv-wonder-hd-600.ko
  INSTALL /local/mnt/workspace/AURA_V1/evidence/compile_closure_wcd937x_continuation_20260520_033221/artifacts/modules_dir/lib/modules/6.18.0-00006-g53d68d37d754/kernel/drivers/media/rc/keymaps/rc-ati-x10.ko
  INSTALL /local/mnt/workspace/AURA_V1/evidence/compile_closure_wcd937x_continuation_20260520_033221/artifacts/modules_dir/lib/modules/6.18.0-00006-g53d68d37d754/kernel/drivers/media/rc/keymaps/rc-avermedia-a16d.ko
  INSTALL /local/mnt/workspace/AURA_V1/evidence/compile_closure_wcd937x_continuation_20260520_033221/artifacts/modules_dir/lib/modules/6.18.0-00006-g53d68d37d754/kernel/drivers/media/rc/keymaps/rc-avermedia-cardbus.ko
  STRIP   /local/mnt/workspace/AURA_V1/evidence/compile_closure_wcd937x_continuation_20260520_033221/artifacts/modules_dir/lib/modules/6.18.0-00006-g53d68d37d754/kernel/drivers/media/rc/keymaps/rc-ati-tv-wonder-hd-600.ko
  INSTALL /local/mnt/workspace/AURA_V1/evidence/compile_closure_wcd937x_continuation_20260520_033221/artifacts/modules_dir/lib/modules/6.18.0-00006-g53d68d37d754/kernel/drivers/media/rc/keymaps/rc-avermedia-dvbt.ko
  INSTALL /local/mnt/workspace/AURA_V1/evidence/compile_closure_wcd937x_continuation_20260520_033221/artifacts/modules_dir/lib/modules/6.18.0-00006-g53d68d37d754/kernel/drivers/media/rc/keymaps/rc-avermedia-m135a.ko
  STRIP   /local/mnt/workspace/AURA_V1/evidence/compile_closure_wcd937x_continuation_20260520_033221/artifacts/modules_dir/lib/modules/6.18.0-00006-g53d68d37d754/kernel/drivers/media/rc/keymaps/rc-ati-x10.ko
  STRIP   /local/mnt/workspace/AURA_V1/evidence/compile_closure_wcd937x_continuation_20260520_033221/artifacts/modules_dir/lib/modules/6.18.0-00006-g53d68d37d754/kernel/drivers/media/rc/keymaps/rc-avermedia-a16d.ko
  STRIP   /local/mnt/workspace/AURA_V1/evidence/compile_closure_wcd937x_continuation_20260520_033221/artifacts/modules_dir/lib/modules/6.18.0-00006-g53d68d37d754/kernel/drivers/media/rc/keymaps/rc-avermedia-cardbus.ko
  INSTALL /local/mnt/workspace/AURA_V1/evidence/compile_closure_wcd937x_continuation_20260520_033221/artifacts/modules_dir/lib/modules/6.18.0-00006-g53d68d37d754/kernel/drivers/media/rc/keymaps/rc-avermedia-m733a-rm-k6.ko
  INSTALL /local/mnt/workspace/AURA_V1/evidence/compile_closure_wcd937x_continuation_20260520_033221/artifacts/modules_dir/lib/modules/6.18.0-00006-g53d68d37d754/kernel/drivers/media/rc/keymaps/rc-avermedia.ko
  STRIP   /local/mnt/workspace/AURA_V1/evidence/compile_closure_wcd937x_continuation_20260520_033221/artifacts/modules_dir/lib/modules/6.18.0-00006-g53d68d37d754/kernel/drivers/media/rc/keymaps/rc-avermedia-dvbt.ko
  STRIP   /local/mnt/workspace/AURA_V1/evidence/compile_closure_wcd937x_continuation_20260520_033221/artifacts/modules_dir/lib/modules/6.18.0-00006-g53d68d37d754/kernel/drivers/media/rc/keymaps/rc-avermedia-m135a.ko
  INSTALL /local/mnt/workspace/AURA_V1/evidence/compile_closure_wcd937x_continuation_20260520_033221/artifacts/modules_dir/lib/modules/6.18.0-00006-g53d68d37d754/kernel/drivers/media/rc/keymaps/rc-avermedia-rm-ks.ko
  STRIP   /local/mnt/workspace/AURA_V1/evidence/compile_closure_wcd937x_continuation_20260520_033221/artifacts/modules_dir/lib/modules/6.18.0-00006-g53d68d37d754/kernel/drivers/media/rc/keymaps/rc-avermedia-m733a-rm-k6.ko
  STRIP   /local/mnt/workspace/AURA_V1/evidence/compile_closure_wcd937x_continuation_20260520_033221/artifacts/modules_dir/lib/modules/6.18.0-00006-g53d68d37d754/kernel/drivers/media/rc/keymaps/rc-avermedia.ko
  STRIP   /local/mnt/workspace/AURA_V1/evidence/compile_closure_wcd937x_continuation_20260520_033221/artifacts/modules_dir/lib/modules/6.18.0-00006-g53d68d37d754/kernel/drivers/media/rc/keymaps/rc-avermedia-rm-ks.ko
  INSTALL /local/mnt/workspace/AURA_V1/evidence/compile_closure_wcd937x_continuation_20260520_033221/artifacts/modules_dir/lib/modules/6.18.0-00006-g53d68d37d754/kernel/drivers/media/rc/keymaps/rc-avertv-303.ko
  INSTALL /local/mnt/workspace/AURA_V1/evidence/compile_closure_wcd937x_continuation_20260520_033221/artifacts/modules_dir/lib/modules/6.18.0-00006-g53d68d37d754/kernel/drivers/media/rc/keymaps/rc-azurewave-ad-tu700.ko
  INSTALL /local/mnt/workspace/AURA_V1/evidence/compile_closure_wcd937x_continuation_20260520_033221/artifacts/modules_dir/lib/modules/6.18.0-00006-g53d68d37d754/kernel/drivers/media/rc/keymaps/rc-beelink-gs1.ko
  INSTALL /local/mnt/workspace/AURA_V1/evidence/compile_closure_wcd937x_continuation_20260520_033221/artifacts/modules_dir/lib/modules/6.18.0-00006-g53d68d37d754/kernel/drivers/media/rc/keymaps/rc-beelink-mxiii.ko
  STRIP   /local/mnt/workspace/AURA_V1/evidence/compile_closure_wcd937x_continuation_20260520_033221/artifacts/modules_dir/lib/modules/6.18.0-00006-g53d68d37d754/kernel/drivers/media/rc/keymaps/rc-avertv-303.ko
  STRIP   /local/mnt/workspace/AURA_V1/evidence/compile_closure_wcd937x_continuation_20260520_033221/artifacts/modules_dir/lib/modules/6.18.0-00006-g53d68d37d754/kernel/drivers/media/rc/keymaps/rc-beelink-gs1.ko
  INSTALL /local/mnt/workspace/AURA_V1/evidence/compile_closure_wcd937x_continuation_20260520_033221/artifacts/modules_dir/lib/modules/6.18.0-00006-g53d68d37d754/kernel/drivers/media/rc/keymaps/rc-behold-columbus.ko
  STRIP   /local/mnt/workspace/AURA_V1/evidence/compile_closure_wcd937x_continuation_20260520_033221/artifacts/modules_dir/lib/modules/6.18.0-00006-g53d68d37d754/kernel/drivers/media/rc/keymaps/rc-azurewave-ad-tu700.ko
  INSTALL /local/mnt/workspace/AURA_V1/evidence/compile_closure_wcd937x_continuation_20260520_033221/artifacts/modules_dir/lib/modules/6.18.0-00006-g53d68d37d754/kernel/drivers/media/rc/keymaps/rc-behold.ko
  STRIP   /local/mnt/workspace/AURA_V1/evidence/compile_closure_wcd937x_continuation_20260520_033221/artifacts/modules_dir/lib/modules/6.18.0-00006-g53d68d37d754/kernel/drivers/media/rc/keymaps/rc-beelink-mxiii.ko
  INSTALL /local/mnt/workspace/AURA_V1/evidence/compile_closure_wcd937x_continuation_20260520_033221/artifacts/modules_dir/lib/modules/6.18.0-00006-g53d68d37d754/kernel/drivers/media/rc/keymaps/rc-budget-ci-old.ko
  INSTALL /local/mnt/workspace/AURA_V1/evidence/compile_closure_wcd937x_continuation_20260520_033221/artifacts/modules_dir/lib/modules/6.18.0-00006-g53d68d37d754/kernel/drivers/media/rc/keymaps/rc-cinergy-1400.ko
  STRIP   /local/mnt/workspace/AURA_V1/evidence/compile_closure_wcd937x_continuation_20260520_033221/artifacts/modules_dir/lib/modules/6.18.0-00006-g53d68d37d754/kernel/drivers/media/rc/keymaps/rc-behold-columbus.ko
  STRIP   /local/mnt/workspace/AURA_V1/evidence/compile_closure_wcd937x_continuation_20260520_033221/artifacts/modules_dir/lib/modules/6.18.0-00006-g53d68d37d754/kernel/drivers/media/rc/keymaps/rc-behold.ko
  STRIP   /local/mnt/workspace/AURA_V1/evidence/compile_closure_wcd937x_continuation_20260520_033221/artifacts/modules_dir/lib/modules/6.18.0-00006-g53d68d37d754/kernel/drivers/media/rc/keymaps/rc-budget-ci-old.ko
  INSTALL /local/mnt/workspace/AURA_V1/evidence/compile_closure_wcd937x_continuation_20260520_033221/artifacts/modules_dir/lib/modules/6.18.0-00006-g53d68d37d754/kernel/drivers/media/rc/keymaps/rc-cinergy.ko
  STRIP   /local/mnt/workspace/AURA_V1/evidence/compile_closure_wcd937x_continuation_20260520_033221/artifacts/modules_dir/lib/modules/6.18.0-00006-g53d68d37d754/kernel/drivers/media/rc/keymaps/rc-cinergy-1400.ko
  INSTALL /local/mnt/workspace/AURA_V1/evidence/compile_closure_wcd937x_continuation_20260520_033221/artifacts/modules_dir/lib/modules/6.18.0-00006-g53d68d37d754/kernel/drivers/media/rc/keymaps/rc-ct-90405.ko
  INSTALL /local/mnt/workspace/AURA_V1/evidence/compile_closure_wcd937x_continuation_20260520_033221/artifacts/modules_dir/lib/modules/6.18.0-00006-g53d68d37d754/kernel/drivers/media/rc/keymaps/rc-d680-dmb.ko
  INSTALL /local/mnt/workspace/AURA_V1/evidence/compile_closure_wcd937x_continuation_20260520_033221/artifacts/modules_dir/lib/modules/6.18.0-00006-g53d68d37d754/kernel/drivers/media/rc/keymaps/rc-delock-61959.ko
  STRIP   /local/mnt/workspace/AURA_V1/evidence/compile_closure_wcd937x_continuation_20260520_033221/artifacts/modules_dir/lib/modules/6.18.0-00006-g53d68d37d754/kernel/drivers/media/rc/keymaps/rc-cinergy.ko
  STRIP   /local/mnt/workspace/AURA_V1/evidence/compile_closure_wcd937x_continuation_20260520_033221/artifacts/modules_dir/lib/modules/6.18.0-00006-g53d68d37d754/kernel/drivers/media/rc/keymaps/rc-ct-90405.ko
  STRIP   /local/mnt/workspace/AURA_V1/evidence/compile_closure_wcd937x_continuation_20260520_033221/artifacts/modules_dir/lib/modules/6.18.0-00006-g53d68d37d754/kernel/drivers/media/rc/keymaps/rc-d680-dmb.ko
  STRIP   /local/mnt/workspace/AURA_V1/evidence/compile_closure_wcd937x_continuation_20260520_033221/artifacts/modules_dir/lib/modules/6.18.0-00006-g53d68d37d754/kernel/drivers/media/rc/keymaps/rc-delock-61959.ko
  INSTALL /local/mnt/workspace/AURA_V1/evidence/compile_closure_wcd937x_continuation_20260520_033221/artifacts/modules_dir/lib/modules/6.18.0-00006-g53d68d37d754/kernel/drivers/media/rc/keymaps/rc-dib0700-nec.ko
  INSTALL /local/mnt/workspace/AURA_V1/evidence/compile_closure_wcd937x_continuation_20260520_033221/artifacts/modules_dir/lib/modules/6.18.0-00006-g53d68d37d754/kernel/drivers/media/rc/keymaps/rc-dib0700-rc5.ko
  INSTALL /local/mnt/workspace/AURA_V1/evidence/compile_closure_wcd937x_continuation_20260520_033221/artifacts/modules_dir/lib/modules/6.18.0-00006-g53d68d37d754/kernel/drivers/media/rc/keymaps/rc-digitalnow-tinytwin.ko
  INSTALL /local/mnt/workspace/AURA_V1/evidence/compile_closure_wcd937x_continuation_20260520_033221/artifacts/modules_dir/lib/modules/6.18.0-00006-g53d68d37d754/kernel/drivers/media/rc/keymaps/rc-digittrade.ko
  STRIP   /local/mnt/workspace/AURA_V1/evidence/compile_closure_wcd937x_continuation_20260520_033221/artifacts/modules_dir/lib/modules/6.18.0-00006-g53d68d37d754/kernel/drivers/media/rc/keymaps/rc-dib0700-nec.ko
  STRIP   /local/mnt/workspace/AURA_V1/evidence/compile_closure_wcd937x_continuation_20260520_033221/artifacts/modules_dir/lib/modules/6.18.0-00006-g53d68d37d754/kernel/drivers/media/rc/keymaps/rc-dib0700-rc5.ko
  STRIP   /local/mnt/workspace/AURA_V1/evidence/compile_closure_wcd937x_continuation_20260520_033221/artifacts/modules_dir/lib/modules/6.18.0-00006-g53d68d37d754/kernel/drivers/media/rc/keymaps/rc-digitalnow-tinytwin.ko
  STRIP   /local/mnt/workspace/AURA_V1/evidence/compile_closure_wcd937x_continuation_20260520_033221/artifacts/modules_dir/lib/modules/6.18.0-00006-g53d68d37d754/kernel/drivers/media/rc/keymaps/rc-digittrade.ko
  INSTALL /local/mnt/workspace/AURA_V1/evidence/compile_closure_wcd937x_continuation_20260520_033221/artifacts/modules_dir/lib/modules/6.18.0-00006-g53d68d37d754/kernel/drivers/media/rc/keymaps/rc-dm1105-nec.ko
  INSTALL /local/mnt/workspace/AURA_V1/evidence/compile_closure_wcd937x_continuation_20260520_033221/artifacts/modules_dir/lib/modules/6.18.0-00006-g53d68d37d754/kernel/drivers/media/rc/keymaps/rc-dntv-live-dvb-t.ko
  INSTALL /local/mnt/workspace/AURA_V1/evidence/compile_closure_wcd937x_continuation_20260520_033221/artifacts/modules_dir/lib/modules/6.18.0-00006-g53d68d37d754/kernel/drivers/media/rc/keymaps/rc-dntv-live-dvbt-pro.ko
  INSTALL /local/mnt/workspace/AURA_V1/evidence/compile_closure_wcd937x_continuation_20260520_033221/artifacts/modules_dir/lib/modules/6.18.0-00006-g53d68d37d754/kernel/drivers/media/rc/keymaps/rc-dreambox.ko
  INSTALL /local/mnt/workspace/AURA_V1/evidence/compile_closure_wcd937x_continuation_20260520_033221/artifacts/modules_dir/lib/modules/6.18.0-00006-g53d68d37d754/kernel/drivers/media/rc/keymaps/rc-dtt200u.ko
  STRIP   /local/mnt/workspace/AURA_V1/evidence/compile_closure_wcd937x_continuation_20260520_033221/artifacts/modules_dir/lib/modules/6.18.0-00006-g53d68d37d754/kernel/drivers/media/rc/keymaps/rc-dm1105-nec.ko
  STRIP   /local/mnt/workspace/AURA_V1/evidence/compile_closure_wcd937x_continuation_20260520_033221/artifacts/modules_dir/lib/modules/6.18.0-00006-g53d68d37d754/kernel/drivers/media/rc/keymaps/rc-dntv-live-dvb-t.ko
  STRIP   /local/mnt/workspace/AURA_V1/evidence/compile_closure_wcd937x_continuation_20260520_033221/artifacts/modules_dir/lib/modules/6.18.0-00006-g53d68d37d754/kernel/drivers/media/rc/keymaps/rc-dntv-live-dvbt-pro.ko
  STRIP   /local/mnt/workspace/AURA_V1/evidence/compile_closure_wcd937x_continuation_20260520_033221/artifacts/modules_dir/lib/modules/6.18.0-00006-g53d68d37d754/kernel/drivers/media/rc/keymaps/rc-dreambox.ko
  STRIP   /local/mnt/workspace/AURA_V1/evidence/compile_closure_wcd937x_continuation_20260520_033221/artifacts/modules_dir/lib/modules/6.18.0-00006-g53d68d37d754/kernel/drivers/media/rc/keymaps/rc-dtt200u.ko
  INSTALL /local/mnt/workspace/AURA_V1/evidence/compile_closure_wcd937x_continuation_20260520_033221/artifacts/modules_dir/lib/modules/6.18.0-00006-g53d68d37d754/kernel/drivers/media/rc/keymaps/rc-dvbsky.ko
  INSTALL /local/mnt/workspace/AURA_V1/evidence/compile_closure_wcd937x_continuation_20260520_033221/artifacts/modules_dir/lib/modules/6.18.0-00006-g53d68d37d754/kernel/drivers/media/rc/keymaps/rc-dvico-mce.ko
  INSTALL /local/mnt/workspace/AURA_V1/evidence/compile_closure_wcd937x_continuation_20260520_033221/artifacts/modules_dir/lib/modules/6.18.0-00006-g53d68d37d754/kernel/drivers/media/rc/keymaps/rc-dvico-portable.ko
  STRIP   /local/mnt/workspace/AURA_V1/evidence/compile_closure_wcd937x_continuation_20260520_033221/artifacts/modules_dir/lib/modules/6.18.0-00006-g53d68d37d754/kernel/drivers/media/rc/keymaps/rc-dvbsky.ko
  STRIP   /local/mnt/workspace/AURA_V1/evidence/compile_closure_wcd937x_continuation_20260520_033221/artifacts/modules_dir/lib/modules/6.18.0-00006-g53d68d37d754/kernel/drivers/media/rc/keymaps/rc-dvico-mce.ko
  STRIP   /local/mnt/workspace/AURA_V1/evidence/compile_closure_wcd937x_continuation_20260520_033221/artifacts/modules_dir/lib/modules/6.18.0-00006-g53d68d37d754/kernel/drivers/media/rc/keymaps/rc-dvico-portable.ko
  INSTALL /local/mnt/workspace/AURA_V1/evidence/compile_closure_wcd937x_continuation_20260520_033221/artifacts/modules_dir/lib/modules/6.18.0-00006-g53d68d37d754/kernel/drivers/media/rc/keymaps/rc-em-terratec.ko
  INSTALL /local/mnt/workspace/AURA_V1/evidence/compile_closure_wcd937x_continuation_20260520_033221/artifacts/modules_dir/lib/modules/6.18.0-00006-g53d68d37d754/kernel/drivers/media/rc/keymaps/rc-encore-enltv2.ko
  INSTALL /local/mnt/workspace/AURA_V1/evidence/compile_closure_wcd937x_continuation_20260520_033221/artifacts/modules_dir/lib/modules/6.18.0-00006-g53d68d37d754/kernel/drivers/media/rc/keymaps/rc-encore-enltv-fm53.ko
  INSTALL /local/mnt/workspace/AURA_V1/evidence/compile_closure_wcd937x_continuation_20260520_033221/artifacts/modules_dir/lib/modules/6.18.0-00006-g53d68d37d754/kernel/drivers/media/rc/keymaps/rc-encore-enltv.ko
  INSTALL /local/mnt/workspace/AURA_V1/evidence/compile_closure_wcd937x_continuation_20260520_033221/artifacts/modules_dir/lib/modules/6.18.0-00006-g53d68d37d754/kernel/drivers/media/rc/keymaps/rc-evga-indtube.ko
  STRIP   /local/mnt/workspace/AURA_V1/evidence/compile_closure_wcd937x_continuation_20260520_033221/artifacts/modules_dir/lib/modules/6.18.0-00006-g53d68d37d754/kernel/drivers/media/rc/keymaps/rc-em-terratec.ko
  STRIP   /local/mnt/workspace/AURA_V1/evidence/compile_closure_wcd937x_continuation_20260520_033221/artifacts/modules_dir/lib/modules/6.18.0-00006-g53d68d37d754/kernel/drivers/media/rc/keymaps/rc-encore-enltv-fm53.ko
  STRIP   /local/mnt/workspace/AURA_V1/evidence/compile_closure_wcd937x_continuation_20260520_033221/artifacts/modules_dir/lib/modules/6.18.0-00006-g53d68d37d754/kernel/drivers/media/rc/keymaps/rc-encore-enltv2.ko
  STRIP   /local/mnt/workspace/AURA_V1/evidence/compile_closure_wcd937x_continuation_20260520_033221/artifacts/modules_dir/lib/modules/6.18.0-00006-g53d68d37d754/kernel/drivers/media/rc/keymaps/rc-encore-enltv.ko
  STRIP   /local/mnt/workspace/AURA_V1/evidence/compile_closure_wcd937x_continuation_20260520_033221/artifacts/modules_dir/lib/modules/6.18.0-00006-g53d68d37d754/kernel/drivers/media/rc/keymaps/rc-evga-indtube.ko
  INSTALL /local/mnt/workspace/AURA_V1/evidence/compile_closure_wcd937x_continuation_20260520_033221/artifacts/modules_dir/lib/modules/6.18.0-00006-g53d68d37d754/kernel/drivers/media/rc/keymaps/rc-eztv.ko
  INSTALL /local/mnt/workspace/AURA_V1/evidence/compile_closure_wcd937x_continuation_20260520_033221/artifacts/modules_dir/lib/modules/6.18.0-00006-g53d68d37d754/kernel/drivers/media/rc/keymaps/rc-flydvb.ko
  INSTALL /local/mnt/workspace/AURA_V1/evidence/compile_closure_wcd937x_continuation_20260520_033221/artifacts/modules_dir/lib/modules/6.18.0-00006-g53d68d37d754/kernel/drivers/media/rc/keymaps/rc-flyvideo.ko
  STRIP   /local/mnt/workspace/AURA_V1/evidence/compile_closure_wcd937x_continuation_20260520_033221/artifacts/modules_dir/lib/modules/6.18.0-00006-g53d68d37d754/kernel/drivers/media/rc/keymaps/rc-eztv.ko
  STRIP   /local/mnt/workspace/AURA_V1/evidence/compile_closure_wcd937x_continuation_20260520_033221/artifacts/modules_dir/lib/modules/6.18.0-00006-g53d68d37d754/kernel/drivers/media/rc/keymaps/rc-flydvb.ko
  STRIP   /local/mnt/workspace/AURA_V1/evidence/compile_closure_wcd937x_continuation_20260520_033221/artifacts/modules_dir/lib/modules/6.18.0-00006-g53d68d37d754/kernel/drivers/media/rc/keymaps/rc-flyvideo.ko
  INSTALL /local/mnt/workspace/AURA_V1/evidence/compile_closure_wcd937x_continuation_20260520_033221/artifacts/modules_dir/lib/modules/6.18.0-00006-g53d68d37d754/kernel/drivers/media/rc/keymaps/rc-fusionhdtv-mce.ko
  INSTALL /local/mnt/workspace/AURA_V1/evidence/compile_closure_wcd937x_continuation_20260520_033221/artifacts/modules_dir/lib/modules/6.18.0-00006-g53d68d37d754/kernel/drivers/media/rc/keymaps/rc-gadmei-rm008z.ko
  INSTALL /local/mnt/workspace/AURA_V1/evidence/compile_closure_wcd937x_continuation_20260520_033221/artifacts/modules_dir/lib/modules/6.18.0-00006-g53d68d37d754/kernel/drivers/media/rc/keymaps/rc-geekbox.ko
  INSTALL /local/mnt/workspace/AURA_V1/evidence/compile_closure_wcd937x_continuation_20260520_033221/artifacts/modules_dir/lib/modules/6.18.0-00006-g53d68d37d754/kernel/drivers/media/rc/keymaps/rc-genius-tvgo-a11mce.ko
  STRIP   /local/mnt/workspace/AURA_V1/evidence/compile_closure_wcd937x_continuation_20260520_033221/artifacts/modules_dir/lib/modules/6.18.0-00006-g53d68d37d754/kernel/drivers/media/rc/keymaps/rc-fusionhdtv-mce.ko
  STRIP   /local/mnt/workspace/AURA_V1/evidence/compile_closure_wcd937x_continuation_20260520_033221/artifacts/modules_dir/lib/modules/6.18.0-00006-g53d68d37d754/kernel/drivers/media/rc/keymaps/rc-gadmei-rm008z.ko
  INSTALL /local/mnt/workspace/AURA_V1/evidence/compile_closure_wcd937x_continuation_20260520_033221/artifacts/modules_dir/lib/modules/6.18.0-00006-g53d68d37d754/kernel/drivers/media/rc/keymaps/rc-gotview7135.ko
  STRIP   /local/mnt/workspace/AURA_V1/evidence/compile_closure_wcd937x_continuation_20260520_033221/artifacts/modules_dir/lib/modules/6.18.0-00006-g53d68d37d754/kernel/drivers/media/rc/keymaps/rc-geekbox.ko
  STRIP   /local/mnt/workspace/AURA_V1/evidence/compile_closure_wcd937x_continuation_20260520_033221/artifacts/modules_dir/lib/modules/6.18.0-00006-g53d68d37d754/kernel/drivers/media/rc/keymaps/rc-genius-tvgo-a11mce.ko
  INSTALL /local/mnt/workspace/AURA_V1/evidence/compile_closure_wcd937x_continuation_20260520_033221/artifacts/modules_dir/lib/modules/6.18.0-00006-g53d68d37d754/kernel/drivers/media/rc/keymaps/rc-hauppauge.ko
  INSTALL /local/mnt/workspace/AURA_V1/evidence/compile_closure_wcd937x_continuation_20260520_033221/artifacts/modules_dir/lib/modules/6.18.0-00006-g53d68d37d754/kernel/drivers/media/rc/keymaps/rc-hisi-poplar.ko
  INSTALL /local/mnt/workspace/AURA_V1/evidence/compile_closure_wcd937x_continuation_20260520_033221/artifacts/modules_dir/lib/modules/6.18.0-00006-g53d68d37d754/kernel/drivers/media/rc/keymaps/rc-hisi-tv-demo.ko
  STRIP   /local/mnt/workspace/AURA_V1/evidence/compile_closure_wcd937x_continuation_20260520_033221/artifacts/modules_dir/lib/modules/6.18.0-00006-g53d68d37d754/kernel/drivers/media/rc/keymaps/rc-gotview7135.ko
  STRIP   /local/mnt/workspace/AURA_V1/evidence/compile_closure_wcd937x_continuation_20260520_033221/artifacts/modules_dir/lib/modules/6.18.0-00006-g53d68d37d754/kernel/drivers/media/rc/keymaps/rc-hauppauge.ko
  STRIP   /local/mnt/workspace/AURA_V1/evidence/compile_closure_wcd937x_continuation_20260520_033221/artifacts/modules_dir/lib/modules/6.18.0-00006-g53d68d37d754/kernel/drivers/media/rc/keymaps/rc-hisi-poplar.ko
  STRIP   /local/mnt/workspace/AURA_V1/evidence/compile_closure_wcd937x_continuation_20260520_033221/artifacts/modules_dir/lib/modules/6.18.0-00006-g53d68d37d754/kernel/drivers/media/rc/keymaps/rc-hisi-tv-demo.ko
  INSTALL /local/mnt/workspace/AURA_V1/evidence/compile_closure_wcd937x_continuation_20260520_033221/artifacts/modules_dir/lib/modules/6.18.0-00006-g53d68d37d754/kernel/drivers/media/rc/keymaps/rc-imon-mce.ko
  INSTALL /local/mnt/workspace/AURA_V1/evidence/compile_closure_wcd937x_continuation_20260520_033221/artifacts/modules_dir/lib/modules/6.18.0-00006-g53d68d37d754/kernel/drivers/media/rc/keymaps/rc-imon-pad.ko
  INSTALL /local/mnt/workspace/AURA_V1/evidence/compile_closure_wcd937x_continuation_20260520_033221/artifacts/modules_dir/lib/modules/6.18.0-00006-g53d68d37d754/kernel/drivers/media/rc/keymaps/rc-imon-rsc.ko
  INSTALL /local/mnt/workspace/AURA_V1/evidence/compile_closure_wcd937x_continuation_20260520_033221/artifacts/modules_dir/lib/modules/6.18.0-00006-g53d68d37d754/kernel/drivers/media/rc/keymaps/rc-iodata-bctv7e.ko
  STRIP   /local/mnt/workspace/AURA_V1/evidence/compile_closure_wcd937x_continuation_20260520_033221/artifacts/modules_dir/lib/modules/6.18.0-00006-g53d68d37d754/kernel/drivers/media/rc/keymaps/rc-imon-mce.ko
  STRIP   /local/mnt/workspace/AURA_V1/evidence/compile_closure_wcd937x_continuation_20260520_033221/artifacts/modules_dir/lib/modules/6.18.0-00006-g53d68d37d754/kernel/drivers/media/rc/keymaps/rc-imon-pad.ko
  INSTALL /local/mnt/workspace/AURA_V1/evidence/compile_closure_wcd937x_continuation_20260520_033221/artifacts/modules_dir/lib/modules/6.18.0-00006-g53d68d37d754/kernel/drivers/media/rc/keymaps/rc-it913x-v1.ko
  STRIP   /local/mnt/workspace/AURA_V1/evidence/compile_closure_wcd937x_continuation_20260520_033221/artifacts/modules_dir/lib/modules/6.18.0-00006-g53d68d37d754/kernel/drivers/media/rc/keymaps/rc-imon-rsc.ko
  STRIP   /local/mnt/workspace/AURA_V1/evidence/compile_closure_wcd937x_continuation_20260520_033221/artifacts/modules_dir/lib/modules/6.18.0-00006-g53d68d37d754/kernel/drivers/media/rc/keymaps/rc-iodata-bctv7e.ko
  INSTALL /local/mnt/workspace/AURA_V1/evidence/compile_closure_wcd937x_continuation_20260520_033221/artifacts/modules_dir/lib/modules/6.18.0-00006-g53d68d37d754/kernel/drivers/media/rc/keymaps/rc-it913x-v2.ko
  INSTALL /local/mnt/workspace/AURA_V1/evidence/compile_closure_wcd937x_continuation_20260520_033221/artifacts/modules_dir/lib/modules/6.18.0-00006-g53d68d37d754/kernel/drivers/media/rc/keymaps/rc-kaiomy.ko
  INSTALL /local/mnt/workspace/AURA_V1/evidence/compile_closure_wcd937x_continuation_20260520_033221/artifacts/modules_dir/lib/modules/6.18.0-00006-g53d68d37d754/kernel/drivers/media/rc/keymaps/rc-khadas.ko
  STRIP   /local/mnt/workspace/AURA_V1/evidence/compile_closure_wcd937x_continuation_20260520_033221/artifacts/modules_dir/lib/modules/6.18.0-00006-g53d68d37d754/kernel/drivers/media/rc/keymaps/rc-it913x-v1.ko
  STRIP   /local/mnt/workspace/AURA_V1/evidence/compile_closure_wcd937x_continuation_20260520_033221/artifacts/modules_dir/lib/modules/6.18.0-00006-g53d68d37d754/kernel/drivers/media/rc/keymaps/rc-it913x-v2.ko
  STRIP   /local/mnt/workspace/AURA_V1/evidence/compile_closure_wcd937x_continuation_20260520_033221/artifacts/modules_dir/lib/modules/6.18.0-00006-g53d68d37d754/kernel/drivers/media/rc/keymaps/rc-kaiomy.ko
  STRIP   /local/mnt/workspace/AURA_V1/evidence/compile_closure_wcd937x_continuation_20260520_033221/artifacts/modules_dir/lib/modules/6.18.0-00006-g53d68d37d754/kernel/drivers/media/rc/keymaps/rc-khadas.ko
  INSTALL /local/mnt/workspace/AURA_V1/evidence/compile_closure_wcd937x_continuation_20260520_033221/artifacts/modules_dir/lib/modules/6.18.0-00006-g53d68d37d754/kernel/drivers/media/rc/keymaps/rc-khamsin.ko
  INSTALL /local/mnt/workspace/AURA_V1/evidence/compile_closure_wcd937x_continuation_20260520_033221/artifacts/modules_dir/lib/modules/6.18.0-00006-g53d68d37d754/kernel/drivers/media/rc/keymaps/rc-kworld-315u.ko
  INSTALL /local/mnt/workspace/AURA_V1/evidence/compile_closure_wcd937x_continuation_20260520_033221/artifacts/modules_dir/lib/modules/6.18.0-00006-g53d68d37d754/kernel/drivers/media/rc/keymaps/rc-kworld-pc150u.ko
  INSTALL /local/mnt/workspace/AURA_V1/evidence/compile_closure_wcd937x_continuation_20260520_033221/artifacts/modules_dir/lib/modules/6.18.0-00006-g53d68d37d754/kernel/drivers/media/rc/keymaps/rc-kworld-plus-tv-analog.ko
  INSTALL /local/mnt/workspace/AURA_V1/evidence/compile_closure_wcd937x_continuation_20260520_033221/artifacts/modules_dir/lib/modules/6.18.0-00006-g53d68d37d754/kernel/drivers/media/rc/keymaps/rc-leadtek-y04g0051.ko
  STRIP   /local/mnt/workspace/AURA_V1/evidence/compile_closure_wcd937x_continuation_20260520_033221/artifacts/modules_dir/lib/modules/6.18.0-00006-g53d68d37d754/kernel/drivers/media/rc/keymaps/rc-khamsin.ko
  STRIP   /local/mnt/workspace/AURA_V1/evidence/compile_closure_wcd937x_continuation_20260520_033221/artifacts/modules_dir/lib/modules/6.18.0-00006-g53d68d37d754/kernel/drivers/media/rc/keymaps/rc-kworld-315u.ko
  STRIP   /local/mnt/workspace/AURA_V1/evidence/compile_closure_wcd937x_continuation_20260520_033221/artifacts/modules_dir/lib/modules/6.18.0-00006-g53d68d37d754/kernel/drivers/media/rc/keymaps/rc-kworld-pc150u.ko
  STRIP   /local/mnt/workspace/AURA_V1/evidence/compile_closure_wcd937x_continuation_20260520_033221/artifacts/modules_dir/lib/modules/6.18.0-00006-g53d68d37d754/kernel/drivers/media/rc/keymaps/rc-kworld-plus-tv-analog.ko
  INSTALL /local/mnt/workspace/AURA_V1/evidence/compile_closure_wcd937x_continuation_20260520_033221/artifacts/modules_dir/lib/modules/6.18.0-00006-g53d68d37d754/kernel/drivers/media/rc/keymaps/rc-lme2510.ko
  INSTALL /local/mnt/workspace/AURA_V1/evidence/compile_closure_wcd937x_continuation_20260520_033221/artifacts/modules_dir/lib/modules/6.18.0-00006-g53d68d37d754/kernel/drivers/media/rc/keymaps/rc-manli.ko
  INSTALL /local/mnt/workspace/AURA_V1/evidence/compile_closure_wcd937x_continuation_20260520_033221/artifacts/modules_dir/lib/modules/6.18.0-00006-g53d68d37d754/kernel/drivers/media/rc/keymaps/rc-mecool-kiii-pro.ko
  STRIP   /local/mnt/workspace/AURA_V1/evidence/compile_closure_wcd937x_continuation_20260520_033221/artifacts/modules_dir/lib/modules/6.18.0-00006-g53d68d37d754/kernel/drivers/media/rc/keymaps/rc-leadtek-y04g0051.ko
  STRIP   /local/mnt/workspace/AURA_V1/evidence/compile_closure_wcd937x_continuation_20260520_033221/artifacts/modules_dir/lib/modules/6.18.0-00006-g53d68d37d754/kernel/drivers/media/rc/keymaps/rc-lme2510.ko
  STRIP   /local/mnt/workspace/AURA_V1/evidence/compile_closure_wcd937x_continuation_20260520_033221/artifacts/modules_dir/lib/modules/6.18.0-00006-g53d68d37d754/kernel/drivers/media/rc/keymaps/rc-manli.ko
  STRIP   /local/mnt/workspace/AURA_V1/evidence/compile_closure_wcd937x_continuation_20260520_033221/artifacts/modules_dir/lib/modules/6.18.0-00006-g53d68d37d754/kernel/drivers/media/rc/keymaps/rc-mecool-kiii-pro.ko
  INSTALL /local/mnt/workspace/AURA_V1/evidence/compile_closure_wcd937x_continuation_20260520_033221/artifacts/modules_dir/lib/modules/6.18.0-00006-g53d68d37d754/kernel/drivers/media/rc/keymaps/rc-mecool-kii-pro.ko
  INSTALL /local/mnt/workspace/AURA_V1/evidence/compile_closure_wcd937x_continuation_20260520_033221/artifacts/modules_dir/lib/modules/6.18.0-00006-g53d68d37d754/kernel/drivers/media/rc/keymaps/rc-medion-x10-digitainer.ko
  INSTALL /local/mnt/workspace/AURA_V1/evidence/compile_closure_wcd937x_continuation_20260520_033221/artifacts/modules_dir/lib/modules/6.18.0-00006-g53d68d37d754/kernel/drivers/media/rc/keymaps/rc-medion-x10.ko
  INSTALL /local/mnt/workspace/AURA_V1/evidence/compile_closure_wcd937x_continuation_20260520_033221/artifacts/modules_dir/lib/modules/6.18.0-00006-g53d68d37d754/kernel/drivers/media/rc/keymaps/rc-medion-x10-or2x.ko
  STRIP   /local/mnt/workspace/AURA_V1/evidence/compile_closure_wcd937x_continuation_20260520_033221/artifacts/modules_dir/lib/modules/6.18.0-00006-g53d68d37d754/kernel/drivers/media/rc/keymaps/rc-mecool-kii-pro.ko
  STRIP   /local/mnt/workspace/AURA_V1/evidence/compile_closure_wcd937x_continuation_20260520_033221/artifacts/modules_dir/lib/modules/6.18.0-00006-g53d68d37d754/kernel/drivers/media/rc/keymaps/rc-medion-x10-digitainer.ko
  INSTALL /local/mnt/workspace/AURA_V1/evidence/compile_closure_wcd937x_continuation_20260520_033221/artifacts/modules_dir/lib/modules/6.18.0-00006-g53d68d37d754/kernel/drivers/media/rc/keymaps/rc-minix-neo.ko
  STRIP   /local/mnt/workspace/AURA_V1/evidence/compile_closure_wcd937x_continuation_20260520_033221/artifacts/modules_dir/lib/modules/6.18.0-00006-g53d68d37d754/kernel/drivers/media/rc/keymaps/rc-medion-x10.ko
  STRIP   /local/mnt/workspace/AURA_V1/evidence/compile_closure_wcd937x_continuation_20260520_033221/artifacts/modules_dir/lib/modules/6.18.0-00006-g53d68d37d754/kernel/drivers/media/rc/keymaps/rc-medion-x10-or2x.ko
  INSTALL /local/mnt/workspace/AURA_V1/evidence/compile_closure_wcd937x_continuation_20260520_033221/artifacts/modules_dir/lib/modules/6.18.0-00006-g53d68d37d754/kernel/drivers/media/rc/keymaps/rc-msi-digivox-iii.ko
  INSTALL /local/mnt/workspace/AURA_V1/evidence/compile_closure_wcd937x_continuation_20260520_033221/artifacts/modules_dir/lib/modules/6.18.0-00006-g53d68d37d754/kernel/drivers/media/rc/keymaps/rc-msi-digivox-ii.ko
  STRIP   /local/mnt/workspace/AURA_V1/evidence/compile_closure_wcd937x_continuation_20260520_033221/artifacts/modules_dir/lib/modules/6.18.0-00006-g53d68d37d754/kernel/drivers/media/rc/keymaps/rc-minix-neo.ko
  INSTALL /local/mnt/workspace/AURA_V1/evidence/compile_closure_wcd937x_continuation_20260520_033221/artifacts/modules_dir/lib/modules/6.18.0-00006-g53d68d37d754/kernel/drivers/media/rc/keymaps/rc-msi-tvanywhere.ko
  STRIP   /local/mnt/workspace/AURA_V1/evidence/compile_closure_wcd937x_continuation_20260520_033221/artifacts/modules_dir/lib/modules/6.18.0-00006-g53d68d37d754/kernel/drivers/media/rc/keymaps/rc-msi-digivox-iii.ko
  STRIP   /local/mnt/workspace/AURA_V1/evidence/compile_closure_wcd937x_continuation_20260520_033221/artifacts/modules_dir/lib/modules/6.18.0-00006-g53d68d37d754/kernel/drivers/media/rc/keymaps/rc-msi-digivox-ii.ko
  INSTALL /local/mnt/workspace/AURA_V1/evidence/compile_closure_wcd937x_continuation_20260520_033221/artifacts/modules_dir/lib/modules/6.18.0-00006-g53d68d37d754/kernel/drivers/media/rc/keymaps/rc-msi-tvanywhere-plus.ko
  INSTALL /local/mnt/workspace/AURA_V1/evidence/compile_closure_wcd937x_continuation_20260520_033221/artifacts/modules_dir/lib/modules/6.18.0-00006-g53d68d37d754/kernel/drivers/media/rc/keymaps/rc-mygica-utv3.ko
  STRIP   /local/mnt/workspace/AURA_V1/evidence/compile_closure_wcd937x_continuation_20260520_033221/artifacts/modules_dir/lib/modules/6.18.0-00006-g53d68d37d754/kernel/drivers/media/rc/keymaps/rc-msi-tvanywhere.ko
  INSTALL /local/mnt/workspace/AURA_V1/evidence/compile_closure_wcd937x_continuation_20260520_033221/artifacts/modules_dir/lib/modules/6.18.0-00006-g53d68d37d754/kernel/drivers/media/rc/keymaps/rc-nebula.ko
  INSTALL /local/mnt/workspace/AURA_V1/evidence/compile_closure_wcd937x_continuation_20260520_033221/artifacts/modules_dir/lib/modules/6.18.0-00006-g53d68d37d754/kernel/drivers/media/rc/keymaps/rc-nec-terratec-cinergy-xs.ko
  STRIP   /local/mnt/workspace/AURA_V1/evidence/compile_closure_wcd937x_continuation_20260520_033221/artifacts/modules_dir/lib/modules/6.18.0-00006-g53d68d37d754/kernel/drivers/media/rc/keymaps/rc-mygica-utv3.ko
  STRIP   /local/mnt/workspace/AURA_V1/evidence/compile_closure_wcd937x_continuation_20260520_033221/artifacts/modules_dir/lib/modules/6.18.0-00006-g53d68d37d754/kernel/drivers/media/rc/keymaps/rc-msi-tvanywhere-plus.ko
  INSTALL /local/mnt/workspace/AURA_V1/evidence/compile_closure_wcd937x_continuation_20260520_033221/artifacts/modules_dir/lib/modules/6.18.0-00006-g53d68d37d754/kernel/drivers/media/rc/keymaps/rc-norwood.ko
  STRIP   /local/mnt/workspace/AURA_V1/evidence/compile_closure_wcd937x_continuation_20260520_033221/artifacts/modules_dir/lib/modules/6.18.0-00006-g53d68d37d754/kernel/drivers/media/rc/keymaps/rc-nebula.ko
  INSTALL /local/mnt/workspace/AURA_V1/evidence/compile_closure_wcd937x_continuation_20260520_033221/artifacts/modules_dir/lib/modules/6.18.0-00006-g53d68d37d754/kernel/drivers/media/rc/keymaps/rc-npgtech.ko
  STRIP   /local/mnt/workspace/AURA_V1/evidence/compile_closure_wcd937x_continuation_20260520_033221/artifacts/modules_dir/lib/modules/6.18.0-00006-g53d68d37d754/kernel/drivers/media/rc/keymaps/rc-nec-terratec-cinergy-xs.ko
  INSTALL /local/mnt/workspace/AURA_V1/evidence/compile_closure_wcd937x_continuation_20260520_033221/artifacts/modules_dir/lib/modules/6.18.0-00006-g53d68d37d754/kernel/drivers/media/rc/keymaps/rc-odroid.ko
  STRIP   /local/mnt/workspace/AURA_V1/evidence/compile_closure_wcd937x_continuation_20260520_033221/artifacts/modules_dir/lib/modules/6.18.0-00006-g53d68d37d754/kernel/drivers/media/rc/keymaps/rc-norwood.ko
  STRIP   /local/mnt/workspace/AURA_V1/evidence/compile_closure_wcd937x_continuation_20260520_033221/artifacts/modules_dir/lib/modules/6.18.0-00006-g53d68d37d754/kernel/drivers/media/rc/keymaps/rc-npgtech.ko
  INSTALL /local/mnt/workspace/AURA_V1/evidence/compile_closure_wcd937x_continuation_20260520_033221/artifacts/modules_dir/lib/modules/6.18.0-00006-g53d68d37d754/kernel/drivers/media/rc/keymaps/rc-pctv-sedna.ko
  STRIP   /local/mnt/workspace/AURA_V1/evidence/compile_closure_wcd937x_continuation_20260520_033221/artifacts/modules_dir/lib/modules/6.18.0-00006-g53d68d37d754/kernel/drivers/media/rc/keymaps/rc-odroid.ko
  INSTALL /local/mnt/workspace/AURA_V1/evidence/compile_closure_wcd937x_continuation_20260520_033221/artifacts/modules_dir/lib/modules/6.18.0-00006-g53d68d37d754/kernel/drivers/media/rc/keymaps/rc-pine64.ko
  INSTALL /local/mnt/workspace/AURA_V1/evidence/compile_closure_wcd937x_continuation_20260520_033221/artifacts/modules_dir/lib/modules/6.18.0-00006-g53d68d37d754/kernel/drivers/media/rc/keymaps/rc-pinnacle-color.ko
  INSTALL /local/mnt/workspace/AURA_V1/evidence/compile_closure_wcd937x_continuation_20260520_033221/artifacts/modules_dir/lib/modules/6.18.0-00006-g53d68d37d754/kernel/drivers/media/rc/keymaps/rc-pinnacle-grey.ko
  STRIP   /local/mnt/workspace/AURA_V1/evidence/compile_closure_wcd937x_continuation_20260520_033221/artifacts/modules_dir/lib/modules/6.18.0-00006-g53d68d37d754/kernel/drivers/media/rc/keymaps/rc-pctv-sedna.ko
  INSTALL /local/mnt/workspace/AURA_V1/evidence/compile_closure_wcd937x_continuation_20260520_033221/artifacts/modules_dir/lib/modules/6.18.0-00006-g53d68d37d754/kernel/drivers/media/rc/keymaps/rc-pinnacle-pctv-hd.ko
  STRIP   /local/mnt/workspace/AURA_V1/evidence/compile_closure_wcd937x_continuation_20260520_033221/artifacts/modules_dir/lib/modules/6.18.0-00006-g53d68d37d754/kernel/drivers/media/rc/keymaps/rc-pinnacle-color.ko
  STRIP   /local/mnt/workspace/AURA_V1/evidence/compile_closure_wcd937x_continuation_20260520_033221/artifacts/modules_dir/lib/modules/6.18.0-00006-g53d68d37d754/kernel/drivers/media/rc/keymaps/rc-pine64.ko
  STRIP   /local/mnt/workspace/AURA_V1/evidence/compile_closure_wcd937x_continuation_20260520_033221/artifacts/modules_dir/lib/modules/6.18.0-00006-g53d68d37d754/kernel/drivers/media/rc/keymaps/rc-pinnacle-grey.ko
  INSTALL /local/mnt/workspace/AURA_V1/evidence/compile_closure_wcd937x_continuation_20260520_033221/artifacts/modules_dir/lib/modules/6.18.0-00006-g53d68d37d754/kernel/drivers/media/rc/keymaps/rc-pixelview-002t.ko
  STRIP   /local/mnt/workspace/AURA_V1/evidence/compile_closure_wcd937x_continuation_20260520_033221/artifacts/modules_dir/lib/modules/6.18.0-00006-g53d68d37d754/kernel/drivers/media/rc/keymaps/rc-pinnacle-pctv-hd.ko
  INSTALL /local/mnt/workspace/AURA_V1/evidence/compile_closure_wcd937x_continuation_20260520_033221/artifacts/modules_dir/lib/modules/6.18.0-00006-g53d68d37d754/kernel/drivers/media/rc/keymaps/rc-pixelview-mk12.ko
  INSTALL /local/mnt/workspace/AURA_V1/evidence/compile_closure_wcd937x_continuation_20260520_033221/artifacts/modules_dir/lib/modules/6.18.0-00006-g53d68d37d754/kernel/drivers/media/rc/keymaps/rc-pixelview-new.ko
  STRIP   /local/mnt/workspace/AURA_V1/evidence/compile_closure_wcd937x_continuation_20260520_033221/artifacts/modules_dir/lib/modules/6.18.0-00006-g53d68d37d754/kernel/drivers/media/rc/keymaps/rc-pixelview-002t.ko
  STRIP   /local/mnt/workspace/AURA_V1/evidence/compile_closure_wcd937x_continuation_20260520_033221/artifacts/modules_dir/lib/modules/6.18.0-00006-g53d68d37d754/kernel/drivers/media/rc/keymaps/rc-pixelview-mk12.ko
  INSTALL /local/mnt/workspace/AURA_V1/evidence/compile_closure_wcd937x_continuation_20260520_033221/artifacts/modules_dir/lib/modules/6.18.0-00006-g53d68d37d754/kernel/drivers/media/rc/keymaps/rc-pixelview.ko
  INSTALL /local/mnt/workspace/AURA_V1/evidence/compile_closure_wcd937x_continuation_20260520_033221/artifacts/modules_dir/lib/modules/6.18.0-00006-g53d68d37d754/kernel/drivers/media/rc/keymaps/rc-powercolor-real-angel.ko
  STRIP   /local/mnt/workspace/AURA_V1/evidence/compile_closure_wcd937x_continuation_20260520_033221/artifacts/modules_dir/lib/modules/6.18.0-00006-g53d68d37d754/kernel/drivers/media/rc/keymaps/rc-pixelview-new.ko
  INSTALL /local/mnt/workspace/AURA_V1/evidence/compile_closure_wcd937x_continuation_20260520_033221/artifacts/modules_dir/lib/modules/6.18.0-00006-g53d68d37d754/kernel/drivers/media/rc/keymaps/rc-proteus-2309.ko
  INSTALL /local/mnt/workspace/AURA_V1/evidence/compile_closure_wcd937x_continuation_20260520_033221/artifacts/modules_dir/lib/modules/6.18.0-00006-g53d68d37d754/kernel/drivers/media/rc/keymaps/rc-purpletv.ko
  STRIP   /local/mnt/workspace/AURA_V1/evidence/compile_closure_wcd937x_continuation_20260520_033221/artifacts/modules_dir/lib/modules/6.18.0-00006-g53d68d37d754/kernel/drivers/media/rc/keymaps/rc-pixelview.ko
  STRIP   /local/mnt/workspace/AURA_V1/evidence/compile_closure_wcd937x_continuation_20260520_033221/artifacts/modules_dir/lib/modules/6.18.0-00006-g53d68d37d754/kernel/drivers/media/rc/keymaps/rc-powercolor-real-angel.ko
  INSTALL /local/mnt/workspace/AURA_V1/evidence/compile_closure_wcd937x_continuation_20260520_033221/artifacts/modules_dir/lib/modules/6.18.0-00006-g53d68d37d754/kernel/drivers/media/rc/keymaps/rc-pv951.ko
  STRIP   /local/mnt/workspace/AURA_V1/evidence/compile_closure_wcd937x_continuation_20260520_033221/artifacts/modules_dir/lib/modules/6.18.0-00006-g53d68d37d754/kernel/drivers/media/rc/keymaps/rc-proteus-2309.ko
  STRIP   /local/mnt/workspace/AURA_V1/evidence/compile_closure_wcd937x_continuation_20260520_033221/artifacts/modules_dir/lib/modules/6.18.0-00006-g53d68d37d754/kernel/drivers/media/rc/keymaps/rc-purpletv.ko
  INSTALL /local/mnt/workspace/AURA_V1/evidence/compile_closure_wcd937x_continuation_20260520_033221/artifacts/modules_dir/lib/modules/6.18.0-00006-g53d68d37d754/kernel/drivers/media/rc/keymaps/rc-rc6-mce.ko
  INSTALL /local/mnt/workspace/AURA_V1/evidence/compile_closure_wcd937x_continuation_20260520_033221/artifacts/modules_dir/lib/modules/6.18.0-00006-g53d68d37d754/kernel/drivers/media/rc/keymaps/rc-real-audio-220-32-keys.ko
  STRIP   /local/mnt/workspace/AURA_V1/evidence/compile_closure_wcd937x_continuation_20260520_033221/artifacts/modules_dir/lib/modules/6.18.0-00006-g53d68d37d754/kernel/drivers/media/rc/keymaps/rc-pv951.ko
  INSTALL /local/mnt/workspace/AURA_V1/evidence/compile_closure_wcd937x_continuation_20260520_033221/artifacts/modules_dir/lib/modules/6.18.0-00006-g53d68d37d754/kernel/drivers/media/rc/keymaps/rc-reddo.ko
  STRIP   /local/mnt/workspace/AURA_V1/evidence/compile_closure_wcd937x_continuation_20260520_033221/artifacts/modules_dir/lib/modules/6.18.0-00006-g53d68d37d754/kernel/drivers/media/rc/keymaps/rc-rc6-mce.ko
  INSTALL /local/mnt/workspace/AURA_V1/evidence/compile_closure_wcd937x_continuation_20260520_033221/artifacts/modules_dir/lib/modules/6.18.0-00006-g53d68d37d754/kernel/drivers/media/rc/keymaps/rc-siemens-gigaset-rc20.ko
  STRIP   /local/mnt/workspace/AURA_V1/evidence/compile_closure_wcd937x_continuation_20260520_033221/artifacts/modules_dir/lib/modules/6.18.0-00006-g53d68d37d754/kernel/drivers/media/rc/keymaps/rc-real-audio-220-32-keys.ko
  INSTALL /local/mnt/workspace/AURA_V1/evidence/compile_closure_wcd937x_continuation_20260520_033221/artifacts/modules_dir/lib/modules/6.18.0-00006-g53d68d37d754/kernel/drivers/media/rc/keymaps/rc-snapstream-firefly.ko
  INSTALL /local/mnt/workspace/AURA_V1/evidence/compile_closure_wcd937x_continuation_20260520_033221/artifacts/modules_dir/lib/modules/6.18.0-00006-g53d68d37d754/kernel/drivers/media/rc/keymaps/rc-streamzap.ko
  INSTALL /local/mnt/workspace/AURA_V1/evidence/compile_closure_wcd937x_continuation_20260520_033221/artifacts/modules_dir/lib/modules/6.18.0-00006-g53d68d37d754/kernel/drivers/media/rc/keymaps/rc-su3000.ko
  STRIP   /local/mnt/workspace/AURA_V1/evidence/compile_closure_wcd937x_continuation_20260520_033221/artifacts/modules_dir/lib/modules/6.18.0-00006-g53d68d37d754/kernel/drivers/media/rc/keymaps/rc-reddo.ko
  STRIP   /local/mnt/workspace/AURA_V1/evidence/compile_closure_wcd937x_continuation_20260520_033221/artifacts/modules_dir/lib/modules/6.18.0-00006-g53d68d37d754/kernel/drivers/media/rc/keymaps/rc-siemens-gigaset-rc20.ko
  STRIP   /local/mnt/workspace/AURA_V1/evidence/compile_closure_wcd937x_continuation_20260520_033221/artifacts/modules_dir/lib/modules/6.18.0-00006-g53d68d37d754/kernel/drivers/media/rc/keymaps/rc-snapstream-firefly.ko
  INSTALL /local/mnt/workspace/AURA_V1/evidence/compile_closure_wcd937x_continuation_20260520_033221/artifacts/modules_dir/lib/modules/6.18.0-00006-g53d68d37d754/kernel/drivers/media/rc/keymaps/rc-tanix-tx3mini.ko
  INSTALL /local/mnt/workspace/AURA_V1/evidence/compile_closure_wcd937x_continuation_20260520_033221/artifacts/modules_dir/lib/modules/6.18.0-00006-g53d68d37d754/kernel/drivers/media/rc/keymaps/rc-tanix-tx5max.ko
  STRIP   /local/mnt/workspace/AURA_V1/evidence/compile_closure_wcd937x_continuation_20260520_033221/artifacts/modules_dir/lib/modules/6.18.0-00006-g53d68d37d754/kernel/drivers/media/rc/keymaps/rc-su3000.ko
  STRIP   /local/mnt/workspace/AURA_V1/evidence/compile_closure_wcd937x_continuation_20260520_033221/artifacts/modules_dir/lib/modules/6.18.0-00006-g53d68d37d754/kernel/drivers/media/rc/keymaps/rc-streamzap.ko
  INSTALL /local/mnt/workspace/AURA_V1/evidence/compile_closure_wcd937x_continuation_20260520_033221/artifacts/modules_dir/lib/modules/6.18.0-00006-g53d68d37d754/kernel/drivers/media/rc/keymaps/rc-tbs-nec.ko
  STRIP   /local/mnt/workspace/AURA_V1/evidence/compile_closure_wcd937x_continuation_20260520_033221/artifacts/modules_dir/lib/modules/6.18.0-00006-g53d68d37d754/kernel/drivers/media/rc/keymaps/rc-tanix-tx3mini.ko
  STRIP   /local/mnt/workspace/AURA_V1/evidence/compile_closure_wcd937x_continuation_20260520_033221/artifacts/modules_dir/lib/modules/6.18.0-00006-g53d68d37d754/kernel/drivers/media/rc/keymaps/rc-tanix-tx5max.ko
  INSTALL /local/mnt/workspace/AURA_V1/evidence/compile_closure_wcd937x_continuation_20260520_033221/artifacts/modules_dir/lib/modules/6.18.0-00006-g53d68d37d754/kernel/drivers/media/rc/keymaps/rc-technisat-ts35.ko
  STRIP   /local/mnt/workspace/AURA_V1/evidence/compile_closure_wcd937x_continuation_20260520_033221/artifacts/modules_dir/lib/modules/6.18.0-00006-g53d68d37d754/kernel/drivers/media/rc/keymaps/rc-tbs-nec.ko
  INSTALL /local/mnt/workspace/AURA_V1/evidence/compile_closure_wcd937x_continuation_20260520_033221/artifacts/modules_dir/lib/modules/6.18.0-00006-g53d68d37d754/kernel/drivers/media/rc/keymaps/rc-technisat-usb2.ko
  INSTALL /local/mnt/workspace/AURA_V1/evidence/compile_closure_wcd937x_continuation_20260520_033221/artifacts/modules_dir/lib/modules/6.18.0-00006-g53d68d37d754/kernel/drivers/media/rc/keymaps/rc-terratec-cinergy-c-pci.ko
  STRIP   /local/mnt/workspace/AURA_V1/evidence/compile_closure_wcd937x_continuation_20260520_033221/artifacts/modules_dir/lib/modules/6.18.0-00006-g53d68d37d754/kernel/drivers/media/rc/keymaps/rc-technisat-ts35.ko
  INSTALL /local/mnt/workspace/AURA_V1/evidence/compile_closure_wcd937x_continuation_20260520_033221/artifacts/modules_dir/lib/modules/6.18.0-00006-g53d68d37d754/kernel/drivers/media/rc/keymaps/rc-terratec-cinergy-s2-hd.ko
  INSTALL /local/mnt/workspace/AURA_V1/evidence/compile_closure_wcd937x_continuation_20260520_033221/artifacts/modules_dir/lib/modules/6.18.0-00006-g53d68d37d754/kernel/drivers/media/rc/keymaps/rc-terratec-cinergy-xs.ko
  STRIP   /local/mnt/workspace/AURA_V1/evidence/compile_closure_wcd937x_continuation_20260520_033221/artifacts/modules_dir/lib/modules/6.18.0-00006-g53d68d37d754/kernel/drivers/media/rc/keymaps/rc-technisat-usb2.ko
  STRIP   /local/mnt/workspace/AURA_V1/evidence/compile_closure_wcd937x_continuation_20260520_033221/artifacts/modules_dir/lib/modules/6.18.0-00006-g53d68d37d754/kernel/drivers/media/rc/keymaps/rc-terratec-cinergy-c-pci.ko
  INSTALL /local/mnt/workspace/AURA_V1/evidence/compile_closure_wcd937x_continuation_20260520_033221/artifacts/modules_dir/lib/modules/6.18.0-00006-g53d68d37d754/kernel/drivers/media/rc/keymaps/rc-terratec-slim-2.ko
  STRIP   /local/mnt/workspace/AURA_V1/evidence/compile_closure_wcd937x_continuation_20260520_033221/artifacts/modules_dir/lib/modules/6.18.0-00006-g53d68d37d754/kernel/drivers/media/rc/keymaps/rc-terratec-cinergy-s2-hd.ko
  INSTALL /local/mnt/workspace/AURA_V1/evidence/compile_closure_wcd937x_continuation_20260520_033221/artifacts/modules_dir/lib/modules/6.18.0-00006-g53d68d37d754/kernel/drivers/media/rc/keymaps/rc-terratec-slim.ko
  STRIP   /local/mnt/workspace/AURA_V1/evidence/compile_closure_wcd937x_continuation_20260520_033221/artifacts/modules_dir/lib/modules/6.18.0-00006-g53d68d37d754/kernel/drivers/media/rc/keymaps/rc-terratec-cinergy-xs.ko
  INSTALL /local/mnt/workspace/AURA_V1/evidence/compile_closure_wcd937x_continuation_20260520_033221/artifacts/modules_dir/lib/modules/6.18.0-00006-g53d68d37d754/kernel/drivers/media/rc/keymaps/rc-tevii-nec.ko
  STRIP   /local/mnt/workspace/AURA_V1/evidence/compile_closure_wcd937x_continuation_20260520_033221/artifacts/modules_dir/lib/modules/6.18.0-00006-g53d68d37d754/kernel/drivers/media/rc/keymaps/rc-terratec-slim-2.ko
  STRIP   /local/mnt/workspace/AURA_V1/evidence/compile_closure_wcd937x_continuation_20260520_033221/artifacts/modules_dir/lib/modules/6.18.0-00006-g53d68d37d754/kernel/drivers/media/rc/keymaps/rc-terratec-slim.ko
  INSTALL /local/mnt/workspace/AURA_V1/evidence/compile_closure_wcd937x_continuation_20260520_033221/artifacts/modules_dir/lib/modules/6.18.0-00006-g53d68d37d754/kernel/drivers/media/rc/keymaps/rc-tivo.ko
  STRIP   /local/mnt/workspace/AURA_V1/evidence/compile_closure_wcd937x_continuation_20260520_033221/artifacts/modules_dir/lib/modules/6.18.0-00006-g53d68d37d754/kernel/drivers/media/rc/keymaps/rc-tevii-nec.ko
  INSTALL /local/mnt/workspace/AURA_V1/evidence/compile_closure_wcd937x_continuation_20260520_033221/artifacts/modules_dir/lib/modules/6.18.0-00006-g53d68d37d754/kernel/drivers/media/rc/keymaps/rc-total-media-in-hand-02.ko
  INSTALL /local/mnt/workspace/AURA_V1/evidence/compile_closure_wcd937x_continuation_20260520_033221/artifacts/modules_dir/lib/modules/6.18.0-00006-g53d68d37d754/kernel/drivers/media/rc/keymaps/rc-total-media-in-hand.ko
  STRIP   /local/mnt/workspace/AURA_V1/evidence/compile_closure_wcd937x_continuation_20260520_033221/artifacts/modules_dir/lib/modules/6.18.0-00006-g53d68d37d754/kernel/drivers/media/rc/keymaps/rc-tivo.ko
  INSTALL /local/mnt/workspace/AURA_V1/evidence/compile_closure_wcd937x_continuation_20260520_033221/artifacts/modules_dir/lib/modules/6.18.0-00006-g53d68d37d754/kernel/drivers/media/rc/keymaps/rc-trekstor.ko
  INSTALL /local/mnt/workspace/AURA_V1/evidence/compile_closure_wcd937x_continuation_20260520_033221/artifacts/modules_dir/lib/modules/6.18.0-00006-g53d68d37d754/kernel/drivers/media/rc/keymaps/rc-tt-1500.ko
  STRIP   /local/mnt/workspace/AURA_V1/evidence/compile_closure_wcd937x_continuation_20260520_033221/artifacts/modules_dir/lib/modules/6.18.0-00006-g53d68d37d754/kernel/drivers/media/rc/keymaps/rc-total-media-in-hand-02.ko
  STRIP   /local/mnt/workspace/AURA_V1/evidence/compile_closure_wcd937x_continuation_20260520_033221/artifacts/modules_dir/lib/modules/6.18.0-00006-g53d68d37d754/kernel/drivers/media/rc/keymaps/rc-total-media-in-hand.ko
  INSTALL /local/mnt/workspace/AURA_V1/evidence/compile_closure_wcd937x_continuation_20260520_033221/artifacts/modules_dir/lib/modules/6.18.0-00006-g53d68d37d754/kernel/drivers/media/rc/keymaps/rc-twinhan1027.ko
  STRIP   /local/mnt/workspace/AURA_V1/evidence/compile_closure_wcd937x_continuation_20260520_033221/artifacts/modules_dir/lib/modules/6.18.0-00006-g53d68d37d754/kernel/drivers/media/rc/keymaps/rc-trekstor.ko
  STRIP   /local/mnt/workspace/AURA_V1/evidence/compile_closure_wcd937x_continuation_20260520_033221/artifacts/modules_dir/lib/modules/6.18.0-00006-g53d68d37d754/kernel/drivers/media/rc/keymaps/rc-tt-1500.ko
  INSTALL /local/mnt/workspace/AURA_V1/evidence/compile_closure_wcd937x_continuation_20260520_033221/artifacts/modules_dir/lib/modules/6.18.0-00006-g53d68d37d754/kernel/drivers/media/rc/keymaps/rc-twinhan-dtv-cab-ci.ko
  INSTALL /local/mnt/workspace/AURA_V1/evidence/compile_closure_wcd937x_continuation_20260520_033221/artifacts/modules_dir/lib/modules/6.18.0-00006-g53d68d37d754/kernel/drivers/media/rc/keymaps/rc-vega-s9x.ko
  STRIP   /local/mnt/workspace/AURA_V1/evidence/compile_closure_wcd937x_continuation_20260520_033221/artifacts/modules_dir/lib/modules/6.18.0-00006-g53d68d37d754/kernel/drivers/media/rc/keymaps/rc-twinhan1027.ko
  INSTALL /local/mnt/workspace/AURA_V1/evidence/compile_closure_wcd937x_continuation_20260520_033221/artifacts/modules_dir/lib/modules/6.18.0-00006-g53d68d37d754/kernel/drivers/media/rc/keymaps/rc-videomate-m1f.ko
  STRIP   /local/mnt/workspace/AURA_V1/evidence/compile_closure_wcd937x_continuation_20260520_033221/artifacts/modules_dir/lib/modules/6.18.0-00006-g53d68d37d754/kernel/drivers/media/rc/keymaps/rc-twinhan-dtv-cab-ci.ko
  STRIP   /local/mnt/workspace/AURA_V1/evidence/compile_closure_wcd937x_continuation_20260520_033221/artifacts/modules_dir/lib/modules/6.18.0-00006-g53d68d37d754/kernel/drivers/media/rc/keymaps/rc-vega-s9x.ko
  INSTALL /local/mnt/workspace/AURA_V1/evidence/compile_closure_wcd937x_continuation_20260520_033221/artifacts/modules_dir/lib/modules/6.18.0-00006-g53d68d37d754/kernel/drivers/media/rc/keymaps/rc-videomate-s350.ko
  STRIP   /local/mnt/workspace/AURA_V1/evidence/compile_closure_wcd937x_continuation_20260520_033221/artifacts/modules_dir/lib/modules/6.18.0-00006-g53d68d37d754/kernel/drivers/media/rc/keymaps/rc-videomate-m1f.ko
  INSTALL /local/mnt/workspace/AURA_V1/evidence/compile_closure_wcd937x_continuation_20260520_033221/artifacts/modules_dir/lib/modules/6.18.0-00006-g53d68d37d754/kernel/drivers/media/rc/keymaps/rc-videomate-tv-pvr.ko
  INSTALL /local/mnt/workspace/AURA_V1/evidence/compile_closure_wcd937x_continuation_20260520_033221/artifacts/modules_dir/lib/modules/6.18.0-00006-g53d68d37d754/kernel/drivers/media/rc/keymaps/rc-videostrong-kii-pro.ko
  INSTALL /local/mnt/workspace/AURA_V1/evidence/compile_closure_wcd937x_continuation_20260520_033221/artifacts/modules_dir/lib/modules/6.18.0-00006-g53d68d37d754/kernel/drivers/media/rc/keymaps/rc-wetek-hub.ko
  STRIP   /local/mnt/workspace/AURA_V1/evidence/compile_closure_wcd937x_continuation_20260520_033221/artifacts/modules_dir/lib/modules/6.18.0-00006-g53d68d37d754/kernel/drivers/media/rc/keymaps/rc-videomate-s350.ko
  INSTALL /local/mnt/workspace/AURA_V1/evidence/compile_closure_wcd937x_continuation_20260520_033221/artifacts/modules_dir/lib/modules/6.18.0-00006-g53d68d37d754/kernel/drivers/media/rc/keymaps/rc-wetek-play2.ko
  STRIP   /local/mnt/workspace/AURA_V1/evidence/compile_closure_wcd937x_continuation_20260520_033221/artifacts/modules_dir/lib/modules/6.18.0-00006-g53d68d37d754/kernel/drivers/media/rc/keymaps/rc-videomate-tv-pvr.ko
  STRIP   /local/mnt/workspace/AURA_V1/evidence/compile_closure_wcd937x_continuation_20260520_033221/artifacts/modules_dir/lib/modules/6.18.0-00006-g53d68d37d754/kernel/drivers/media/rc/keymaps/rc-videostrong-kii-pro.ko
  STRIP   /local/mnt/workspace/AURA_V1/evidence/compile_closure_wcd937x_continuation_20260520_033221/artifacts/modules_dir/lib/modules/6.18.0-00006-g53d68d37d754/kernel/drivers/media/rc/keymaps/rc-wetek-hub.ko
  INSTALL /local/mnt/workspace/AURA_V1/evidence/compile_closure_wcd937x_continuation_20260520_033221/artifacts/modules_dir/lib/modules/6.18.0-00006-g53d68d37d754/kernel/drivers/media/rc/keymaps/rc-winfast.ko
  STRIP   /local/mnt/workspace/AURA_V1/evidence/compile_closure_wcd937x_continuation_20260520_033221/artifacts/modules_dir/lib/modules/6.18.0-00006-g53d68d37d754/kernel/drivers/media/rc/keymaps/rc-wetek-play2.ko
  INSTALL /local/mnt/workspace/AURA_V1/evidence/compile_closure_wcd937x_continuation_20260520_033221/artifacts/modules_dir/lib/modules/6.18.0-00006-g53d68d37d754/kernel/drivers/media/rc/keymaps/rc-winfast-usbii-deluxe.ko
  INSTALL /local/mnt/workspace/AURA_V1/evidence/compile_closure_wcd937x_continuation_20260520_033221/artifacts/modules_dir/lib/modules/6.18.0-00006-g53d68d37d754/kernel/drivers/media/rc/keymaps/rc-x96max.ko
  STRIP   /local/mnt/workspace/AURA_V1/evidence/compile_closure_wcd937x_continuation_20260520_033221/artifacts/modules_dir/lib/modules/6.18.0-00006-g53d68d37d754/kernel/drivers/media/rc/keymaps/rc-winfast.ko
  STRIP   /local/mnt/workspace/AURA_V1/evidence/compile_closure_wcd937x_continuation_20260520_033221/artifacts/modules_dir/lib/modules/6.18.0-00006-g53d68d37d754/kernel/drivers/media/rc/keymaps/rc-winfast-usbii-deluxe.ko
  INSTALL /local/mnt/workspace/AURA_V1/evidence/compile_closure_wcd937x_continuation_20260520_033221/artifacts/modules_dir/lib/modules/6.18.0-00006-g53d68d37d754/kernel/drivers/media/rc/keymaps/rc-xbox-360.ko
  STRIP   /local/mnt/workspace/AURA_V1/evidence/compile_closure_wcd937x_continuation_20260520_033221/artifacts/modules_dir/lib/modules/6.18.0-00006-g53d68d37d754/kernel/drivers/media/rc/keymaps/rc-x96max.ko
  INSTALL /local/mnt/workspace/AURA_V1/evidence/compile_closure_wcd937x_continuation_20260520_033221/artifacts/modules_dir/lib/modules/6.18.0-00006-g53d68d37d754/kernel/drivers/media/rc/keymaps/rc-xbox-dvd.ko
  INSTALL /local/mnt/workspace/AURA_V1/evidence/compile_closure_wcd937x_continuation_20260520_033221/artifacts/modules_dir/lib/modules/6.18.0-00006-g53d68d37d754/kernel/drivers/media/rc/keymaps/rc-zx-irdec.ko
  INSTALL /local/mnt/workspace/AURA_V1/evidence/compile_closure_wcd937x_continuation_20260520_033221/artifacts/modules_dir/lib/modules/6.18.0-00006-g53d68d37d754/kernel/drivers/media/rc/rc-core.ko
  INSTALL /local/mnt/workspace/AURA_V1/evidence/compile_closure_wcd937x_continuation_20260520_033221/artifacts/modules_dir/lib/modules/6.18.0-00006-g53d68d37d754/kernel/drivers/media/rc/gpio-ir-recv.ko
  STRIP   /local/mnt/workspace/AURA_V1/evidence/compile_closure_wcd937x_continuation_20260520_033221/artifacts/modules_dir/lib/modules/6.18.0-00006-g53d68d37d754/kernel/drivers/media/rc/keymaps/rc-xbox-360.ko
  STRIP   /local/mnt/workspace/AURA_V1/evidence/compile_closure_wcd937x_continuation_20260520_033221/artifacts/modules_dir/lib/modules/6.18.0-00006-g53d68d37d754/kernel/drivers/media/rc/keymaps/rc-xbox-dvd.ko
  STRIP   /local/mnt/workspace/AURA_V1/evidence/compile_closure_wcd937x_continuation_20260520_033221/artifacts/modules_dir/lib/modules/6.18.0-00006-g53d68d37d754/kernel/drivers/media/rc/keymaps/rc-zx-irdec.ko
  STRIP   /local/mnt/workspace/AURA_V1/evidence/compile_closure_wcd937x_continuation_20260520_033221/artifacts/modules_dir/lib/modules/6.18.0-00006-g53d68d37d754/kernel/drivers/media/rc/rc-core.ko
  STRIP   /local/mnt/workspace/AURA_V1/evidence/compile_closure_wcd937x_continuation_20260520_033221/artifacts/modules_dir/lib/modules/6.18.0-00006-g53d68d37d754/kernel/drivers/media/rc/gpio-ir-recv.ko
  INSTALL /local/mnt/workspace/AURA_V1/evidence/compile_closure_wcd937x_continuation_20260520_033221/artifacts/modules_dir/lib/modules/6.18.0-00006-g53d68d37d754/kernel/drivers/media/rc/meson-ir.ko
  INSTALL /local/mnt/workspace/AURA_V1/evidence/compile_closure_wcd937x_continuation_20260520_033221/artifacts/modules_dir/lib/modules/6.18.0-00006-g53d68d37d754/kernel/drivers/media/rc/sunxi-cir.ko
  INSTALL /local/mnt/workspace/AURA_V1/evidence/compile_closure_wcd937x_continuation_20260520_033221/artifacts/modules_dir/lib/modules/6.18.0-00006-g53d68d37d754/kernel/drivers/media/common/videobuf2/videobuf2-common.ko
  STRIP   /local/mnt/workspace/AURA_V1/evidence/compile_closure_wcd937x_continuation_20260520_033221/artifacts/modules_dir/lib/modules/6.18.0-00006-g53d68d37d754/kernel/drivers/media/rc/meson-ir.ko
  STRIP   /local/mnt/workspace/AURA_V1/evidence/compile_closure_wcd937x_continuation_20260520_033221/artifacts/modules_dir/lib/modules/6.18.0-00006-g53d68d37d754/kernel/drivers/media/rc/sunxi-cir.ko
  STRIP   /local/mnt/workspace/AURA_V1/evidence/compile_closure_wcd937x_continuation_20260520_033221/artifacts/modules_dir/lib/modules/6.18.0-00006-g53d68d37d754/kernel/drivers/media/common/videobuf2/videobuf2-common.ko
  INSTALL /local/mnt/workspace/AURA_V1/evidence/compile_closure_wcd937x_continuation_20260520_033221/artifacts/modules_dir/lib/modules/6.18.0-00006-g53d68d37d754/kernel/drivers/media/common/videobuf2/videobuf2-dma-contig.ko
  INSTALL /local/mnt/workspace/AURA_V1/evidence/compile_closure_wcd937x_continuation_20260520_033221/artifacts/modules_dir/lib/modules/6.18.0-00006-g53d68d37d754/kernel/drivers/media/common/videobuf2/videobuf2-dma-sg.ko
  INSTALL /local/mnt/workspace/AURA_V1/evidence/compile_closure_wcd937x_continuation_20260520_033221/artifacts/modules_dir/lib/modules/6.18.0-00006-g53d68d37d754/kernel/drivers/media/common/videobuf2/videobuf2-memops.ko
  INSTALL /local/mnt/workspace/AURA_V1/evidence/compile_closure_wcd937x_continuation_20260520_033221/artifacts/modules_dir/lib/modules/6.18.0-00006-g53d68d37d754/kernel/drivers/media/common/videobuf2/videobuf2-v4l2.ko
  STRIP   /local/mnt/workspace/AURA_V1/evidence/compile_closure_wcd937x_continuation_20260520_033221/artifacts/modules_dir/lib/modules/6.18.0-00006-g53d68d37d754/kernel/drivers/media/common/videobuf2/videobuf2-dma-contig.ko
  INSTALL /local/mnt/workspace/AURA_V1/evidence/compile_closure_wcd937x_continuation_20260520_033221/artifacts/modules_dir/lib/modules/6.18.0-00006-g53d68d37d754/kernel/drivers/media/common/videobuf2/videobuf2-vmalloc.ko
  STRIP   /local/mnt/workspace/AURA_V1/evidence/compile_closure_wcd937x_continuation_20260520_033221/artifacts/modules_dir/lib/modules/6.18.0-00006-g53d68d37d754/kernel/drivers/media/common/videobuf2/videobuf2-memops.ko
  STRIP   /local/mnt/workspace/AURA_V1/evidence/compile_closure_wcd937x_continuation_20260520_033221/artifacts/modules_dir/lib/modules/6.18.0-00006-g53d68d37d754/kernel/drivers/media/common/videobuf2/videobuf2-dma-sg.ko
  STRIP   /local/mnt/workspace/AURA_V1/evidence/compile_closure_wcd937x_continuation_20260520_033221/artifacts/modules_dir/lib/modules/6.18.0-00006-g53d68d37d754/kernel/drivers/media/common/videobuf2/videobuf2-v4l2.ko
  INSTALL /local/mnt/workspace/AURA_V1/evidence/compile_closure_wcd937x_continuation_20260520_033221/artifacts/modules_dir/lib/modules/6.18.0-00006-g53d68d37d754/kernel/drivers/media/platform/amphion/amphion-vpu.ko
  STRIP   /local/mnt/workspace/AURA_V1/evidence/compile_closure_wcd937x_continuation_20260520_033221/artifacts/modules_dir/lib/modules/6.18.0-00006-g53d68d37d754/kernel/drivers/media/common/videobuf2/videobuf2-vmalloc.ko
  INSTALL /local/mnt/workspace/AURA_V1/evidence/compile_closure_wcd937x_continuation_20260520_033221/artifacts/modules_dir/lib/modules/6.18.0-00006-g53d68d37d754/kernel/drivers/media/platform/cadence/cdns-csi2rx.ko
  INSTALL /local/mnt/workspace/AURA_V1/evidence/compile_closure_wcd937x_continuation_20260520_033221/artifacts/modules_dir/lib/modules/6.18.0-00006-g53d68d37d754/kernel/drivers/media/platform/chips-media/wave5/wave5.ko
  INSTALL /local/mnt/workspace/AURA_V1/evidence/compile_closure_wcd937x_continuation_20260520_033221/artifacts/modules_dir/lib/modules/6.18.0-00006-g53d68d37d754/kernel/drivers/media/platform/imagination/e5010_jpeg_enc.ko
  STRIP   /local/mnt/workspace/AURA_V1/evidence/compile_closure_wcd937x_continuation_20260520_033221/artifacts/modules_dir/lib/modules/6.18.0-00006-g53d68d37d754/kernel/drivers/media/platform/amphion/amphion-vpu.ko
  STRIP   /local/mnt/workspace/AURA_V1/evidence/compile_closure_wcd937x_continuation_20260520_033221/artifacts/modules_dir/lib/modules/6.18.0-00006-g53d68d37d754/kernel/drivers/media/platform/cadence/cdns-csi2rx.ko
  INSTALL /local/mnt/workspace/AURA_V1/evidence/compile_closure_wcd937x_continuation_20260520_033221/artifacts/modules_dir/lib/modules/6.18.0-00006-g53d68d37d754/kernel/drivers/media/platform/mediatek/jpeg/mtk_jpeg.ko
  INSTALL /local/mnt/workspace/AURA_V1/evidence/compile_closure_wcd937x_continuation_20260520_033221/artifacts/modules_dir/lib/modules/6.18.0-00006-g53d68d37d754/kernel/drivers/media/platform/mediatek/jpeg/mtk-jpeg-enc-hw.ko
  STRIP   /local/mnt/workspace/AURA_V1/evidence/compile_closure_wcd937x_continuation_20260520_033221/artifacts/modules_dir/lib/modules/6.18.0-00006-g53d68d37d754/kernel/drivers/media/platform/imagination/e5010_jpeg_enc.ko
  INSTALL /local/mnt/workspace/AURA_V1/evidence/compile_closure_wcd937x_continuation_20260520_033221/artifacts/modules_dir/lib/modules/6.18.0-00006-g53d68d37d754/kernel/drivers/media/platform/mediatek/jpeg/mtk-jpeg-dec-hw.ko
  STRIP   /local/mnt/workspace/AURA_V1/evidence/compile_closure_wcd937x_continuation_20260520_033221/artifacts/modules_dir/lib/modules/6.18.0-00006-g53d68d37d754/kernel/drivers/media/platform/chips-media/wave5/wave5.ko
  INSTALL /local/mnt/workspace/AURA_V1/evidence/compile_closure_wcd937x_continuation_20260520_033221/artifacts/modules_dir/lib/modules/6.18.0-00006-g53d68d37d754/kernel/drivers/media/common/uvc.ko
  STRIP   /local/mnt/workspace/AURA_V1/evidence/compile_closure_wcd937x_continuation_20260520_033221/artifacts/modules_dir/lib/modules/6.18.0-00006-g53d68d37d754/kernel/drivers/media/platform/mediatek/jpeg/mtk_jpeg.ko
  STRIP   /local/mnt/workspace/AURA_V1/evidence/compile_closure_wcd937x_continuation_20260520_033221/artifacts/modules_dir/lib/modules/6.18.0-00006-g53d68d37d754/kernel/drivers/media/platform/mediatek/jpeg/mtk-jpeg-enc-hw.ko
  INSTALL /local/mnt/workspace/AURA_V1/evidence/compile_closure_wcd937x_continuation_20260520_033221/artifacts/modules_dir/lib/modules/6.18.0-00006-g53d68d37d754/kernel/drivers/media/platform/mediatek/vcodec/common/mtk-vcodec-common.ko
  STRIP   /local/mnt/workspace/AURA_V1/evidence/compile_closure_wcd937x_continuation_20260520_033221/artifacts/modules_dir/lib/modules/6.18.0-00006-g53d68d37d754/kernel/drivers/media/platform/mediatek/jpeg/mtk-jpeg-dec-hw.ko
  INSTALL /local/mnt/workspace/AURA_V1/evidence/compile_closure_wcd937x_continuation_20260520_033221/artifacts/modules_dir/lib/modules/6.18.0-00006-g53d68d37d754/kernel/drivers/media/platform/mediatek/vcodec/common/mtk-vcodec-dbgfs.ko
  INSTALL /local/mnt/workspace/AURA_V1/evidence/compile_closure_wcd937x_continuation_20260520_033221/artifacts/modules_dir/lib/modules/6.18.0-00006-g53d68d37d754/kernel/drivers/media/platform/mediatek/vcodec/encoder/mtk-vcodec-enc.ko
  STRIP   /local/mnt/workspace/AURA_V1/evidence/compile_closure_wcd937x_continuation_20260520_033221/artifacts/modules_dir/lib/modules/6.18.0-00006-g53d68d37d754/kernel/drivers/media/common/uvc.ko
  STRIP   /local/mnt/workspace/AURA_V1/evidence/compile_closure_wcd937x_continuation_20260520_033221/artifacts/modules_dir/lib/modules/6.18.0-00006-g53d68d37d754/kernel/drivers/media/platform/mediatek/vcodec/common/mtk-vcodec-common.ko
  STRIP   /local/mnt/workspace/AURA_V1/evidence/compile_closure_wcd937x_continuation_20260520_033221/artifacts/modules_dir/lib/modules/6.18.0-00006-g53d68d37d754/kernel/drivers/media/platform/mediatek/vcodec/common/mtk-vcodec-dbgfs.ko
  INSTALL /local/mnt/workspace/AURA_V1/evidence/compile_closure_wcd937x_continuation_20260520_033221/artifacts/modules_dir/lib/modules/6.18.0-00006-g53d68d37d754/kernel/drivers/media/platform/mediatek/vcodec/decoder/mtk-vcodec-dec.ko
  STRIP   /local/mnt/workspace/AURA_V1/evidence/compile_closure_wcd937x_continuation_20260520_033221/artifacts/modules_dir/lib/modules/6.18.0-00006-g53d68d37d754/kernel/drivers/media/platform/mediatek/vcodec/encoder/mtk-vcodec-enc.ko
  INSTALL /local/mnt/workspace/AURA_V1/evidence/compile_closure_wcd937x_continuation_20260520_033221/artifacts/modules_dir/lib/modules/6.18.0-00006-g53d68d37d754/kernel/drivers/media/platform/mediatek/vcodec/decoder/mtk-vcodec-dec-hw.ko
  INSTALL /local/mnt/workspace/AURA_V1/evidence/compile_closure_wcd937x_continuation_20260520_033221/artifacts/modules_dir/lib/modules/6.18.0-00006-g53d68d37d754/kernel/drivers/media/platform/mediatek/mdp3/mtk-mdp3.ko
  INSTALL /local/mnt/workspace/AURA_V1/evidence/compile_closure_wcd937x_continuation_20260520_033221/artifacts/modules_dir/lib/modules/6.18.0-00006-g53d68d37d754/kernel/drivers/media/platform/nxp/imx-jpeg/mxc-jpeg-encdec.ko
  STRIP   /local/mnt/workspace/AURA_V1/evidence/compile_closure_wcd937x_continuation_20260520_033221/artifacts/modules_dir/lib/modules/6.18.0-00006-g53d68d37d754/kernel/drivers/media/platform/mediatek/vcodec/decoder/mtk-vcodec-dec-hw.ko
  INSTALL /local/mnt/workspace/AURA_V1/evidence/compile_closure_wcd937x_continuation_20260520_033221/artifacts/modules_dir/lib/modules/6.18.0-00006-g53d68d37d754/kernel/drivers/media/platform/nxp/imx8-isi/imx8-isi.ko
  STRIP   /local/mnt/workspace/AURA_V1/evidence/compile_closure_wcd937x_continuation_20260520_033221/artifacts/modules_dir/lib/modules/6.18.0-00006-g53d68d37d754/kernel/drivers/media/platform/mediatek/vcodec/decoder/mtk-vcodec-dec.ko
  STRIP   /local/mnt/workspace/AURA_V1/evidence/compile_closure_wcd937x_continuation_20260520_033221/artifacts/modules_dir/lib/modules/6.18.0-00006-g53d68d37d754/kernel/drivers/media/platform/mediatek/mdp3/mtk-mdp3.ko
  STRIP   /local/mnt/workspace/AURA_V1/evidence/compile_closure_wcd937x_continuation_20260520_033221/artifacts/modules_dir/lib/modules/6.18.0-00006-g53d68d37d754/kernel/drivers/media/platform/nxp/imx-jpeg/mxc-jpeg-encdec.ko
  INSTALL /local/mnt/workspace/AURA_V1/evidence/compile_closure_wcd937x_continuation_20260520_033221/artifacts/modules_dir/lib/modules/6.18.0-00006-g53d68d37d754/kernel/drivers/media/platform/nxp/imx7-media-csi.ko
  INSTALL /local/mnt/workspace/AURA_V1/evidence/compile_closure_wcd937x_continuation_20260520_033221/artifacts/modules_dir/lib/modules/6.18.0-00006-g53d68d37d754/kernel/drivers/media/platform/nxp/imx-mipi-csis.ko
  INSTALL /local/mnt/workspace/AURA_V1/evidence/compile_closure_wcd937x_continuation_20260520_033221/artifacts/modules_dir/lib/modules/6.18.0-00006-g53d68d37d754/kernel/drivers/media/platform/qcom/camss/qcom-camss.ko
  STRIP   /local/mnt/workspace/AURA_V1/evidence/compile_closure_wcd937x_continuation_20260520_033221/artifacts/modules_dir/lib/modules/6.18.0-00006-g53d68d37d754/kernel/drivers/media/platform/nxp/imx8-isi/imx8-isi.ko
  STRIP   /local/mnt/workspace/AURA_V1/evidence/compile_closure_wcd937x_continuation_20260520_033221/artifacts/modules_dir/lib/modules/6.18.0-00006-g53d68d37d754/kernel/drivers/media/platform/nxp/imx7-media-csi.ko
  STRIP   /local/mnt/workspace/AURA_V1/evidence/compile_closure_wcd937x_continuation_20260520_033221/artifacts/modules_dir/lib/modules/6.18.0-00006-g53d68d37d754/kernel/drivers/media/platform/nxp/imx-mipi-csis.ko
  INSTALL /local/mnt/workspace/AURA_V1/evidence/compile_closure_wcd937x_continuation_20260520_033221/artifacts/modules_dir/lib/modules/6.18.0-00006-g53d68d37d754/kernel/drivers/media/platform/qcom/iris/qcom-iris.ko
  INSTALL /local/mnt/workspace/AURA_V1/evidence/compile_closure_wcd937x_continuation_20260520_033221/artifacts/modules_dir/lib/modules/6.18.0-00006-g53d68d37d754/kernel/drivers/media/platform/qcom/venus/venus-core.ko
  INSTALL /local/mnt/workspace/AURA_V1/evidence/compile_closure_wcd937x_continuation_20260520_033221/artifacts/modules_dir/lib/modules/6.18.0-00006-g53d68d37d754/kernel/drivers/media/platform/qcom/venus/venus-dec.ko
  INSTALL /local/mnt/workspace/AURA_V1/evidence/compile_closure_wcd937x_continuation_20260520_033221/artifacts/modules_dir/lib/modules/6.18.0-00006-g53d68d37d754/kernel/drivers/media/platform/qcom/venus/venus-enc.ko
  STRIP   /local/mnt/workspace/AURA_V1/evidence/compile_closure_wcd937x_continuation_20260520_033221/artifacts/modules_dir/lib/modules/6.18.0-00006-g53d68d37d754/kernel/drivers/media/platform/qcom/camss/qcom-camss.ko
  INSTALL /local/mnt/workspace/AURA_V1/evidence/compile_closure_wcd937x_continuation_20260520_033221/artifacts/modules_dir/lib/modules/6.18.0-00006-g53d68d37d754/kernel/drivers/media/platform/renesas/rcar-isp/rcar-isp.ko
  STRIP   /local/mnt/workspace/AURA_V1/evidence/compile_closure_wcd937x_continuation_20260520_033221/artifacts/modules_dir/lib/modules/6.18.0-00006-g53d68d37d754/kernel/drivers/media/platform/qcom/iris/qcom-iris.ko
  STRIP   /local/mnt/workspace/AURA_V1/evidence/compile_closure_wcd937x_continuation_20260520_033221/artifacts/modules_dir/lib/modules/6.18.0-00006-g53d68d37d754/kernel/drivers/media/platform/qcom/venus/venus-dec.ko
  INSTALL /local/mnt/workspace/AURA_V1/evidence/compile_closure_wcd937x_continuation_20260520_033221/artifacts/modules_dir/lib/modules/6.18.0-00006-g53d68d37d754/kernel/drivers/media/platform/renesas/rcar-vin/rcar-vin.ko
  STRIP   /local/mnt/workspace/AURA_V1/evidence/compile_closure_wcd937x_continuation_20260520_033221/artifacts/modules_dir/lib/modules/6.18.0-00006-g53d68d37d754/kernel/drivers/media/platform/qcom/venus/venus-core.ko
  STRIP   /local/mnt/workspace/AURA_V1/evidence/compile_closure_wcd937x_continuation_20260520_033221/artifacts/modules_dir/lib/modules/6.18.0-00006-g53d68d37d754/kernel/drivers/media/platform/qcom/venus/venus-enc.ko
  INSTALL /local/mnt/workspace/AURA_V1/evidence/compile_closure_wcd937x_continuation_20260520_033221/artifacts/modules_dir/lib/modules/6.18.0-00006-g53d68d37d754/kernel/drivers/media/platform/renesas/rzg2l-cru/rzg2l-csi2.ko
  STRIP   /local/mnt/workspace/AURA_V1/evidence/compile_closure_wcd937x_continuation_20260520_033221/artifacts/modules_dir/lib/modules/6.18.0-00006-g53d68d37d754/kernel/drivers/media/platform/renesas/rcar-isp/rcar-isp.ko
  STRIP   /local/mnt/workspace/AURA_V1/evidence/compile_closure_wcd937x_continuation_20260520_033221/artifacts/modules_dir/lib/modules/6.18.0-00006-g53d68d37d754/kernel/drivers/media/platform/renesas/rcar-vin/rcar-vin.ko
  STRIP   /local/mnt/workspace/AURA_V1/evidence/compile_closure_wcd937x_continuation_20260520_033221/artifacts/modules_dir/lib/modules/6.18.0-00006-g53d68d37d754/kernel/drivers/media/platform/renesas/rzg2l-cru/rzg2l-csi2.ko
  INSTALL /local/mnt/workspace/AURA_V1/evidence/compile_closure_wcd937x_continuation_20260520_033221/artifacts/modules_dir/lib/modules/6.18.0-00006-g53d68d37d754/kernel/drivers/media/platform/renesas/rzg2l-cru/rzg2l-cru.ko
  INSTALL /local/mnt/workspace/AURA_V1/evidence/compile_closure_wcd937x_continuation_20260520_033221/artifacts/modules_dir/lib/modules/6.18.0-00006-g53d68d37d754/kernel/drivers/media/platform/renesas/vsp1/vsp1.ko
  INSTALL /local/mnt/workspace/AURA_V1/evidence/compile_closure_wcd937x_continuation_20260520_033221/artifacts/modules_dir/lib/modules/6.18.0-00006-g53d68d37d754/kernel/drivers/media/platform/renesas/rcar-csi2.ko
  INSTALL /local/mnt/workspace/AURA_V1/evidence/compile_closure_wcd937x_continuation_20260520_033221/artifacts/modules_dir/lib/modules/6.18.0-00006-g53d68d37d754/kernel/drivers/media/platform/renesas/rcar_drif.ko
  INSTALL /local/mnt/workspace/AURA_V1/evidence/compile_closure_wcd937x_continuation_20260520_033221/artifacts/modules_dir/lib/modules/6.18.0-00006-g53d68d37d754/kernel/drivers/media/platform/renesas/rcar-fcp.ko
  STRIP   /local/mnt/workspace/AURA_V1/evidence/compile_closure_wcd937x_continuation_20260520_033221/artifacts/modules_dir/lib/modules/6.18.0-00006-g53d68d37d754/kernel/drivers/media/platform/renesas/rzg2l-cru/rzg2l-cru.ko
  INSTALL /local/mnt/workspace/AURA_V1/evidence/compile_closure_wcd937x_continuation_20260520_033221/artifacts/modules_dir/lib/modules/6.18.0-00006-g53d68d37d754/kernel/drivers/media/platform/renesas/rcar_fdp1.ko
  STRIP   /local/mnt/workspace/AURA_V1/evidence/compile_closure_wcd937x_continuation_20260520_033221/artifacts/modules_dir/lib/modules/6.18.0-00006-g53d68d37d754/kernel/drivers/media/platform/renesas/rcar-csi2.ko
  STRIP   /local/mnt/workspace/AURA_V1/evidence/compile_closure_wcd937x_continuation_20260520_033221/artifacts/modules_dir/lib/modules/6.18.0-00006-g53d68d37d754/kernel/drivers/media/platform/renesas/rcar_drif.ko
  STRIP   /local/mnt/workspace/AURA_V1/evidence/compile_closure_wcd937x_continuation_20260520_033221/artifacts/modules_dir/lib/modules/6.18.0-00006-g53d68d37d754/kernel/drivers/media/platform/renesas/rcar-fcp.ko
  INSTALL /local/mnt/workspace/AURA_V1/evidence/compile_closure_wcd937x_continuation_20260520_033221/artifacts/modules_dir/lib/modules/6.18.0-00006-g53d68d37d754/kernel/drivers/media/platform/rockchip/rga/rockchip-rga.ko
  INSTALL /local/mnt/workspace/AURA_V1/evidence/compile_closure_wcd937x_continuation_20260520_033221/artifacts/modules_dir/lib/modules/6.18.0-00006-g53d68d37d754/kernel/drivers/media/platform/samsung/exynos-gsc/exynos-gsc.ko
  STRIP   /local/mnt/workspace/AURA_V1/evidence/compile_closure_wcd937x_continuation_20260520_033221/artifacts/modules_dir/lib/modules/6.18.0-00006-g53d68d37d754/kernel/drivers/media/platform/renesas/vsp1/vsp1.ko
  STRIP   /local/mnt/workspace/AURA_V1/evidence/compile_closure_wcd937x_continuation_20260520_033221/artifacts/modules_dir/lib/modules/6.18.0-00006-g53d68d37d754/kernel/drivers/media/platform/renesas/rcar_fdp1.ko
  INSTALL /local/mnt/workspace/AURA_V1/evidence/compile_closure_wcd937x_continuation_20260520_033221/artifacts/modules_dir/lib/modules/6.18.0-00006-g53d68d37d754/kernel/drivers/media/platform/samsung/s5p-jpeg/s5p-jpeg.ko
  STRIP   /local/mnt/workspace/AURA_V1/evidence/compile_closure_wcd937x_continuation_20260520_033221/artifacts/modules_dir/lib/modules/6.18.0-00006-g53d68d37d754/kernel/drivers/media/platform/rockchip/rga/rockchip-rga.ko
  STRIP   /local/mnt/workspace/AURA_V1/evidence/compile_closure_wcd937x_continuation_20260520_033221/artifacts/modules_dir/lib/modules/6.18.0-00006-g53d68d37d754/kernel/drivers/media/platform/samsung/exynos-gsc/exynos-gsc.ko
  INSTALL /local/mnt/workspace/AURA_V1/evidence/compile_closure_wcd937x_continuation_20260520_033221/artifacts/modules_dir/lib/modules/6.18.0-00006-g53d68d37d754/kernel/drivers/media/platform/samsung/s5p-mfc/s5p-mfc.ko
  STRIP   /local/mnt/workspace/AURA_V1/evidence/compile_closure_wcd937x_continuation_20260520_033221/artifacts/modules_dir/lib/modules/6.18.0-00006-g53d68d37d754/kernel/drivers/media/platform/samsung/s5p-jpeg/s5p-jpeg.ko
  INSTALL /local/mnt/workspace/AURA_V1/evidence/compile_closure_wcd937x_continuation_20260520_033221/artifacts/modules_dir/lib/modules/6.18.0-00006-g53d68d37d754/kernel/drivers/media/platform/sunxi/sun6i-csi/sun6i-csi.ko
  INSTALL /local/mnt/workspace/AURA_V1/evidence/compile_closure_wcd937x_continuation_20260520_033221/artifacts/modules_dir/lib/modules/6.18.0-00006-g53d68d37d754/kernel/drivers/media/platform/synopsys/hdmirx/synopsys-hdmirx.ko
  INSTALL /local/mnt/workspace/AURA_V1/evidence/compile_closure_wcd937x_continuation_20260520_033221/artifacts/modules_dir/lib/modules/6.18.0-00006-g53d68d37d754/kernel/drivers/media/platform/ti/j721e-csi2rx/j721e-csi2rx.ko
  INSTALL /local/mnt/workspace/AURA_V1/evidence/compile_closure_wcd937x_continuation_20260520_033221/artifacts/modules_dir/lib/modules/6.18.0-00006-g53d68d37d754/kernel/drivers/media/platform/verisilicon/hantro-vpu.ko
  INSTALL /local/mnt/workspace/AURA_V1/evidence/compile_closure_wcd937x_continuation_20260520_033221/artifacts/modules_dir/lib/modules/6.18.0-00006-g53d68d37d754/kernel/drivers/media/usb/uvc/uvcvideo.ko
  STRIP   /local/mnt/workspace/AURA_V1/evidence/compile_closure_wcd937x_continuation_20260520_033221/artifacts/modules_dir/lib/modules/6.18.0-00006-g53d68d37d754/kernel/drivers/media/platform/samsung/s5p-mfc/s5p-mfc.ko
  STRIP   /local/mnt/workspace/AURA_V1/evidence/compile_closure_wcd937x_continuation_20260520_033221/artifacts/modules_dir/lib/modules/6.18.0-00006-g53d68d37d754/kernel/drivers/media/platform/sunxi/sun6i-csi/sun6i-csi.ko
  STRIP   /local/mnt/workspace/AURA_V1/evidence/compile_closure_wcd937x_continuation_20260520_033221/artifacts/modules_dir/lib/modules/6.18.0-00006-g53d68d37d754/kernel/drivers/media/platform/synopsys/hdmirx/synopsys-hdmirx.ko
  STRIP   /local/mnt/workspace/AURA_V1/evidence/compile_closure_wcd937x_continuation_20260520_033221/artifacts/modules_dir/lib/modules/6.18.0-00006-g53d68d37d754/kernel/drivers/media/platform/ti/j721e-csi2rx/j721e-csi2rx.ko
  INSTALL /local/mnt/workspace/AURA_V1/evidence/compile_closure_wcd937x_continuation_20260520_033221/artifacts/modules_dir/lib/modules/6.18.0-00006-g53d68d37d754/kernel/drivers/media/mc/mc.ko
  INSTALL /local/mnt/workspace/AURA_V1/evidence/compile_closure_wcd937x_continuation_20260520_033221/artifacts/modules_dir/lib/modules/6.18.0-00006-g53d68d37d754/kernel/drivers/media/v4l2-core/v4l2-async.ko
  STRIP   /local/mnt/workspace/AURA_V1/evidence/compile_closure_wcd937x_continuation_20260520_033221/artifacts/modules_dir/lib/modules/6.18.0-00006-g53d68d37d754/kernel/drivers/media/usb/uvc/uvcvideo.ko
  STRIP   /local/mnt/workspace/AURA_V1/evidence/compile_closure_wcd937x_continuation_20260520_033221/artifacts/modules_dir/lib/modules/6.18.0-00006-g53d68d37d754/kernel/drivers/media/platform/verisilicon/hantro-vpu.ko
  STRIP   /local/mnt/workspace/AURA_V1/evidence/compile_closure_wcd937x_continuation_20260520_033221/artifacts/modules_dir/lib/modules/6.18.0-00006-g53d68d37d754/kernel/drivers/media/mc/mc.ko
  STRIP   /local/mnt/workspace/AURA_V1/evidence/compile_closure_wcd937x_continuation_20260520_033221/artifacts/modules_dir/lib/modules/6.18.0-00006-g53d68d37d754/kernel/drivers/media/v4l2-core/v4l2-async.ko
  INSTALL /local/mnt/workspace/AURA_V1/evidence/compile_closure_wcd937x_continuation_20260520_033221/artifacts/modules_dir/lib/modules/6.18.0-00006-g53d68d37d754/kernel/drivers/media/v4l2-core/v4l2-cci.ko
  INSTALL /local/mnt/workspace/AURA_V1/evidence/compile_closure_wcd937x_continuation_20260520_033221/artifacts/modules_dir/lib/modules/6.18.0-00006-g53d68d37d754/kernel/drivers/media/v4l2-core/v4l2-fwnode.ko
  INSTALL /local/mnt/workspace/AURA_V1/evidence/compile_closure_wcd937x_continuation_20260520_033221/artifacts/modules_dir/lib/modules/6.18.0-00006-g53d68d37d754/kernel/drivers/media/v4l2-core/v4l2-h264.ko
  INSTALL /local/mnt/workspace/AURA_V1/evidence/compile_closure_wcd937x_continuation_20260520_033221/artifacts/modules_dir/lib/modules/6.18.0-00006-g53d68d37d754/kernel/drivers/media/v4l2-core/v4l2-jpeg.ko
  INSTALL /local/mnt/workspace/AURA_V1/evidence/compile_closure_wcd937x_continuation_20260520_033221/artifacts/modules_dir/lib/modules/6.18.0-00006-g53d68d37d754/kernel/drivers/media/v4l2-core/v4l2-mem2mem.ko
  STRIP   /local/mnt/workspace/AURA_V1/evidence/compile_closure_wcd937x_continuation_20260520_033221/artifacts/modules_dir/lib/modules/6.18.0-00006-g53d68d37d754/kernel/drivers/media/v4l2-core/v4l2-cci.ko
  STRIP   /local/mnt/workspace/AURA_V1/evidence/compile_closure_wcd937x_continuation_20260520_033221/artifacts/modules_dir/lib/modules/6.18.0-00006-g53d68d37d754/kernel/drivers/media/v4l2-core/v4l2-fwnode.ko
  STRIP   /local/mnt/workspace/AURA_V1/evidence/compile_closure_wcd937x_continuation_20260520_033221/artifacts/modules_dir/lib/modules/6.18.0-00006-g53d68d37d754/kernel/drivers/media/v4l2-core/v4l2-h264.ko
  INSTALL /local/mnt/workspace/AURA_V1/evidence/compile_closure_wcd937x_continuation_20260520_033221/artifacts/modules_dir/lib/modules/6.18.0-00006-g53d68d37d754/kernel/drivers/media/v4l2-core/v4l2-vp9.ko
  STRIP   /local/mnt/workspace/AURA_V1/evidence/compile_closure_wcd937x_continuation_20260520_033221/artifacts/modules_dir/lib/modules/6.18.0-00006-g53d68d37d754/kernel/drivers/media/v4l2-core/v4l2-jpeg.ko
  STRIP   /local/mnt/workspace/AURA_V1/evidence/compile_closure_wcd937x_continuation_20260520_033221/artifacts/modules_dir/lib/modules/6.18.0-00006-g53d68d37d754/kernel/drivers/media/v4l2-core/v4l2-mem2mem.ko
  INSTALL /local/mnt/workspace/AURA_V1/evidence/compile_closure_wcd937x_continuation_20260520_033221/artifacts/modules_dir/lib/modules/6.18.0-00006-g53d68d37d754/kernel/drivers/media/v4l2-core/v4l2-dv-timings.ko
  INSTALL /local/mnt/workspace/AURA_V1/evidence/compile_closure_wcd937x_continuation_20260520_033221/artifacts/modules_dir/lib/modules/6.18.0-00006-g53d68d37d754/kernel/drivers/media/v4l2-core/videodev.ko
  INSTALL /local/mnt/workspace/AURA_V1/evidence/compile_closure_wcd937x_continuation_20260520_033221/artifacts/modules_dir/lib/modules/6.18.0-00006-g53d68d37d754/kernel/drivers/media/dvb-core/dvb-core.ko
  STRIP   /local/mnt/workspace/AURA_V1/evidence/compile_closure_wcd937x_continuation_20260520_033221/artifacts/modules_dir/lib/modules/6.18.0-00006-g53d68d37d754/kernel/drivers/media/v4l2-core/v4l2-vp9.ko
  STRIP   /local/mnt/workspace/AURA_V1/evidence/compile_closure_wcd937x_continuation_20260520_033221/artifacts/modules_dir/lib/modules/6.18.0-00006-g53d68d37d754/kernel/drivers/media/v4l2-core/v4l2-dv-timings.ko
  INSTALL /local/mnt/workspace/AURA_V1/evidence/compile_closure_wcd937x_continuation_20260520_033221/artifacts/modules_dir/lib/modules/6.18.0-00006-g53d68d37d754/kernel/drivers/media/cec/core/cec.ko
  INSTALL /local/mnt/workspace/AURA_V1/evidence/compile_closure_wcd937x_continuation_20260520_033221/artifacts/modules_dir/lib/modules/6.18.0-00006-g53d68d37d754/kernel/drivers/media/cec/i2c/tda9950.ko
  INSTALL /local/mnt/workspace/AURA_V1/evidence/compile_closure_wcd937x_continuation_20260520_033221/artifacts/modules_dir/lib/modules/6.18.0-00006-g53d68d37d754/kernel/drivers/media/cec/platform/meson/ao-cec-g12a.ko
  INSTALL /local/mnt/workspace/AURA_V1/evidence/compile_closure_wcd937x_continuation_20260520_033221/artifacts/modules_dir/lib/modules/6.18.0-00006-g53d68d37d754/kernel/drivers/power/reset/qcom-pon.ko
  STRIP   /local/mnt/workspace/AURA_V1/evidence/compile_closure_wcd937x_continuation_20260520_033221/artifacts/modules_dir/lib/modules/6.18.0-00006-g53d68d37d754/kernel/drivers/media/v4l2-core/videodev.ko
  STRIP   /local/mnt/workspace/AURA_V1/evidence/compile_closure_wcd937x_continuation_20260520_033221/artifacts/modules_dir/lib/modules/6.18.0-00006-g53d68d37d754/kernel/drivers/media/dvb-core/dvb-core.ko
  STRIP   /local/mnt/workspace/AURA_V1/evidence/compile_closure_wcd937x_continuation_20260520_033221/artifacts/modules_dir/lib/modules/6.18.0-00006-g53d68d37d754/kernel/drivers/media/cec/core/cec.ko
  STRIP   /local/mnt/workspace/AURA_V1/evidence/compile_closure_wcd937x_continuation_20260520_033221/artifacts/modules_dir/lib/modules/6.18.0-00006-g53d68d37d754/kernel/drivers/media/cec/i2c/tda9950.ko
  STRIP   /local/mnt/workspace/AURA_V1/evidence/compile_closure_wcd937x_continuation_20260520_033221/artifacts/modules_dir/lib/modules/6.18.0-00006-g53d68d37d754/kernel/drivers/media/cec/platform/meson/ao-cec-g12a.ko
  STRIP   /local/mnt/workspace/AURA_V1/evidence/compile_closure_wcd937x_continuation_20260520_033221/artifacts/modules_dir/lib/modules/6.18.0-00006-g53d68d37d754/kernel/drivers/power/reset/qcom-pon.ko
  INSTALL /local/mnt/workspace/AURA_V1/evidence/compile_closure_wcd937x_continuation_20260520_033221/artifacts/modules_dir/lib/modules/6.18.0-00006-g53d68d37d754/kernel/drivers/power/reset/tdx-ec-poweroff.ko
  INSTALL /local/mnt/workspace/AURA_V1/evidence/compile_closure_wcd937x_continuation_20260520_033221/artifacts/modules_dir/lib/modules/6.18.0-00006-g53d68d37d754/kernel/drivers/power/reset/nvmem-reboot-mode.ko
  STRIP   /local/mnt/workspace/AURA_V1/evidence/compile_closure_wcd937x_continuation_20260520_033221/artifacts/modules_dir/lib/modules/6.18.0-00006-g53d68d37d754/kernel/drivers/power/reset/tdx-ec-poweroff.ko
  STRIP   /local/mnt/workspace/AURA_V1/evidence/compile_closure_wcd937x_continuation_20260520_033221/artifacts/modules_dir/lib/modules/6.18.0-00006-g53d68d37d754/kernel/drivers/power/reset/nvmem-reboot-mode.ko
  INSTALL /local/mnt/workspace/AURA_V1/evidence/compile_closure_wcd937x_continuation_20260520_033221/artifacts/modules_dir/lib/modules/6.18.0-00006-g53d68d37d754/kernel/drivers/power/supply/qcom_battmgr.ko
  INSTALL /local/mnt/workspace/AURA_V1/evidence/compile_closure_wcd937x_continuation_20260520_033221/artifacts/modules_dir/lib/modules/6.18.0-00006-g53d68d37d754/kernel/drivers/power/supply/sbs-battery.ko
  INSTALL /local/mnt/workspace/AURA_V1/evidence/compile_closure_wcd937x_continuation_20260520_033221/artifacts/modules_dir/lib/modules/6.18.0-00006-g53d68d37d754/kernel/drivers/power/supply/max17042_battery.ko
  INSTALL /local/mnt/workspace/AURA_V1/evidence/compile_closure_wcd937x_continuation_20260520_033221/artifacts/modules_dir/lib/modules/6.18.0-00006-g53d68d37d754/kernel/drivers/power/supply/mt6360_charger.ko
  INSTALL /local/mnt/workspace/AURA_V1/evidence/compile_closure_wcd937x_continuation_20260520_033221/artifacts/modules_dir/lib/modules/6.18.0-00006-g53d68d37d754/kernel/drivers/power/supply/bq25890_charger.ko
  INSTALL /local/mnt/workspace/AURA_V1/evidence/compile_closure_wcd937x_continuation_20260520_033221/artifacts/modules_dir/lib/modules/6.18.0-00006-g53d68d37d754/kernel/drivers/power/supply/bq25980_charger.ko
  STRIP   /local/mnt/workspace/AURA_V1/evidence/compile_closure_wcd937x_continuation_20260520_033221/artifacts/modules_dir/lib/modules/6.18.0-00006-g53d68d37d754/kernel/drivers/power/supply/qcom_battmgr.ko
  STRIP   /local/mnt/workspace/AURA_V1/evidence/compile_closure_wcd937x_continuation_20260520_033221/artifacts/modules_dir/lib/modules/6.18.0-00006-g53d68d37d754/kernel/drivers/power/supply/sbs-battery.ko
  INSTALL /local/mnt/workspace/AURA_V1/evidence/compile_closure_wcd937x_continuation_20260520_033221/artifacts/modules_dir/lib/modules/6.18.0-00006-g53d68d37d754/kernel/drivers/power/supply/rk817_charger.ko
  STRIP   /local/mnt/workspace/AURA_V1/evidence/compile_closure_wcd937x_continuation_20260520_033221/artifacts/modules_dir/lib/modules/6.18.0-00006-g53d68d37d754/kernel/drivers/power/supply/max17042_battery.ko
  STRIP   /local/mnt/workspace/AURA_V1/evidence/compile_closure_wcd937x_continuation_20260520_033221/artifacts/modules_dir/lib/modules/6.18.0-00006-g53d68d37d754/kernel/drivers/power/supply/mt6360_charger.ko
  STRIP   /local/mnt/workspace/AURA_V1/evidence/compile_closure_wcd937x_continuation_20260520_033221/artifacts/modules_dir/lib/modules/6.18.0-00006-g53d68d37d754/kernel/drivers/power/supply/bq25890_charger.ko
  STRIP   /local/mnt/workspace/AURA_V1/evidence/compile_closure_wcd937x_continuation_20260520_033221/artifacts/modules_dir/lib/modules/6.18.0-00006-g53d68d37d754/kernel/drivers/power/supply/bq25980_charger.ko
  INSTALL /local/mnt/workspace/AURA_V1/evidence/compile_closure_wcd937x_continuation_20260520_033221/artifacts/modules_dir/lib/modules/6.18.0-00006-g53d68d37d754/kernel/drivers/power/sequencing/pwrseq-core.ko
  STRIP   /local/mnt/workspace/AURA_V1/evidence/compile_closure_wcd937x_continuation_20260520_033221/artifacts/modules_dir/lib/modules/6.18.0-00006-g53d68d37d754/kernel/drivers/power/supply/rk817_charger.ko
  INSTALL /local/mnt/workspace/AURA_V1/evidence/compile_closure_wcd937x_continuation_20260520_033221/artifacts/modules_dir/lib/modules/6.18.0-00006-g53d68d37d754/kernel/drivers/power/sequencing/pwrseq-qcom-wcn.ko
  STRIP   /local/mnt/workspace/AURA_V1/evidence/compile_closure_wcd937x_continuation_20260520_033221/artifacts/modules_dir/lib/modules/6.18.0-00006-g53d68d37d754/kernel/drivers/power/sequencing/pwrseq-core.ko
  INSTALL /local/mnt/workspace/AURA_V1/evidence/compile_closure_wcd937x_continuation_20260520_033221/artifacts/modules_dir/lib/modules/6.18.0-00006-g53d68d37d754/kernel/drivers/hwmon/gpio-fan.ko
  STRIP   /local/mnt/workspace/AURA_V1/evidence/compile_closure_wcd937x_continuation_20260520_033221/artifacts/modules_dir/lib/modules/6.18.0-00006-g53d68d37d754/kernel/drivers/power/sequencing/pwrseq-qcom-wcn.ko
  INSTALL /local/mnt/workspace/AURA_V1/evidence/compile_closure_wcd937x_continuation_20260520_033221/artifacts/modules_dir/lib/modules/6.18.0-00006-g53d68d37d754/kernel/drivers/hwmon/ina2xx.ko
  INSTALL /local/mnt/workspace/AURA_V1/evidence/compile_closure_wcd937x_continuation_20260520_033221/artifacts/modules_dir/lib/modules/6.18.0-00006-g53d68d37d754/kernel/drivers/hwmon/ina3221.ko
  INSTALL /local/mnt/workspace/AURA_V1/evidence/compile_closure_wcd937x_continuation_20260520_033221/artifacts/modules_dir/lib/modules/6.18.0-00006-g53d68d37d754/kernel/drivers/hwmon/jc42.ko
  INSTALL /local/mnt/workspace/AURA_V1/evidence/compile_closure_wcd937x_continuation_20260520_033221/artifacts/modules_dir/lib/modules/6.18.0-00006-g53d68d37d754/kernel/drivers/hwmon/lm75.ko
  INSTALL /local/mnt/workspace/AURA_V1/evidence/compile_closure_wcd937x_continuation_20260520_033221/artifacts/modules_dir/lib/modules/6.18.0-00006-g53d68d37d754/kernel/drivers/hwmon/lm90.ko
  STRIP   /local/mnt/workspace/AURA_V1/evidence/compile_closure_wcd937x_continuation_20260520_033221/artifacts/modules_dir/lib/modules/6.18.0-00006-g53d68d37d754/kernel/drivers/hwmon/gpio-fan.ko
  STRIP   /local/mnt/workspace/AURA_V1/evidence/compile_closure_wcd937x_continuation_20260520_033221/artifacts/modules_dir/lib/modules/6.18.0-00006-g53d68d37d754/kernel/drivers/hwmon/ina2xx.ko
  STRIP   /local/mnt/workspace/AURA_V1/evidence/compile_closure_wcd937x_continuation_20260520_033221/artifacts/modules_dir/lib/modules/6.18.0-00006-g53d68d37d754/kernel/drivers/hwmon/ina3221.ko
  STRIP   /local/mnt/workspace/AURA_V1/evidence/compile_closure_wcd937x_continuation_20260520_033221/artifacts/modules_dir/lib/modules/6.18.0-00006-g53d68d37d754/kernel/drivers/hwmon/jc42.ko
  STRIP   /local/mnt/workspace/AURA_V1/evidence/compile_closure_wcd937x_continuation_20260520_033221/artifacts/modules_dir/lib/modules/6.18.0-00006-g53d68d37d754/kernel/drivers/hwmon/lm75.ko
  INSTALL /local/mnt/workspace/AURA_V1/evidence/compile_closure_wcd937x_continuation_20260520_033221/artifacts/modules_dir/lib/modules/6.18.0-00006-g53d68d37d754/kernel/drivers/hwmon/pwm-fan.ko
  INSTALL /local/mnt/workspace/AURA_V1/evidence/compile_closure_wcd937x_continuation_20260520_033221/artifacts/modules_dir/lib/modules/6.18.0-00006-g53d68d37d754/kernel/drivers/hwmon/raspberrypi-hwmon.ko
  STRIP   /local/mnt/workspace/AURA_V1/evidence/compile_closure_wcd937x_continuation_20260520_033221/artifacts/modules_dir/lib/modules/6.18.0-00006-g53d68d37d754/kernel/drivers/hwmon/lm90.ko
  STRIP   /local/mnt/workspace/AURA_V1/evidence/compile_closure_wcd937x_continuation_20260520_033221/artifacts/modules_dir/lib/modules/6.18.0-00006-g53d68d37d754/kernel/drivers/hwmon/pwm-fan.ko
  STRIP   /local/mnt/workspace/AURA_V1/evidence/compile_closure_wcd937x_continuation_20260520_033221/artifacts/modules_dir/lib/modules/6.18.0-00006-g53d68d37d754/kernel/drivers/hwmon/raspberrypi-hwmon.ko
  INSTALL /local/mnt/workspace/AURA_V1/evidence/compile_closure_wcd937x_continuation_20260520_033221/artifacts/modules_dir/lib/modules/6.18.0-00006-g53d68d37d754/kernel/drivers/hwmon/sl28cpld-hwmon.ko
  INSTALL /local/mnt/workspace/AURA_V1/evidence/compile_closure_wcd937x_continuation_20260520_033221/artifacts/modules_dir/lib/modules/6.18.0-00006-g53d68d37d754/kernel/drivers/hwmon/tmp102.ko
  INSTALL /local/mnt/workspace/AURA_V1/evidence/compile_closure_wcd937x_continuation_20260520_033221/artifacts/modules_dir/lib/modules/6.18.0-00006-g53d68d37d754/kernel/drivers/thermal/broadcom/bcm2711_thermal.ko
  INSTALL /local/mnt/workspace/AURA_V1/evidence/compile_closure_wcd937x_continuation_20260520_033221/artifacts/modules_dir/lib/modules/6.18.0-00006-g53d68d37d754/kernel/drivers/thermal/broadcom/bcm2835_thermal.ko
  INSTALL /local/mnt/workspace/AURA_V1/evidence/compile_closure_wcd937x_continuation_20260520_033221/artifacts/modules_dir/lib/modules/6.18.0-00006-g53d68d37d754/kernel/drivers/thermal/broadcom/brcmstb_thermal.ko
  STRIP   /local/mnt/workspace/AURA_V1/evidence/compile_closure_wcd937x_continuation_20260520_033221/artifacts/modules_dir/lib/modules/6.18.0-00006-g53d68d37d754/kernel/drivers/hwmon/sl28cpld-hwmon.ko
  STRIP   /local/mnt/workspace/AURA_V1/evidence/compile_closure_wcd937x_continuation_20260520_033221/artifacts/modules_dir/lib/modules/6.18.0-00006-g53d68d37d754/kernel/drivers/hwmon/tmp102.ko
  INSTALL /local/mnt/workspace/AURA_V1/evidence/compile_closure_wcd937x_continuation_20260520_033221/artifacts/modules_dir/lib/modules/6.18.0-00006-g53d68d37d754/kernel/drivers/thermal/qcom/qcom-spmi-adc-tm5.ko
  INSTALL /local/mnt/workspace/AURA_V1/evidence/compile_closure_wcd937x_continuation_20260520_033221/artifacts/modules_dir/lib/modules/6.18.0-00006-g53d68d37d754/kernel/drivers/thermal/qcom/qcom-spmi-temp-alarm.ko
  STRIP   /local/mnt/workspace/AURA_V1/evidence/compile_closure_wcd937x_continuation_20260520_033221/artifacts/modules_dir/lib/modules/6.18.0-00006-g53d68d37d754/kernel/drivers/thermal/broadcom/bcm2711_thermal.ko
  STRIP   /local/mnt/workspace/AURA_V1/evidence/compile_closure_wcd937x_continuation_20260520_033221/artifacts/modules_dir/lib/modules/6.18.0-00006-g53d68d37d754/kernel/drivers/thermal/broadcom/bcm2835_thermal.ko
  STRIP   /local/mnt/workspace/AURA_V1/evidence/compile_closure_wcd937x_continuation_20260520_033221/artifacts/modules_dir/lib/modules/6.18.0-00006-g53d68d37d754/kernel/drivers/thermal/broadcom/brcmstb_thermal.ko
  STRIP   /local/mnt/workspace/AURA_V1/evidence/compile_closure_wcd937x_continuation_20260520_033221/artifacts/modules_dir/lib/modules/6.18.0-00006-g53d68d37d754/kernel/drivers/thermal/qcom/qcom-spmi-temp-alarm.ko
  INSTALL /local/mnt/workspace/AURA_V1/evidence/compile_closure_wcd937x_continuation_20260520_033221/artifacts/modules_dir/lib/modules/6.18.0-00006-g53d68d37d754/kernel/drivers/thermal/qcom/lmh.ko
  STRIP   /local/mnt/workspace/AURA_V1/evidence/compile_closure_wcd937x_continuation_20260520_033221/artifacts/modules_dir/lib/modules/6.18.0-00006-g53d68d37d754/kernel/drivers/thermal/qcom/qcom-spmi-adc-tm5.ko
  INSTALL /local/mnt/workspace/AURA_V1/evidence/compile_closure_wcd937x_continuation_20260520_033221/artifacts/modules_dir/lib/modules/6.18.0-00006-g53d68d37d754/kernel/drivers/thermal/tegra/tegra-soctherm.ko
  INSTALL /local/mnt/workspace/AURA_V1/evidence/compile_closure_wcd937x_continuation_20260520_033221/artifacts/modules_dir/lib/modules/6.18.0-00006-g53d68d37d754/kernel/drivers/thermal/tegra/tegra-bpmp-thermal.ko
  STRIP   /local/mnt/workspace/AURA_V1/evidence/compile_closure_wcd937x_continuation_20260520_033221/artifacts/modules_dir/lib/modules/6.18.0-00006-g53d68d37d754/kernel/drivers/thermal/qcom/lmh.ko
  INSTALL /local/mnt/workspace/AURA_V1/evidence/compile_closure_wcd937x_continuation_20260520_033221/artifacts/modules_dir/lib/modules/6.18.0-00006-g53d68d37d754/kernel/drivers/thermal/mediatek/lvts_thermal.ko
  INSTALL /local/mnt/workspace/AURA_V1/evidence/compile_closure_wcd937x_continuation_20260520_033221/artifacts/modules_dir/lib/modules/6.18.0-00006-g53d68d37d754/kernel/drivers/thermal/k3_bandgap.ko
  INSTALL /local/mnt/workspace/AURA_V1/evidence/compile_closure_wcd937x_continuation_20260520_033221/artifacts/modules_dir/lib/modules/6.18.0-00006-g53d68d37d754/kernel/drivers/thermal/k3_j72xx_bandgap.ko
  STRIP   /local/mnt/workspace/AURA_V1/evidence/compile_closure_wcd937x_continuation_20260520_033221/artifacts/modules_dir/lib/modules/6.18.0-00006-g53d68d37d754/kernel/drivers/thermal/tegra/tegra-bpmp-thermal.ko
  STRIP   /local/mnt/workspace/AURA_V1/evidence/compile_closure_wcd937x_continuation_20260520_033221/artifacts/modules_dir/lib/modules/6.18.0-00006-g53d68d37d754/kernel/drivers/thermal/tegra/tegra-soctherm.ko
  INSTALL /local/mnt/workspace/AURA_V1/evidence/compile_closure_wcd937x_continuation_20260520_033221/artifacts/modules_dir/lib/modules/6.18.0-00006-g53d68d37d754/kernel/drivers/thermal/rockchip_thermal.ko
  INSTALL /local/mnt/workspace/AURA_V1/evidence/compile_closure_wcd937x_continuation_20260520_033221/artifacts/modules_dir/lib/modules/6.18.0-00006-g53d68d37d754/kernel/drivers/thermal/imx_sc_thermal.ko
  INSTALL /local/mnt/workspace/AURA_V1/evidence/compile_closure_wcd937x_continuation_20260520_033221/artifacts/modules_dir/lib/modules/6.18.0-00006-g53d68d37d754/kernel/drivers/thermal/imx8mm_thermal.ko
  STRIP   /local/mnt/workspace/AURA_V1/evidence/compile_closure_wcd937x_continuation_20260520_033221/artifacts/modules_dir/lib/modules/6.18.0-00006-g53d68d37d754/kernel/drivers/thermal/mediatek/lvts_thermal.ko
  STRIP   /local/mnt/workspace/AURA_V1/evidence/compile_closure_wcd937x_continuation_20260520_033221/artifacts/modules_dir/lib/modules/6.18.0-00006-g53d68d37d754/kernel/drivers/thermal/k3_bandgap.ko
  STRIP   /local/mnt/workspace/AURA_V1/evidence/compile_closure_wcd937x_continuation_20260520_033221/artifacts/modules_dir/lib/modules/6.18.0-00006-g53d68d37d754/kernel/drivers/thermal/k3_j72xx_bandgap.ko
  STRIP   /local/mnt/workspace/AURA_V1/evidence/compile_closure_wcd937x_continuation_20260520_033221/artifacts/modules_dir/lib/modules/6.18.0-00006-g53d68d37d754/kernel/drivers/thermal/rockchip_thermal.ko
  STRIP   /local/mnt/workspace/AURA_V1/evidence/compile_closure_wcd937x_continuation_20260520_033221/artifacts/modules_dir/lib/modules/6.18.0-00006-g53d68d37d754/kernel/drivers/thermal/imx_sc_thermal.ko
  STRIP   /local/mnt/workspace/AURA_V1/evidence/compile_closure_wcd937x_continuation_20260520_033221/artifacts/modules_dir/lib/modules/6.18.0-00006-g53d68d37d754/kernel/drivers/thermal/imx8mm_thermal.ko
  INSTALL /local/mnt/workspace/AURA_V1/evidence/compile_closure_wcd937x_continuation_20260520_033221/artifacts/modules_dir/lib/modules/6.18.0-00006-g53d68d37d754/kernel/drivers/thermal/qoriq_thermal.ko
  INSTALL /local/mnt/workspace/AURA_V1/evidence/compile_closure_wcd937x_continuation_20260520_033221/artifacts/modules_dir/lib/modules/6.18.0-00006-g53d68d37d754/kernel/drivers/thermal/thermal-generic-adc.ko
  STRIP   /local/mnt/workspace/AURA_V1/evidence/compile_closure_wcd937x_continuation_20260520_033221/artifacts/modules_dir/lib/modules/6.18.0-00006-g53d68d37d754/kernel/drivers/thermal/qoriq_thermal.ko
  STRIP   /local/mnt/workspace/AURA_V1/evidence/compile_closure_wcd937x_continuation_20260520_033221/artifacts/modules_dir/lib/modules/6.18.0-00006-g53d68d37d754/kernel/drivers/thermal/thermal-generic-adc.ko
  INSTALL /local/mnt/workspace/AURA_V1/evidence/compile_closure_wcd937x_continuation_20260520_033221/artifacts/modules_dir/lib/modules/6.18.0-00006-g53d68d37d754/kernel/drivers/thermal/khadas_mcu_fan.ko
  INSTALL /local/mnt/workspace/AURA_V1/evidence/compile_closure_wcd937x_continuation_20260520_033221/artifacts/modules_dir/lib/modules/6.18.0-00006-g53d68d37d754/kernel/drivers/watchdog/rti_wdt.ko
  INSTALL /local/mnt/workspace/AURA_V1/evidence/compile_closure_wcd937x_continuation_20260520_033221/artifacts/modules_dir/lib/modules/6.18.0-00006-g53d68d37d754/kernel/drivers/watchdog/sunxi_wdt.ko
  INSTALL /local/mnt/workspace/AURA_V1/evidence/compile_closure_wcd937x_continuation_20260520_033221/artifacts/modules_dir/lib/modules/6.18.0-00006-g53d68d37d754/kernel/drivers/watchdog/imx_sc_wdt.ko
  INSTALL /local/mnt/workspace/AURA_V1/evidence/compile_closure_wcd937x_continuation_20260520_033221/artifacts/modules_dir/lib/modules/6.18.0-00006-g53d68d37d754/kernel/drivers/watchdog/imx7ulp_wdt.ko
  STRIP   /local/mnt/workspace/AURA_V1/evidence/compile_closure_wcd937x_continuation_20260520_033221/artifacts/modules_dir/lib/modules/6.18.0-00006-g53d68d37d754/kernel/drivers/thermal/khadas_mcu_fan.ko
  STRIP   /local/mnt/workspace/AURA_V1/evidence/compile_closure_wcd937x_continuation_20260520_033221/artifacts/modules_dir/lib/modules/6.18.0-00006-g53d68d37d754/kernel/drivers/watchdog/rti_wdt.ko
  STRIP   /local/mnt/workspace/AURA_V1/evidence/compile_closure_wcd937x_continuation_20260520_033221/artifacts/modules_dir/lib/modules/6.18.0-00006-g53d68d37d754/kernel/drivers/watchdog/imx_sc_wdt.ko
  INSTALL /local/mnt/workspace/AURA_V1/evidence/compile_closure_wcd937x_continuation_20260520_033221/artifacts/modules_dir/lib/modules/6.18.0-00006-g53d68d37d754/kernel/drivers/watchdog/qcom-wdt.ko
  STRIP   /local/mnt/workspace/AURA_V1/evidence/compile_closure_wcd937x_continuation_20260520_033221/artifacts/modules_dir/lib/modules/6.18.0-00006-g53d68d37d754/kernel/drivers/watchdog/sunxi_wdt.ko
  STRIP   /local/mnt/workspace/AURA_V1/evidence/compile_closure_wcd937x_continuation_20260520_033221/artifacts/modules_dir/lib/modules/6.18.0-00006-g53d68d37d754/kernel/drivers/watchdog/imx7ulp_wdt.ko
  INSTALL /local/mnt/workspace/AURA_V1/evidence/compile_closure_wcd937x_continuation_20260520_033221/artifacts/modules_dir/lib/modules/6.18.0-00006-g53d68d37d754/kernel/drivers/watchdog/meson_gxbb_wdt.ko
  INSTALL /local/mnt/workspace/AURA_V1/evidence/compile_closure_wcd937x_continuation_20260520_033221/artifacts/modules_dir/lib/modules/6.18.0-00006-g53d68d37d754/kernel/drivers/watchdog/meson_wdt.ko
  STRIP   /local/mnt/workspace/AURA_V1/evidence/compile_closure_wcd937x_continuation_20260520_033221/artifacts/modules_dir/lib/modules/6.18.0-00006-g53d68d37d754/kernel/drivers/watchdog/qcom-wdt.ko
  STRIP   /local/mnt/workspace/AURA_V1/evidence/compile_closure_wcd937x_continuation_20260520_033221/artifacts/modules_dir/lib/modules/6.18.0-00006-g53d68d37d754/kernel/drivers/watchdog/meson_gxbb_wdt.ko
  STRIP   /local/mnt/workspace/AURA_V1/evidence/compile_closure_wcd937x_continuation_20260520_033221/artifacts/modules_dir/lib/modules/6.18.0-00006-g53d68d37d754/kernel/drivers/watchdog/meson_wdt.ko
  INSTALL /local/mnt/workspace/AURA_V1/evidence/compile_closure_wcd937x_continuation_20260520_033221/artifacts/modules_dir/lib/modules/6.18.0-00006-g53d68d37d754/kernel/drivers/watchdog/bcm7038_wdt.ko
  INSTALL /local/mnt/workspace/AURA_V1/evidence/compile_closure_wcd937x_continuation_20260520_033221/artifacts/modules_dir/lib/modules/6.18.0-00006-g53d68d37d754/kernel/drivers/watchdog/pm8916_wdt.ko
  INSTALL /local/mnt/workspace/AURA_V1/evidence/compile_closure_wcd937x_continuation_20260520_033221/artifacts/modules_dir/lib/modules/6.18.0-00006-g53d68d37d754/kernel/drivers/watchdog/sl28cpld_wdt.ko
  INSTALL /local/mnt/workspace/AURA_V1/evidence/compile_closure_wcd937x_continuation_20260520_033221/artifacts/modules_dir/lib/modules/6.18.0-00006-g53d68d37d754/kernel/drivers/md/md-mod.ko
  STRIP   /local/mnt/workspace/AURA_V1/evidence/compile_closure_wcd937x_continuation_20260520_033221/artifacts/modules_dir/lib/modules/6.18.0-00006-g53d68d37d754/kernel/drivers/watchdog/bcm7038_wdt.ko
  STRIP   /local/mnt/workspace/AURA_V1/evidence/compile_closure_wcd937x_continuation_20260520_033221/artifacts/modules_dir/lib/modules/6.18.0-00006-g53d68d37d754/kernel/drivers/watchdog/sl28cpld_wdt.ko
  STRIP   /local/mnt/workspace/AURA_V1/evidence/compile_closure_wcd937x_continuation_20260520_033221/artifacts/modules_dir/lib/modules/6.18.0-00006-g53d68d37d754/kernel/drivers/watchdog/pm8916_wdt.ko
  INSTALL /local/mnt/workspace/AURA_V1/evidence/compile_closure_wcd937x_continuation_20260520_033221/artifacts/modules_dir/lib/modules/6.18.0-00006-g53d68d37d754/kernel/drivers/md/dm-mod.ko
  INSTALL /local/mnt/workspace/AURA_V1/evidence/compile_closure_wcd937x_continuation_20260520_033221/artifacts/modules_dir/lib/modules/6.18.0-00006-g53d68d37d754/kernel/drivers/md/dm-mirror.ko
  INSTALL /local/mnt/workspace/AURA_V1/evidence/compile_closure_wcd937x_continuation_20260520_033221/artifacts/modules_dir/lib/modules/6.18.0-00006-g53d68d37d754/kernel/drivers/md/dm-log.ko
  INSTALL /local/mnt/workspace/AURA_V1/evidence/compile_closure_wcd937x_continuation_20260520_033221/artifacts/modules_dir/lib/modules/6.18.0-00006-g53d68d37d754/kernel/drivers/md/dm-region-hash.ko
  STRIP   /local/mnt/workspace/AURA_V1/evidence/compile_closure_wcd937x_continuation_20260520_033221/artifacts/modules_dir/lib/modules/6.18.0-00006-g53d68d37d754/kernel/drivers/md/md-mod.ko
  STRIP   /local/mnt/workspace/AURA_V1/evidence/compile_closure_wcd937x_continuation_20260520_033221/artifacts/modules_dir/lib/modules/6.18.0-00006-g53d68d37d754/kernel/drivers/md/dm-mirror.ko
  INSTALL /local/mnt/workspace/AURA_V1/evidence/compile_closure_wcd937x_continuation_20260520_033221/artifacts/modules_dir/lib/modules/6.18.0-00006-g53d68d37d754/kernel/drivers/md/dm-zero.ko
  STRIP   /local/mnt/workspace/AURA_V1/evidence/compile_closure_wcd937x_continuation_20260520_033221/artifacts/modules_dir/lib/modules/6.18.0-00006-g53d68d37d754/kernel/drivers/md/dm-mod.ko
  STRIP   /local/mnt/workspace/AURA_V1/evidence/compile_closure_wcd937x_continuation_20260520_033221/artifacts/modules_dir/lib/modules/6.18.0-00006-g53d68d37d754/kernel/drivers/md/dm-region-hash.ko
  STRIP   /local/mnt/workspace/AURA_V1/evidence/compile_closure_wcd937x_continuation_20260520_033221/artifacts/modules_dir/lib/modules/6.18.0-00006-g53d68d37d754/kernel/drivers/md/dm-log.ko
  STRIP   /local/mnt/workspace/AURA_V1/evidence/compile_closure_wcd937x_continuation_20260520_033221/artifacts/modules_dir/lib/modules/6.18.0-00006-g53d68d37d754/kernel/drivers/md/dm-zero.ko
  INSTALL /local/mnt/workspace/AURA_V1/evidence/compile_closure_wcd937x_continuation_20260520_033221/artifacts/modules_dir/lib/modules/6.18.0-00006-g53d68d37d754/kernel/drivers/edac/layerscape_edac_mod.ko
  INSTALL /local/mnt/workspace/AURA_V1/evidence/compile_closure_wcd937x_continuation_20260520_033221/artifacts/modules_dir/lib/modules/6.18.0-00006-g53d68d37d754/kernel/drivers/cpufreq/cpufreq_powersave.ko
  INSTALL /local/mnt/workspace/AURA_V1/evidence/compile_closure_wcd937x_continuation_20260520_033221/artifacts/modules_dir/lib/modules/6.18.0-00006-g53d68d37d754/kernel/drivers/cpufreq/cpufreq_conservative.ko
  INSTALL /local/mnt/workspace/AURA_V1/evidence/compile_closure_wcd937x_continuation_20260520_033221/artifacts/modules_dir/lib/modules/6.18.0-00006-g53d68d37d754/kernel/drivers/cpufreq/cppc_cpufreq.ko
  STRIP   /local/mnt/workspace/AURA_V1/evidence/compile_closure_wcd937x_continuation_20260520_033221/artifacts/modules_dir/lib/modules/6.18.0-00006-g53d68d37d754/kernel/drivers/edac/layerscape_edac_mod.ko
  INSTALL /local/mnt/workspace/AURA_V1/evidence/compile_closure_wcd937x_continuation_20260520_033221/artifacts/modules_dir/lib/modules/6.18.0-00006-g53d68d37d754/kernel/drivers/cpufreq/imx-cpufreq-dt.ko
  INSTALL /local/mnt/workspace/AURA_V1/evidence/compile_closure_wcd937x_continuation_20260520_033221/artifacts/modules_dir/lib/modules/6.18.0-00006-g53d68d37d754/kernel/drivers/cpufreq/mediatek-cpufreq-hw.ko
  STRIP   /local/mnt/workspace/AURA_V1/evidence/compile_closure_wcd937x_continuation_20260520_033221/artifacts/modules_dir/lib/modules/6.18.0-00006-g53d68d37d754/kernel/drivers/cpufreq/cpufreq_powersave.ko
  STRIP   /local/mnt/workspace/AURA_V1/evidence/compile_closure_wcd937x_continuation_20260520_033221/artifacts/modules_dir/lib/modules/6.18.0-00006-g53d68d37d754/kernel/drivers/cpufreq/cpufreq_conservative.ko
  STRIP   /local/mnt/workspace/AURA_V1/evidence/compile_closure_wcd937x_continuation_20260520_033221/artifacts/modules_dir/lib/modules/6.18.0-00006-g53d68d37d754/kernel/drivers/cpufreq/cppc_cpufreq.ko
  INSTALL /local/mnt/workspace/AURA_V1/evidence/compile_closure_wcd937x_continuation_20260520_033221/artifacts/modules_dir/lib/modules/6.18.0-00006-g53d68d37d754/kernel/drivers/cpufreq/raspberrypi-cpufreq.ko
  INSTALL /local/mnt/workspace/AURA_V1/evidence/compile_closure_wcd937x_continuation_20260520_033221/artifacts/modules_dir/lib/modules/6.18.0-00006-g53d68d37d754/kernel/drivers/cpufreq/sun50i-cpufreq-nvmem.ko
  STRIP   /local/mnt/workspace/AURA_V1/evidence/compile_closure_wcd937x_continuation_20260520_033221/artifacts/modules_dir/lib/modules/6.18.0-00006-g53d68d37d754/kernel/drivers/cpufreq/imx-cpufreq-dt.ko
  STRIP   /local/mnt/workspace/AURA_V1/evidence/compile_closure_wcd937x_continuation_20260520_033221/artifacts/modules_dir/lib/modules/6.18.0-00006-g53d68d37d754/kernel/drivers/cpufreq/mediatek-cpufreq-hw.ko
  INSTALL /local/mnt/workspace/AURA_V1/evidence/compile_closure_wcd937x_continuation_20260520_033221/artifacts/modules_dir/lib/modules/6.18.0-00006-g53d68d37d754/kernel/drivers/ufs/host/cdns-pltfrm.ko
  STRIP   /local/mnt/workspace/AURA_V1/evidence/compile_closure_wcd937x_continuation_20260520_033221/artifacts/modules_dir/lib/modules/6.18.0-00006-g53d68d37d754/kernel/drivers/cpufreq/raspberrypi-cpufreq.ko
  STRIP   /local/mnt/workspace/AURA_V1/evidence/compile_closure_wcd937x_continuation_20260520_033221/artifacts/modules_dir/lib/modules/6.18.0-00006-g53d68d37d754/kernel/drivers/cpufreq/sun50i-cpufreq-nvmem.ko
  STRIP   /local/mnt/workspace/AURA_V1/evidence/compile_closure_wcd937x_continuation_20260520_033221/artifacts/modules_dir/lib/modules/6.18.0-00006-g53d68d37d754/kernel/drivers/ufs/host/cdns-pltfrm.ko
  INSTALL /local/mnt/workspace/AURA_V1/evidence/compile_closure_wcd937x_continuation_20260520_033221/artifacts/modules_dir/lib/modules/6.18.0-00006-g53d68d37d754/kernel/drivers/ufs/host/ufs-qcom.ko
  INSTALL /local/mnt/workspace/AURA_V1/evidence/compile_closure_wcd937x_continuation_20260520_033221/artifacts/modules_dir/lib/modules/6.18.0-00006-g53d68d37d754/kernel/drivers/ufs/host/ufs-renesas.ko
  INSTALL /local/mnt/workspace/AURA_V1/evidence/compile_closure_wcd937x_continuation_20260520_033221/artifacts/modules_dir/lib/modules/6.18.0-00006-g53d68d37d754/kernel/drivers/ufs/host/ti-j721e-ufs.ko
  INSTALL /local/mnt/workspace/AURA_V1/evidence/compile_closure_wcd937x_continuation_20260520_033221/artifacts/modules_dir/lib/modules/6.18.0-00006-g53d68d37d754/kernel/drivers/firmware/google/coreboot_table.ko
  STRIP   /local/mnt/workspace/AURA_V1/evidence/compile_closure_wcd937x_continuation_20260520_033221/artifacts/modules_dir/lib/modules/6.18.0-00006-g53d68d37d754/kernel/drivers/ufs/host/ufs-qcom.ko
  INSTALL /local/mnt/workspace/AURA_V1/evidence/compile_closure_wcd937x_continuation_20260520_033221/artifacts/modules_dir/lib/modules/6.18.0-00006-g53d68d37d754/kernel/drivers/firmware/google/cbmem.ko
  STRIP   /local/mnt/workspace/AURA_V1/evidence/compile_closure_wcd937x_continuation_20260520_033221/artifacts/modules_dir/lib/modules/6.18.0-00006-g53d68d37d754/kernel/drivers/ufs/host/ufs-renesas.ko
  INSTALL /local/mnt/workspace/AURA_V1/evidence/compile_closure_wcd937x_continuation_20260520_033221/artifacts/modules_dir/lib/modules/6.18.0-00006-g53d68d37d754/kernel/drivers/firmware/samsung/acpm-protocol.ko
  STRIP   /local/mnt/workspace/AURA_V1/evidence/compile_closure_wcd937x_continuation_20260520_033221/artifacts/modules_dir/lib/modules/6.18.0-00006-g53d68d37d754/kernel/drivers/ufs/host/ti-j721e-ufs.ko
  STRIP   /local/mnt/workspace/AURA_V1/evidence/compile_closure_wcd937x_continuation_20260520_033221/artifacts/modules_dir/lib/modules/6.18.0-00006-g53d68d37d754/kernel/drivers/firmware/google/coreboot_table.ko
  INSTALL /local/mnt/workspace/AURA_V1/evidence/compile_closure_wcd937x_continuation_20260520_033221/artifacts/modules_dir/lib/modules/6.18.0-00006-g53d68d37d754/kernel/drivers/firmware/stratix10-rsu.ko
  INSTALL /local/mnt/workspace/AURA_V1/evidence/compile_closure_wcd937x_continuation_20260520_033221/artifacts/modules_dir/lib/modules/6.18.0-00006-g53d68d37d754/kernel/drivers/firmware/mtk-adsp-ipc.ko
  STRIP   /local/mnt/workspace/AURA_V1/evidence/compile_closure_wcd937x_continuation_20260520_033221/artifacts/modules_dir/lib/modules/6.18.0-00006-g53d68d37d754/kernel/drivers/firmware/google/cbmem.ko
  INSTALL /local/mnt/workspace/AURA_V1/evidence/compile_closure_wcd937x_continuation_20260520_033221/artifacts/modules_dir/lib/modules/6.18.0-00006-g53d68d37d754/kernel/drivers/crypto/allwinner/sun8i-ce/sun8i-ce.ko
  STRIP   /local/mnt/workspace/AURA_V1/evidence/compile_closure_wcd937x_continuation_20260520_033221/artifacts/modules_dir/lib/modules/6.18.0-00006-g53d68d37d754/kernel/drivers/firmware/samsung/acpm-protocol.ko
  STRIP   /local/mnt/workspace/AURA_V1/evidence/compile_closure_wcd937x_continuation_20260520_033221/artifacts/modules_dir/lib/modules/6.18.0-00006-g53d68d37d754/kernel/drivers/firmware/stratix10-rsu.ko
  STRIP   /local/mnt/workspace/AURA_V1/evidence/compile_closure_wcd937x_continuation_20260520_033221/artifacts/modules_dir/lib/modules/6.18.0-00006-g53d68d37d754/kernel/drivers/firmware/mtk-adsp-ipc.ko
  INSTALL /local/mnt/workspace/AURA_V1/evidence/compile_closure_wcd937x_continuation_20260520_033221/artifacts/modules_dir/lib/modules/6.18.0-00006-g53d68d37d754/kernel/drivers/crypto/hisilicon/hpre/hisi_hpre.ko
  STRIP   /local/mnt/workspace/AURA_V1/evidence/compile_closure_wcd937x_continuation_20260520_033221/artifacts/modules_dir/lib/modules/6.18.0-00006-g53d68d37d754/kernel/drivers/crypto/allwinner/sun8i-ce/sun8i-ce.ko
  INSTALL /local/mnt/workspace/AURA_V1/evidence/compile_closure_wcd937x_continuation_20260520_033221/artifacts/modules_dir/lib/modules/6.18.0-00006-g53d68d37d754/kernel/drivers/crypto/hisilicon/sec2/hisi_sec2.ko
  INSTALL /local/mnt/workspace/AURA_V1/evidence/compile_closure_wcd937x_continuation_20260520_033221/artifacts/modules_dir/lib/modules/6.18.0-00006-g53d68d37d754/kernel/drivers/crypto/hisilicon/hisi_qm.ko
  INSTALL /local/mnt/workspace/AURA_V1/evidence/compile_closure_wcd937x_continuation_20260520_033221/artifacts/modules_dir/lib/modules/6.18.0-00006-g53d68d37d754/kernel/drivers/crypto/hisilicon/zip/hisi_zip.ko
  INSTALL /local/mnt/workspace/AURA_V1/evidence/compile_closure_wcd937x_continuation_20260520_033221/artifacts/modules_dir/lib/modules/6.18.0-00006-g53d68d37d754/kernel/drivers/crypto/hisilicon/trng/hisi-trng-v2.ko
  STRIP   /local/mnt/workspace/AURA_V1/evidence/compile_closure_wcd937x_continuation_20260520_033221/artifacts/modules_dir/lib/modules/6.18.0-00006-g53d68d37d754/kernel/drivers/crypto/hisilicon/hpre/hisi_hpre.ko
  STRIP   /local/mnt/workspace/AURA_V1/evidence/compile_closure_wcd937x_continuation_20260520_033221/artifacts/modules_dir/lib/modules/6.18.0-00006-g53d68d37d754/kernel/drivers/crypto/hisilicon/sec2/hisi_sec2.ko
  STRIP   /local/mnt/workspace/AURA_V1/evidence/compile_closure_wcd937x_continuation_20260520_033221/artifacts/modules_dir/lib/modules/6.18.0-00006-g53d68d37d754/kernel/drivers/crypto/hisilicon/hisi_qm.ko
  INSTALL /local/mnt/workspace/AURA_V1/evidence/compile_closure_wcd937x_continuation_20260520_033221/artifacts/modules_dir/lib/modules/6.18.0-00006-g53d68d37d754/kernel/drivers/crypto/ccree/ccree.ko
  STRIP   /local/mnt/workspace/AURA_V1/evidence/compile_closure_wcd937x_continuation_20260520_033221/artifacts/modules_dir/lib/modules/6.18.0-00006-g53d68d37d754/kernel/drivers/crypto/hisilicon/zip/hisi_zip.ko
  INSTALL /local/mnt/workspace/AURA_V1/evidence/compile_closure_wcd937x_continuation_20260520_033221/artifacts/modules_dir/lib/modules/6.18.0-00006-g53d68d37d754/kernel/drivers/crypto/caam/error.ko
  INSTALL /local/mnt/workspace/AURA_V1/evidence/compile_closure_wcd937x_continuation_20260520_033221/artifacts/modules_dir/lib/modules/6.18.0-00006-g53d68d37d754/kernel/drivers/crypto/caam/caam.ko
  STRIP   /local/mnt/workspace/AURA_V1/evidence/compile_closure_wcd937x_continuation_20260520_033221/artifacts/modules_dir/lib/modules/6.18.0-00006-g53d68d37d754/kernel/drivers/crypto/hisilicon/trng/hisi-trng-v2.ko
  INSTALL /local/mnt/workspace/AURA_V1/evidence/compile_closure_wcd937x_continuation_20260520_033221/artifacts/modules_dir/lib/modules/6.18.0-00006-g53d68d37d754/kernel/drivers/crypto/caam/caam_jr.ko
  STRIP   /local/mnt/workspace/AURA_V1/evidence/compile_closure_wcd937x_continuation_20260520_033221/artifacts/modules_dir/lib/modules/6.18.0-00006-g53d68d37d754/kernel/drivers/crypto/ccree/ccree.ko
  STRIP   /local/mnt/workspace/AURA_V1/evidence/compile_closure_wcd937x_continuation_20260520_033221/artifacts/modules_dir/lib/modules/6.18.0-00006-g53d68d37d754/kernel/drivers/crypto/caam/error.ko
  STRIP   /local/mnt/workspace/AURA_V1/evidence/compile_closure_wcd937x_continuation_20260520_033221/artifacts/modules_dir/lib/modules/6.18.0-00006-g53d68d37d754/kernel/drivers/crypto/caam/caam.ko
  INSTALL /local/mnt/workspace/AURA_V1/evidence/compile_closure_wcd937x_continuation_20260520_033221/artifacts/modules_dir/lib/modules/6.18.0-00006-g53d68d37d754/kernel/drivers/crypto/caam/caamalg_desc.ko
  INSTALL /local/mnt/workspace/AURA_V1/evidence/compile_closure_wcd937x_continuation_20260520_033221/artifacts/modules_dir/lib/modules/6.18.0-00006-g53d68d37d754/kernel/drivers/crypto/caam/caamhash_desc.ko
  INSTALL /local/mnt/workspace/AURA_V1/evidence/compile_closure_wcd937x_continuation_20260520_033221/artifacts/modules_dir/lib/modules/6.18.0-00006-g53d68d37d754/kernel/drivers/crypto/caam/dpaa2_caam.ko
  INSTALL /local/mnt/workspace/AURA_V1/evidence/compile_closure_wcd937x_continuation_20260520_033221/artifacts/modules_dir/lib/modules/6.18.0-00006-g53d68d37d754/kernel/drivers/crypto/qce/qcrypto.ko
  STRIP   /local/mnt/workspace/AURA_V1/evidence/compile_closure_wcd937x_continuation_20260520_033221/artifacts/modules_dir/lib/modules/6.18.0-00006-g53d68d37d754/kernel/drivers/crypto/caam/caam_jr.ko
  STRIP   /local/mnt/workspace/AURA_V1/evidence/compile_closure_wcd937x_continuation_20260520_033221/artifacts/modules_dir/lib/modules/6.18.0-00006-g53d68d37d754/kernel/drivers/crypto/caam/caamalg_desc.ko
  STRIP   /local/mnt/workspace/AURA_V1/evidence/compile_closure_wcd937x_continuation_20260520_033221/artifacts/modules_dir/lib/modules/6.18.0-00006-g53d68d37d754/kernel/drivers/crypto/caam/caamhash_desc.ko
  INSTALL /local/mnt/workspace/AURA_V1/evidence/compile_closure_wcd937x_continuation_20260520_033221/artifacts/modules_dir/lib/modules/6.18.0-00006-g53d68d37d754/kernel/drivers/crypto/qcom-rng.ko
  STRIP   /local/mnt/workspace/AURA_V1/evidence/compile_closure_wcd937x_continuation_20260520_033221/artifacts/modules_dir/lib/modules/6.18.0-00006-g53d68d37d754/kernel/drivers/crypto/qce/qcrypto.ko
  INSTALL /local/mnt/workspace/AURA_V1/evidence/compile_closure_wcd937x_continuation_20260520_033221/artifacts/modules_dir/lib/modules/6.18.0-00006-g53d68d37d754/kernel/drivers/crypto/sa2ul.ko
  INSTALL /local/mnt/workspace/AURA_V1/evidence/compile_closure_wcd937x_continuation_20260520_033221/artifacts/modules_dir/lib/modules/6.18.0-00006-g53d68d37d754/kernel/drivers/crypto/tegra/tegra-se.ko
  STRIP   /local/mnt/workspace/AURA_V1/evidence/compile_closure_wcd937x_continuation_20260520_033221/artifacts/modules_dir/lib/modules/6.18.0-00006-g53d68d37d754/kernel/drivers/crypto/caam/dpaa2_caam.ko
  STRIP   /local/mnt/workspace/AURA_V1/evidence/compile_closure_wcd937x_continuation_20260520_033221/artifacts/modules_dir/lib/modules/6.18.0-00006-g53d68d37d754/kernel/drivers/crypto/qcom-rng.ko
  STRIP   /local/mnt/workspace/AURA_V1/evidence/compile_closure_wcd937x_continuation_20260520_033221/artifacts/modules_dir/lib/modules/6.18.0-00006-g53d68d37d754/kernel/drivers/crypto/sa2ul.ko
  INSTALL /local/mnt/workspace/AURA_V1/evidence/compile_closure_wcd937x_continuation_20260520_033221/artifacts/modules_dir/lib/modules/6.18.0-00006-g53d68d37d754/kernel/drivers/crypto/bcm/bcm_crypto_spu.ko
  STRIP   /local/mnt/workspace/AURA_V1/evidence/compile_closure_wcd937x_continuation_20260520_033221/artifacts/modules_dir/lib/modules/6.18.0-00006-g53d68d37d754/kernel/drivers/crypto/tegra/tegra-se.ko
  INSTALL /local/mnt/workspace/AURA_V1/evidence/compile_closure_wcd937x_continuation_20260520_033221/artifacts/modules_dir/lib/modules/6.18.0-00006-g53d68d37d754/kernel/drivers/crypto/amlogic/amlogic-gxl-crypto.ko
  INSTALL /local/mnt/workspace/AURA_V1/evidence/compile_closure_wcd937x_continuation_20260520_033221/artifacts/modules_dir/lib/modules/6.18.0-00006-g53d68d37d754/kernel/drivers/hid/hid-lg-g15.ko
  STRIP   /local/mnt/workspace/AURA_V1/evidence/compile_closure_wcd937x_continuation_20260520_033221/artifacts/modules_dir/lib/modules/6.18.0-00006-g53d68d37d754/kernel/drivers/crypto/bcm/bcm_crypto_spu.ko
  INSTALL /local/mnt/workspace/AURA_V1/evidence/compile_closure_wcd937x_continuation_20260520_033221/artifacts/modules_dir/lib/modules/6.18.0-00006-g53d68d37d754/kernel/drivers/hid/hid-multitouch.ko
  STRIP   /local/mnt/workspace/AURA_V1/evidence/compile_closure_wcd937x_continuation_20260520_033221/artifacts/modules_dir/lib/modules/6.18.0-00006-g53d68d37d754/kernel/drivers/crypto/amlogic/amlogic-gxl-crypto.ko
  STRIP   /local/mnt/workspace/AURA_V1/evidence/compile_closure_wcd937x_continuation_20260520_033221/artifacts/modules_dir/lib/modules/6.18.0-00006-g53d68d37d754/kernel/drivers/hid/hid-lg-g15.ko
  INSTALL /local/mnt/workspace/AURA_V1/evidence/compile_closure_wcd937x_continuation_20260520_033221/artifacts/modules_dir/lib/modules/6.18.0-00006-g53d68d37d754/kernel/drivers/hid/i2c-hid/i2c-hid.ko
  INSTALL /local/mnt/workspace/AURA_V1/evidence/compile_closure_wcd937x_continuation_20260520_033221/artifacts/modules_dir/lib/modules/6.18.0-00006-g53d68d37d754/kernel/drivers/hid/i2c-hid/i2c-hid-acpi.ko
  STRIP   /local/mnt/workspace/AURA_V1/evidence/compile_closure_wcd937x_continuation_20260520_033221/artifacts/modules_dir/lib/modules/6.18.0-00006-g53d68d37d754/kernel/drivers/hid/hid-multitouch.ko
  INSTALL /local/mnt/workspace/AURA_V1/evidence/compile_closure_wcd937x_continuation_20260520_033221/artifacts/modules_dir/lib/modules/6.18.0-00006-g53d68d37d754/kernel/drivers/hid/i2c-hid/i2c-hid-of.ko
  INSTALL /local/mnt/workspace/AURA_V1/evidence/compile_closure_wcd937x_continuation_20260520_033221/artifacts/modules_dir/lib/modules/6.18.0-00006-g53d68d37d754/kernel/drivers/hid/hid-logitech.ko
  STRIP   /local/mnt/workspace/AURA_V1/evidence/compile_closure_wcd937x_continuation_20260520_033221/artifacts/modules_dir/lib/modules/6.18.0-00006-g53d68d37d754/kernel/drivers/hid/i2c-hid/i2c-hid.ko
  STRIP   /local/mnt/workspace/AURA_V1/evidence/compile_closure_wcd937x_continuation_20260520_033221/artifacts/modules_dir/lib/modules/6.18.0-00006-g53d68d37d754/kernel/drivers/hid/i2c-hid/i2c-hid-acpi.ko
  INSTALL /local/mnt/workspace/AURA_V1/evidence/compile_closure_wcd937x_continuation_20260520_033221/artifacts/modules_dir/lib/modules/6.18.0-00006-g53d68d37d754/kernel/drivers/hid/i2c-hid/i2c-hid-of-elan.ko
  STRIP   /local/mnt/workspace/AURA_V1/evidence/compile_closure_wcd937x_continuation_20260520_033221/artifacts/modules_dir/lib/modules/6.18.0-00006-g53d68d37d754/kernel/drivers/hid/i2c-hid/i2c-hid-of.ko
  INSTALL /local/mnt/workspace/AURA_V1/evidence/compile_closure_wcd937x_continuation_20260520_033221/artifacts/modules_dir/lib/modules/6.18.0-00006-g53d68d37d754/kernel/drivers/staging/media/max96712/max96712.ko
  STRIP   /local/mnt/workspace/AURA_V1/evidence/compile_closure_wcd937x_continuation_20260520_033221/artifacts/modules_dir/lib/modules/6.18.0-00006-g53d68d37d754/kernel/drivers/hid/hid-logitech.ko
  INSTALL /local/mnt/workspace/AURA_V1/evidence/compile_closure_wcd937x_continuation_20260520_033221/artifacts/modules_dir/lib/modules/6.18.0-00006-g53d68d37d754/kernel/drivers/staging/media/meson/vdec/meson-vdec.ko
  STRIP   /local/mnt/workspace/AURA_V1/evidence/compile_closure_wcd937x_continuation_20260520_033221/artifacts/modules_dir/lib/modules/6.18.0-00006-g53d68d37d754/kernel/drivers/hid/i2c-hid/i2c-hid-of-elan.ko
  STRIP   /local/mnt/workspace/AURA_V1/evidence/compile_closure_wcd937x_continuation_20260520_033221/artifacts/modules_dir/lib/modules/6.18.0-00006-g53d68d37d754/kernel/drivers/staging/media/max96712/max96712.ko
  INSTALL /local/mnt/workspace/AURA_V1/evidence/compile_closure_wcd937x_continuation_20260520_033221/artifacts/modules_dir/lib/modules/6.18.0-00006-g53d68d37d754/kernel/drivers/staging/vc04_services/vchiq.ko
  INSTALL /local/mnt/workspace/AURA_V1/evidence/compile_closure_wcd937x_continuation_20260520_033221/artifacts/modules_dir/lib/modules/6.18.0-00006-g53d68d37d754/kernel/drivers/staging/vc04_services/bcm2835-audio/snd-bcm2835.ko
  STRIP   /local/mnt/workspace/AURA_V1/evidence/compile_closure_wcd937x_continuation_20260520_033221/artifacts/modules_dir/lib/modules/6.18.0-00006-g53d68d37d754/kernel/drivers/staging/media/meson/vdec/meson-vdec.ko
  INSTALL /local/mnt/workspace/AURA_V1/evidence/compile_closure_wcd937x_continuation_20260520_033221/artifacts/modules_dir/lib/modules/6.18.0-00006-g53d68d37d754/kernel/drivers/platform/chrome/cros_typec_switch.ko
  INSTALL /local/mnt/workspace/AURA_V1/evidence/compile_closure_wcd937x_continuation_20260520_033221/artifacts/modules_dir/lib/modules/6.18.0-00006-g53d68d37d754/kernel/drivers/platform/chrome/cros_ec_rpmsg.ko
  STRIP   /local/mnt/workspace/AURA_V1/evidence/compile_closure_wcd937x_continuation_20260520_033221/artifacts/modules_dir/lib/modules/6.18.0-00006-g53d68d37d754/kernel/drivers/staging/vc04_services/vchiq.ko
  STRIP   /local/mnt/workspace/AURA_V1/evidence/compile_closure_wcd937x_continuation_20260520_033221/artifacts/modules_dir/lib/modules/6.18.0-00006-g53d68d37d754/kernel/drivers/staging/vc04_services/bcm2835-audio/snd-bcm2835.ko
  INSTALL /local/mnt/workspace/AURA_V1/evidence/compile_closure_wcd937x_continuation_20260520_033221/artifacts/modules_dir/lib/modules/6.18.0-00006-g53d68d37d754/kernel/drivers/platform/chrome/cros-ec-typec.ko
  INSTALL /local/mnt/workspace/AURA_V1/evidence/compile_closure_wcd937x_continuation_20260520_033221/artifacts/modules_dir/lib/modules/6.18.0-00006-g53d68d37d754/kernel/drivers/platform/chrome/cros_kbd_led_backlight.ko
  STRIP   /local/mnt/workspace/AURA_V1/evidence/compile_closure_wcd937x_continuation_20260520_033221/artifacts/modules_dir/lib/modules/6.18.0-00006-g53d68d37d754/kernel/drivers/platform/chrome/cros_typec_switch.ko
  STRIP   /local/mnt/workspace/AURA_V1/evidence/compile_closure_wcd937x_continuation_20260520_033221/artifacts/modules_dir/lib/modules/6.18.0-00006-g53d68d37d754/kernel/drivers/platform/chrome/cros_ec_rpmsg.ko
  INSTALL /local/mnt/workspace/AURA_V1/evidence/compile_closure_wcd937x_continuation_20260520_033221/artifacts/modules_dir/lib/modules/6.18.0-00006-g53d68d37d754/kernel/drivers/platform/chrome/cros_ec_chardev.ko
  STRIP   /local/mnt/workspace/AURA_V1/evidence/compile_closure_wcd937x_continuation_20260520_033221/artifacts/modules_dir/lib/modules/6.18.0-00006-g53d68d37d754/kernel/drivers/platform/chrome/cros-ec-typec.ko
  INSTALL /local/mnt/workspace/AURA_V1/evidence/compile_closure_wcd937x_continuation_20260520_033221/artifacts/modules_dir/lib/modules/6.18.0-00006-g53d68d37d754/kernel/drivers/mailbox/exynos-mailbox.ko
  STRIP   /local/mnt/workspace/AURA_V1/evidence/compile_closure_wcd937x_continuation_20260520_033221/artifacts/modules_dir/lib/modules/6.18.0-00006-g53d68d37d754/kernel/drivers/platform/chrome/cros_kbd_led_backlight.ko
  STRIP   /local/mnt/workspace/AURA_V1/evidence/compile_closure_wcd937x_continuation_20260520_033221/artifacts/modules_dir/lib/modules/6.18.0-00006-g53d68d37d754/kernel/drivers/platform/chrome/cros_ec_chardev.ko
  INSTALL /local/mnt/workspace/AURA_V1/evidence/compile_closure_wcd937x_continuation_20260520_033221/artifacts/modules_dir/lib/modules/6.18.0-00006-g53d68d37d754/kernel/drivers/mailbox/omap-mailbox.ko
  STRIP   /local/mnt/workspace/AURA_V1/evidence/compile_closure_wcd937x_continuation_20260520_033221/artifacts/modules_dir/lib/modules/6.18.0-00006-g53d68d37d754/kernel/drivers/mailbox/exynos-mailbox.ko
  INSTALL /local/mnt/workspace/AURA_V1/evidence/compile_closure_wcd937x_continuation_20260520_033221/artifacts/modules_dir/lib/modules/6.18.0-00006-g53d68d37d754/kernel/drivers/mailbox/bcm-flexrm-mailbox.ko
  INSTALL /local/mnt/workspace/AURA_V1/evidence/compile_closure_wcd937x_continuation_20260520_033221/artifacts/modules_dir/lib/modules/6.18.0-00006-g53d68d37d754/kernel/drivers/mailbox/mtk-adsp-mailbox.ko
  INSTALL /local/mnt/workspace/AURA_V1/evidence/compile_closure_wcd937x_continuation_20260520_033221/artifacts/modules_dir/lib/modules/6.18.0-00006-g53d68d37d754/kernel/drivers/mailbox/mtk-cmdq-mailbox.ko
  INSTALL /local/mnt/workspace/AURA_V1/evidence/compile_closure_wcd937x_continuation_20260520_033221/artifacts/modules_dir/lib/modules/6.18.0-00006-g53d68d37d754/kernel/drivers/mailbox/qcom-cpucp-mbox.ko
  STRIP   /local/mnt/workspace/AURA_V1/evidence/compile_closure_wcd937x_continuation_20260520_033221/artifacts/modules_dir/lib/modules/6.18.0-00006-g53d68d37d754/kernel/drivers/mailbox/omap-mailbox.ko
  STRIP   /local/mnt/workspace/AURA_V1/evidence/compile_closure_wcd937x_continuation_20260520_033221/artifacts/modules_dir/lib/modules/6.18.0-00006-g53d68d37d754/kernel/drivers/mailbox/bcm-flexrm-mailbox.ko
  STRIP   /local/mnt/workspace/AURA_V1/evidence/compile_closure_wcd937x_continuation_20260520_033221/artifacts/modules_dir/lib/modules/6.18.0-00006-g53d68d37d754/kernel/drivers/mailbox/mtk-adsp-mailbox.ko
  INSTALL /local/mnt/workspace/AURA_V1/evidence/compile_closure_wcd937x_continuation_20260520_033221/artifacts/modules_dir/lib/modules/6.18.0-00006-g53d68d37d754/kernel/drivers/hwspinlock/omap_hwspinlock.ko
  STRIP   /local/mnt/workspace/AURA_V1/evidence/compile_closure_wcd937x_continuation_20260520_033221/artifacts/modules_dir/lib/modules/6.18.0-00006-g53d68d37d754/kernel/drivers/mailbox/mtk-cmdq-mailbox.ko
  STRIP   /local/mnt/workspace/AURA_V1/evidence/compile_closure_wcd937x_continuation_20260520_033221/artifacts/modules_dir/lib/modules/6.18.0-00006-g53d68d37d754/kernel/drivers/mailbox/qcom-cpucp-mbox.ko
  INSTALL /local/mnt/workspace/AURA_V1/evidence/compile_closure_wcd937x_continuation_20260520_033221/artifacts/modules_dir/lib/modules/6.18.0-00006-g53d68d37d754/kernel/drivers/remoteproc/mtk_scp.ko
  STRIP   /local/mnt/workspace/AURA_V1/evidence/compile_closure_wcd937x_continuation_20260520_033221/artifacts/modules_dir/lib/modules/6.18.0-00006-g53d68d37d754/kernel/drivers/hwspinlock/omap_hwspinlock.ko
  INSTALL /local/mnt/workspace/AURA_V1/evidence/compile_closure_wcd937x_continuation_20260520_033221/artifacts/modules_dir/lib/modules/6.18.0-00006-g53d68d37d754/kernel/drivers/remoteproc/mtk_scp_ipi.ko
  INSTALL /local/mnt/workspace/AURA_V1/evidence/compile_closure_wcd937x_continuation_20260520_033221/artifacts/modules_dir/lib/modules/6.18.0-00006-g53d68d37d754/kernel/drivers/remoteproc/pru_rproc.ko
  STRIP   /local/mnt/workspace/AURA_V1/evidence/compile_closure_wcd937x_continuation_20260520_033221/artifacts/modules_dir/lib/modules/6.18.0-00006-g53d68d37d754/kernel/drivers/remoteproc/mtk_scp.ko
  INSTALL /local/mnt/workspace/AURA_V1/evidence/compile_closure_wcd937x_continuation_20260520_033221/artifacts/modules_dir/lib/modules/6.18.0-00006-g53d68d37d754/kernel/drivers/remoteproc/qcom_pil_info.ko
  STRIP   /local/mnt/workspace/AURA_V1/evidence/compile_closure_wcd937x_continuation_20260520_033221/artifacts/modules_dir/lib/modules/6.18.0-00006-g53d68d37d754/kernel/drivers/remoteproc/mtk_scp_ipi.ko
  INSTALL /local/mnt/workspace/AURA_V1/evidence/compile_closure_wcd937x_continuation_20260520_033221/artifacts/modules_dir/lib/modules/6.18.0-00006-g53d68d37d754/kernel/drivers/remoteproc/qcom_common.ko
  STRIP   /local/mnt/workspace/AURA_V1/evidence/compile_closure_wcd937x_continuation_20260520_033221/artifacts/modules_dir/lib/modules/6.18.0-00006-g53d68d37d754/kernel/drivers/remoteproc/pru_rproc.ko
  INSTALL /local/mnt/workspace/AURA_V1/evidence/compile_closure_wcd937x_continuation_20260520_033221/artifacts/modules_dir/lib/modules/6.18.0-00006-g53d68d37d754/kernel/drivers/remoteproc/qcom_q6v5.ko
  STRIP   /local/mnt/workspace/AURA_V1/evidence/compile_closure_wcd937x_continuation_20260520_033221/artifacts/modules_dir/lib/modules/6.18.0-00006-g53d68d37d754/kernel/drivers/remoteproc/qcom_pil_info.ko
  INSTALL /local/mnt/workspace/AURA_V1/evidence/compile_closure_wcd937x_continuation_20260520_033221/artifacts/modules_dir/lib/modules/6.18.0-00006-g53d68d37d754/kernel/drivers/remoteproc/qcom_q6v5_adsp.ko
  INSTALL /local/mnt/workspace/AURA_V1/evidence/compile_closure_wcd937x_continuation_20260520_033221/artifacts/modules_dir/lib/modules/6.18.0-00006-g53d68d37d754/kernel/drivers/remoteproc/qcom_q6v5_mss.ko
  INSTALL /local/mnt/workspace/AURA_V1/evidence/compile_closure_wcd937x_continuation_20260520_033221/artifacts/modules_dir/lib/modules/6.18.0-00006-g53d68d37d754/kernel/drivers/remoteproc/qcom_q6v5_pas.ko
  STRIP   /local/mnt/workspace/AURA_V1/evidence/compile_closure_wcd937x_continuation_20260520_033221/artifacts/modules_dir/lib/modules/6.18.0-00006-g53d68d37d754/kernel/drivers/remoteproc/qcom_common.ko
  STRIP   /local/mnt/workspace/AURA_V1/evidence/compile_closure_wcd937x_continuation_20260520_033221/artifacts/modules_dir/lib/modules/6.18.0-00006-g53d68d37d754/kernel/drivers/remoteproc/qcom_q6v5.ko
  STRIP   /local/mnt/workspace/AURA_V1/evidence/compile_closure_wcd937x_continuation_20260520_033221/artifacts/modules_dir/lib/modules/6.18.0-00006-g53d68d37d754/kernel/drivers/remoteproc/qcom_q6v5_adsp.ko
  INSTALL /local/mnt/workspace/AURA_V1/evidence/compile_closure_wcd937x_continuation_20260520_033221/artifacts/modules_dir/lib/modules/6.18.0-00006-g53d68d37d754/kernel/drivers/remoteproc/qcom_sysmon.ko
  STRIP   /local/mnt/workspace/AURA_V1/evidence/compile_closure_wcd937x_continuation_20260520_033221/artifacts/modules_dir/lib/modules/6.18.0-00006-g53d68d37d754/kernel/drivers/remoteproc/qcom_q6v5_mss.ko
  STRIP   /local/mnt/workspace/AURA_V1/evidence/compile_closure_wcd937x_continuation_20260520_033221/artifacts/modules_dir/lib/modules/6.18.0-00006-g53d68d37d754/kernel/drivers/remoteproc/qcom_q6v5_pas.ko
  INSTALL /local/mnt/workspace/AURA_V1/evidence/compile_closure_wcd937x_continuation_20260520_033221/artifacts/modules_dir/lib/modules/6.18.0-00006-g53d68d37d754/kernel/drivers/remoteproc/qcom_wcnss_pil.ko
  INSTALL /local/mnt/workspace/AURA_V1/evidence/compile_closure_wcd937x_continuation_20260520_033221/artifacts/modules_dir/lib/modules/6.18.0-00006-g53d68d37d754/kernel/drivers/remoteproc/ti_k3_dsp_remoteproc.ko
  STRIP   /local/mnt/workspace/AURA_V1/evidence/compile_closure_wcd937x_continuation_20260520_033221/artifacts/modules_dir/lib/modules/6.18.0-00006-g53d68d37d754/kernel/drivers/remoteproc/qcom_sysmon.ko
  INSTALL /local/mnt/workspace/AURA_V1/evidence/compile_closure_wcd937x_continuation_20260520_033221/artifacts/modules_dir/lib/modules/6.18.0-00006-g53d68d37d754/kernel/drivers/remoteproc/ti_k3_common.ko
  STRIP   /local/mnt/workspace/AURA_V1/evidence/compile_closure_wcd937x_continuation_20260520_033221/artifacts/modules_dir/lib/modules/6.18.0-00006-g53d68d37d754/kernel/drivers/remoteproc/qcom_wcnss_pil.ko
  STRIP   /local/mnt/workspace/AURA_V1/evidence/compile_closure_wcd937x_continuation_20260520_033221/artifacts/modules_dir/lib/modules/6.18.0-00006-g53d68d37d754/kernel/drivers/remoteproc/ti_k3_dsp_remoteproc.ko
  INSTALL /local/mnt/workspace/AURA_V1/evidence/compile_closure_wcd937x_continuation_20260520_033221/artifacts/modules_dir/lib/modules/6.18.0-00006-g53d68d37d754/kernel/drivers/remoteproc/ti_k3_m4_remoteproc.ko
  INSTALL /local/mnt/workspace/AURA_V1/evidence/compile_closure_wcd937x_continuation_20260520_033221/artifacts/modules_dir/lib/modules/6.18.0-00006-g53d68d37d754/kernel/drivers/remoteproc/ti_k3_r5_remoteproc.ko
  STRIP   /local/mnt/workspace/AURA_V1/evidence/compile_closure_wcd937x_continuation_20260520_033221/artifacts/modules_dir/lib/modules/6.18.0-00006-g53d68d37d754/kernel/drivers/remoteproc/ti_k3_common.ko
  INSTALL /local/mnt/workspace/AURA_V1/evidence/compile_closure_wcd937x_continuation_20260520_033221/artifacts/modules_dir/lib/modules/6.18.0-00006-g53d68d37d754/kernel/drivers/rpmsg/rpmsg_char.ko
  STRIP   /local/mnt/workspace/AURA_V1/evidence/compile_closure_wcd937x_continuation_20260520_033221/artifacts/modules_dir/lib/modules/6.18.0-00006-g53d68d37d754/kernel/drivers/remoteproc/ti_k3_m4_remoteproc.ko
  INSTALL /local/mnt/workspace/AURA_V1/evidence/compile_closure_wcd937x_continuation_20260520_033221/artifacts/modules_dir/lib/modules/6.18.0-00006-g53d68d37d754/kernel/drivers/rpmsg/rpmsg_ctrl.ko
  STRIP   /local/mnt/workspace/AURA_V1/evidence/compile_closure_wcd937x_continuation_20260520_033221/artifacts/modules_dir/lib/modules/6.18.0-00006-g53d68d37d754/kernel/drivers/remoteproc/ti_k3_r5_remoteproc.ko
  INSTALL /local/mnt/workspace/AURA_V1/evidence/compile_closure_wcd937x_continuation_20260520_033221/artifacts/modules_dir/lib/modules/6.18.0-00006-g53d68d37d754/kernel/drivers/rpmsg/mtk_rpmsg.ko
  STRIP   /local/mnt/workspace/AURA_V1/evidence/compile_closure_wcd937x_continuation_20260520_033221/artifacts/modules_dir/lib/modules/6.18.0-00006-g53d68d37d754/kernel/drivers/rpmsg/rpmsg_char.ko
  INSTALL /local/mnt/workspace/AURA_V1/evidence/compile_closure_wcd937x_continuation_20260520_033221/artifacts/modules_dir/lib/modules/6.18.0-00006-g53d68d37d754/kernel/drivers/rpmsg/qcom_glink_smem.ko
  INSTALL /local/mnt/workspace/AURA_V1/evidence/compile_closure_wcd937x_continuation_20260520_033221/artifacts/modules_dir/lib/modules/6.18.0-00006-g53d68d37d754/kernel/drivers/devfreq/event/rockchip-dfi.ko
  STRIP   /local/mnt/workspace/AURA_V1/evidence/compile_closure_wcd937x_continuation_20260520_033221/artifacts/modules_dir/lib/modules/6.18.0-00006-g53d68d37d754/kernel/drivers/rpmsg/rpmsg_ctrl.ko
  STRIP   /local/mnt/workspace/AURA_V1/evidence/compile_closure_wcd937x_continuation_20260520_033221/artifacts/modules_dir/lib/modules/6.18.0-00006-g53d68d37d754/kernel/drivers/rpmsg/mtk_rpmsg.ko
  INSTALL /local/mnt/workspace/AURA_V1/evidence/compile_closure_wcd937x_continuation_20260520_033221/artifacts/modules_dir/lib/modules/6.18.0-00006-g53d68d37d754/kernel/drivers/devfreq/governor_passive.ko
  STRIP   /local/mnt/workspace/AURA_V1/evidence/compile_closure_wcd937x_continuation_20260520_033221/artifacts/modules_dir/lib/modules/6.18.0-00006-g53d68d37d754/kernel/drivers/rpmsg/qcom_glink_smem.ko
  INSTALL /local/mnt/workspace/AURA_V1/evidence/compile_closure_wcd937x_continuation_20260520_033221/artifacts/modules_dir/lib/modules/6.18.0-00006-g53d68d37d754/kernel/drivers/devfreq/imx8m-ddrc.ko
  STRIP   /local/mnt/workspace/AURA_V1/evidence/compile_closure_wcd937x_continuation_20260520_033221/artifacts/modules_dir/lib/modules/6.18.0-00006-g53d68d37d754/kernel/drivers/devfreq/event/rockchip-dfi.ko
  INSTALL /local/mnt/workspace/AURA_V1/evidence/compile_closure_wcd937x_continuation_20260520_033221/artifacts/modules_dir/lib/modules/6.18.0-00006-g53d68d37d754/kernel/drivers/devfreq/mtk-cci-devfreq.ko
  STRIP   /local/mnt/workspace/AURA_V1/evidence/compile_closure_wcd937x_continuation_20260520_033221/artifacts/modules_dir/lib/modules/6.18.0-00006-g53d68d37d754/kernel/drivers/devfreq/governor_passive.ko
  INSTALL /local/mnt/workspace/AURA_V1/evidence/compile_closure_wcd937x_continuation_20260520_033221/artifacts/modules_dir/lib/modules/6.18.0-00006-g53d68d37d754/kernel/drivers/extcon/extcon-ptn5150.ko
  INSTALL /local/mnt/workspace/AURA_V1/evidence/compile_closure_wcd937x_continuation_20260520_033221/artifacts/modules_dir/lib/modules/6.18.0-00006-g53d68d37d754/kernel/drivers/memory/renesas-rpc-if.ko
  STRIP   /local/mnt/workspace/AURA_V1/evidence/compile_closure_wcd937x_continuation_20260520_033221/artifacts/modules_dir/lib/modules/6.18.0-00006-g53d68d37d754/kernel/drivers/devfreq/imx8m-ddrc.ko
  STRIP   /local/mnt/workspace/AURA_V1/evidence/compile_closure_wcd937x_continuation_20260520_033221/artifacts/modules_dir/lib/modules/6.18.0-00006-g53d68d37d754/kernel/drivers/devfreq/mtk-cci-devfreq.ko
  STRIP   /local/mnt/workspace/AURA_V1/evidence/compile_closure_wcd937x_continuation_20260520_033221/artifacts/modules_dir/lib/modules/6.18.0-00006-g53d68d37d754/kernel/drivers/extcon/extcon-ptn5150.ko
  STRIP   /local/mnt/workspace/AURA_V1/evidence/compile_closure_wcd937x_continuation_20260520_033221/artifacts/modules_dir/lib/modules/6.18.0-00006-g53d68d37d754/kernel/drivers/memory/renesas-rpc-if.ko
  INSTALL /local/mnt/workspace/AURA_V1/evidence/compile_closure_wcd937x_continuation_20260520_033221/artifacts/modules_dir/lib/modules/6.18.0-00006-g53d68d37d754/kernel/drivers/memory/stm32_omm.ko
  INSTALL /local/mnt/workspace/AURA_V1/evidence/compile_closure_wcd937x_continuation_20260520_033221/artifacts/modules_dir/lib/modules/6.18.0-00006-g53d68d37d754/kernel/drivers/iio/adc/industrialio-adc.ko
  INSTALL /local/mnt/workspace/AURA_V1/evidence/compile_closure_wcd937x_continuation_20260520_033221/artifacts/modules_dir/lib/modules/6.18.0-00006-g53d68d37d754/kernel/drivers/iio/adc/imx8qxp-adc.ko
  INSTALL /local/mnt/workspace/AURA_V1/evidence/compile_closure_wcd937x_continuation_20260520_033221/artifacts/modules_dir/lib/modules/6.18.0-00006-g53d68d37d754/kernel/drivers/iio/adc/imx93_adc.ko
  STRIP   /local/mnt/workspace/AURA_V1/evidence/compile_closure_wcd937x_continuation_20260520_033221/artifacts/modules_dir/lib/modules/6.18.0-00006-g53d68d37d754/kernel/drivers/memory/stm32_omm.ko
  STRIP   /local/mnt/workspace/AURA_V1/evidence/compile_closure_wcd937x_continuation_20260520_033221/artifacts/modules_dir/lib/modules/6.18.0-00006-g53d68d37d754/kernel/drivers/iio/adc/imx8qxp-adc.ko
  STRIP   /local/mnt/workspace/AURA_V1/evidence/compile_closure_wcd937x_continuation_20260520_033221/artifacts/modules_dir/lib/modules/6.18.0-00006-g53d68d37d754/kernel/drivers/iio/adc/industrialio-adc.ko
  INSTALL /local/mnt/workspace/AURA_V1/evidence/compile_closure_wcd937x_continuation_20260520_033221/artifacts/modules_dir/lib/modules/6.18.0-00006-g53d68d37d754/kernel/drivers/iio/adc/max9611.ko
  STRIP   /local/mnt/workspace/AURA_V1/evidence/compile_closure_wcd937x_continuation_20260520_033221/artifacts/modules_dir/lib/modules/6.18.0-00006-g53d68d37d754/kernel/drivers/iio/adc/imx93_adc.ko
  INSTALL /local/mnt/workspace/AURA_V1/evidence/compile_closure_wcd937x_continuation_20260520_033221/artifacts/modules_dir/lib/modules/6.18.0-00006-g53d68d37d754/kernel/drivers/iio/adc/mt6359-auxadc.ko
  INSTALL /local/mnt/workspace/AURA_V1/evidence/compile_closure_wcd937x_continuation_20260520_033221/artifacts/modules_dir/lib/modules/6.18.0-00006-g53d68d37d754/kernel/drivers/iio/adc/mt6577_auxadc.ko
  INSTALL /local/mnt/workspace/AURA_V1/evidence/compile_closure_wcd937x_continuation_20260520_033221/artifacts/modules_dir/lib/modules/6.18.0-00006-g53d68d37d754/kernel/drivers/iio/adc/qcom-spmi-adc5.ko
  STRIP   /local/mnt/workspace/AURA_V1/evidence/compile_closure_wcd937x_continuation_20260520_033221/artifacts/modules_dir/lib/modules/6.18.0-00006-g53d68d37d754/kernel/drivers/iio/adc/mt6359-auxadc.ko
  STRIP   /local/mnt/workspace/AURA_V1/evidence/compile_closure_wcd937x_continuation_20260520_033221/artifacts/modules_dir/lib/modules/6.18.0-00006-g53d68d37d754/kernel/drivers/iio/adc/max9611.ko
  STRIP   /local/mnt/workspace/AURA_V1/evidence/compile_closure_wcd937x_continuation_20260520_033221/artifacts/modules_dir/lib/modules/6.18.0-00006-g53d68d37d754/kernel/drivers/iio/adc/mt6577_auxadc.ko
  STRIP   /local/mnt/workspace/AURA_V1/evidence/compile_closure_wcd937x_continuation_20260520_033221/artifacts/modules_dir/lib/modules/6.18.0-00006-g53d68d37d754/kernel/drivers/iio/adc/qcom-spmi-adc5.ko
  INSTALL /local/mnt/workspace/AURA_V1/evidence/compile_closure_wcd937x_continuation_20260520_033221/artifacts/modules_dir/lib/modules/6.18.0-00006-g53d68d37d754/kernel/drivers/iio/adc/qcom-spmi-vadc.ko
  INSTALL /local/mnt/workspace/AURA_V1/evidence/compile_closure_wcd937x_continuation_20260520_033221/artifacts/modules_dir/lib/modules/6.18.0-00006-g53d68d37d754/kernel/drivers/iio/adc/qcom-vadc-common.ko
  INSTALL /local/mnt/workspace/AURA_V1/evidence/compile_closure_wcd937x_continuation_20260520_033221/artifacts/modules_dir/lib/modules/6.18.0-00006-g53d68d37d754/kernel/drivers/iio/adc/rockchip_saradc.ko
  INSTALL /local/mnt/workspace/AURA_V1/evidence/compile_closure_wcd937x_continuation_20260520_033221/artifacts/modules_dir/lib/modules/6.18.0-00006-g53d68d37d754/kernel/drivers/iio/adc/rzg2l_adc.ko
  INSTALL /local/mnt/workspace/AURA_V1/evidence/compile_closure_wcd937x_continuation_20260520_033221/artifacts/modules_dir/lib/modules/6.18.0-00006-g53d68d37d754/kernel/drivers/iio/adc/sophgo-cv1800b-adc.ko
  STRIP   /local/mnt/workspace/AURA_V1/evidence/compile_closure_wcd937x_continuation_20260520_033221/artifacts/modules_dir/lib/modules/6.18.0-00006-g53d68d37d754/kernel/drivers/iio/adc/qcom-spmi-vadc.ko
  STRIP   /local/mnt/workspace/AURA_V1/evidence/compile_closure_wcd937x_continuation_20260520_033221/artifacts/modules_dir/lib/modules/6.18.0-00006-g53d68d37d754/kernel/drivers/iio/adc/qcom-vadc-common.ko
  STRIP   /local/mnt/workspace/AURA_V1/evidence/compile_closure_wcd937x_continuation_20260520_033221/artifacts/modules_dir/lib/modules/6.18.0-00006-g53d68d37d754/kernel/drivers/iio/adc/rockchip_saradc.ko
  INSTALL /local/mnt/workspace/AURA_V1/evidence/compile_closure_wcd937x_continuation_20260520_033221/artifacts/modules_dir/lib/modules/6.18.0-00006-g53d68d37d754/kernel/drivers/iio/adc/ti-ads1015.ko
  STRIP   /local/mnt/workspace/AURA_V1/evidence/compile_closure_wcd937x_continuation_20260520_033221/artifacts/modules_dir/lib/modules/6.18.0-00006-g53d68d37d754/kernel/drivers/iio/adc/rzg2l_adc.ko
  STRIP   /local/mnt/workspace/AURA_V1/evidence/compile_closure_wcd937x_continuation_20260520_033221/artifacts/modules_dir/lib/modules/6.18.0-00006-g53d68d37d754/kernel/drivers/iio/adc/sophgo-cv1800b-adc.ko
  INSTALL /local/mnt/workspace/AURA_V1/evidence/compile_closure_wcd937x_continuation_20260520_033221/artifacts/modules_dir/lib/modules/6.18.0-00006-g53d68d37d754/kernel/drivers/iio/adc/ti_am335x_adc.ko
  INSTALL /local/mnt/workspace/AURA_V1/evidence/compile_closure_wcd937x_continuation_20260520_033221/artifacts/modules_dir/lib/modules/6.18.0-00006-g53d68d37d754/kernel/drivers/iio/buffer/industrialio-triggered-buffer.ko
  STRIP   /local/mnt/workspace/AURA_V1/evidence/compile_closure_wcd937x_continuation_20260520_033221/artifacts/modules_dir/lib/modules/6.18.0-00006-g53d68d37d754/kernel/drivers/iio/adc/ti-ads1015.ko
  STRIP   /local/mnt/workspace/AURA_V1/evidence/compile_closure_wcd937x_continuation_20260520_033221/artifacts/modules_dir/lib/modules/6.18.0-00006-g53d68d37d754/kernel/drivers/iio/adc/ti_am335x_adc.ko
  STRIP   /local/mnt/workspace/AURA_V1/evidence/compile_closure_wcd937x_continuation_20260520_033221/artifacts/modules_dir/lib/modules/6.18.0-00006-g53d68d37d754/kernel/drivers/iio/buffer/industrialio-triggered-buffer.ko
  INSTALL /local/mnt/workspace/AURA_V1/evidence/compile_closure_wcd937x_continuation_20260520_033221/artifacts/modules_dir/lib/modules/6.18.0-00006-g53d68d37d754/kernel/drivers/iio/buffer/kfifo_buf.ko
  INSTALL /local/mnt/workspace/AURA_V1/evidence/compile_closure_wcd937x_continuation_20260520_033221/artifacts/modules_dir/lib/modules/6.18.0-00006-g53d68d37d754/kernel/drivers/iio/common/cros_ec_sensors/cros-ec-sensors-core.ko
  INSTALL /local/mnt/workspace/AURA_V1/evidence/compile_closure_wcd937x_continuation_20260520_033221/artifacts/modules_dir/lib/modules/6.18.0-00006-g53d68d37d754/kernel/drivers/iio/common/cros_ec_sensors/cros_ec_sensors.ko
  INSTALL /local/mnt/workspace/AURA_V1/evidence/compile_closure_wcd937x_continuation_20260520_033221/artifacts/modules_dir/lib/modules/6.18.0-00006-g53d68d37d754/kernel/drivers/iio/common/st_sensors/st_sensors_i2c.ko
  INSTALL /local/mnt/workspace/AURA_V1/evidence/compile_closure_wcd937x_continuation_20260520_033221/artifacts/modules_dir/lib/modules/6.18.0-00006-g53d68d37d754/kernel/drivers/iio/common/st_sensors/st_sensors_spi.ko
  STRIP   /local/mnt/workspace/AURA_V1/evidence/compile_closure_wcd937x_continuation_20260520_033221/artifacts/modules_dir/lib/modules/6.18.0-00006-g53d68d37d754/kernel/drivers/iio/buffer/kfifo_buf.ko
  STRIP   /local/mnt/workspace/AURA_V1/evidence/compile_closure_wcd937x_continuation_20260520_033221/artifacts/modules_dir/lib/modules/6.18.0-00006-g53d68d37d754/kernel/drivers/iio/common/cros_ec_sensors/cros_ec_sensors.ko
  STRIP   /local/mnt/workspace/AURA_V1/evidence/compile_closure_wcd937x_continuation_20260520_033221/artifacts/modules_dir/lib/modules/6.18.0-00006-g53d68d37d754/kernel/drivers/iio/common/st_sensors/st_sensors_i2c.ko
  STRIP   /local/mnt/workspace/AURA_V1/evidence/compile_closure_wcd937x_continuation_20260520_033221/artifacts/modules_dir/lib/modules/6.18.0-00006-g53d68d37d754/kernel/drivers/iio/common/cros_ec_sensors/cros-ec-sensors-core.ko
  STRIP   /local/mnt/workspace/AURA_V1/evidence/compile_closure_wcd937x_continuation_20260520_033221/artifacts/modules_dir/lib/modules/6.18.0-00006-g53d68d37d754/kernel/drivers/iio/common/st_sensors/st_sensors_spi.ko
  INSTALL /local/mnt/workspace/AURA_V1/evidence/compile_closure_wcd937x_continuation_20260520_033221/artifacts/modules_dir/lib/modules/6.18.0-00006-g53d68d37d754/kernel/drivers/iio/common/st_sensors/st_sensors.ko
  INSTALL /local/mnt/workspace/AURA_V1/evidence/compile_closure_wcd937x_continuation_20260520_033221/artifacts/modules_dir/lib/modules/6.18.0-00006-g53d68d37d754/kernel/drivers/iio/imu/st_lsm6dsx/st_lsm6dsx.ko
  INSTALL /local/mnt/workspace/AURA_V1/evidence/compile_closure_wcd937x_continuation_20260520_033221/artifacts/modules_dir/lib/modules/6.18.0-00006-g53d68d37d754/kernel/drivers/iio/imu/st_lsm6dsx/st_lsm6dsx_i2c.ko
  STRIP   /local/mnt/workspace/AURA_V1/evidence/compile_closure_wcd937x_continuation_20260520_033221/artifacts/modules_dir/lib/modules/6.18.0-00006-g53d68d37d754/kernel/drivers/iio/common/st_sensors/st_sensors.ko
  STRIP   /local/mnt/workspace/AURA_V1/evidence/compile_closure_wcd937x_continuation_20260520_033221/artifacts/modules_dir/lib/modules/6.18.0-00006-g53d68d37d754/kernel/drivers/iio/imu/st_lsm6dsx/st_lsm6dsx.ko
  INSTALL /local/mnt/workspace/AURA_V1/evidence/compile_closure_wcd937x_continuation_20260520_033221/artifacts/modules_dir/lib/modules/6.18.0-00006-g53d68d37d754/kernel/drivers/iio/imu/st_lsm6dsx/st_lsm6dsx_spi.ko
  STRIP   /local/mnt/workspace/AURA_V1/evidence/compile_closure_wcd937x_continuation_20260520_033221/artifacts/modules_dir/lib/modules/6.18.0-00006-g53d68d37d754/kernel/drivers/iio/imu/st_lsm6dsx/st_lsm6dsx_i2c.ko
  INSTALL /local/mnt/workspace/AURA_V1/evidence/compile_closure_wcd937x_continuation_20260520_033221/artifacts/modules_dir/lib/modules/6.18.0-00006-g53d68d37d754/kernel/drivers/iio/light/cros_ec_light_prox.ko
  INSTALL /local/mnt/workspace/AURA_V1/evidence/compile_closure_wcd937x_continuation_20260520_033221/artifacts/modules_dir/lib/modules/6.18.0-00006-g53d68d37d754/kernel/drivers/iio/light/isl29018.ko
  INSTALL /local/mnt/workspace/AURA_V1/evidence/compile_closure_wcd937x_continuation_20260520_033221/artifacts/modules_dir/lib/modules/6.18.0-00006-g53d68d37d754/kernel/drivers/iio/light/vcnl4000.ko
  INSTALL /local/mnt/workspace/AURA_V1/evidence/compile_closure_wcd937x_continuation_20260520_033221/artifacts/modules_dir/lib/modules/6.18.0-00006-g53d68d37d754/kernel/drivers/iio/magnetometer/st_magn.ko
  STRIP   /local/mnt/workspace/AURA_V1/evidence/compile_closure_wcd937x_continuation_20260520_033221/artifacts/modules_dir/lib/modules/6.18.0-00006-g53d68d37d754/kernel/drivers/iio/imu/st_lsm6dsx/st_lsm6dsx_spi.ko
  STRIP   /local/mnt/workspace/AURA_V1/evidence/compile_closure_wcd937x_continuation_20260520_033221/artifacts/modules_dir/lib/modules/6.18.0-00006-g53d68d37d754/kernel/drivers/iio/light/cros_ec_light_prox.ko
  STRIP   /local/mnt/workspace/AURA_V1/evidence/compile_closure_wcd937x_continuation_20260520_033221/artifacts/modules_dir/lib/modules/6.18.0-00006-g53d68d37d754/kernel/drivers/iio/light/vcnl4000.ko
  STRIP   /local/mnt/workspace/AURA_V1/evidence/compile_closure_wcd937x_continuation_20260520_033221/artifacts/modules_dir/lib/modules/6.18.0-00006-g53d68d37d754/kernel/drivers/iio/light/isl29018.ko
  STRIP   /local/mnt/workspace/AURA_V1/evidence/compile_closure_wcd937x_continuation_20260520_033221/artifacts/modules_dir/lib/modules/6.18.0-00006-g53d68d37d754/kernel/drivers/iio/magnetometer/st_magn.ko
  INSTALL /local/mnt/workspace/AURA_V1/evidence/compile_closure_wcd937x_continuation_20260520_033221/artifacts/modules_dir/lib/modules/6.18.0-00006-g53d68d37d754/kernel/drivers/iio/magnetometer/st_magn_i2c.ko
  INSTALL /local/mnt/workspace/AURA_V1/evidence/compile_closure_wcd937x_continuation_20260520_033221/artifacts/modules_dir/lib/modules/6.18.0-00006-g53d68d37d754/kernel/drivers/iio/magnetometer/st_magn_spi.ko
  INSTALL /local/mnt/workspace/AURA_V1/evidence/compile_closure_wcd937x_continuation_20260520_033221/artifacts/modules_dir/lib/modules/6.18.0-00006-g53d68d37d754/kernel/drivers/iio/pressure/cros_ec_baro.ko
  INSTALL /local/mnt/workspace/AURA_V1/evidence/compile_closure_wcd937x_continuation_20260520_033221/artifacts/modules_dir/lib/modules/6.18.0-00006-g53d68d37d754/kernel/drivers/iio/pressure/mpl3115.ko
  STRIP   /local/mnt/workspace/AURA_V1/evidence/compile_closure_wcd937x_continuation_20260520_033221/artifacts/modules_dir/lib/modules/6.18.0-00006-g53d68d37d754/kernel/drivers/iio/magnetometer/st_magn_i2c.ko
  STRIP   /local/mnt/workspace/AURA_V1/evidence/compile_closure_wcd937x_continuation_20260520_033221/artifacts/modules_dir/lib/modules/6.18.0-00006-g53d68d37d754/kernel/drivers/iio/magnetometer/st_magn_spi.ko
  STRIP   /local/mnt/workspace/AURA_V1/evidence/compile_closure_wcd937x_continuation_20260520_033221/artifacts/modules_dir/lib/modules/6.18.0-00006-g53d68d37d754/kernel/drivers/iio/pressure/cros_ec_baro.ko
  INSTALL /local/mnt/workspace/AURA_V1/evidence/compile_closure_wcd937x_continuation_20260520_033221/artifacts/modules_dir/lib/modules/6.18.0-00006-g53d68d37d754/kernel/drivers/iio/trigger/stm32-timer-trigger.ko
  INSTALL /local/mnt/workspace/AURA_V1/evidence/compile_closure_wcd937x_continuation_20260520_033221/artifacts/modules_dir/lib/modules/6.18.0-00006-g53d68d37d754/kernel/drivers/perf/arm-cci.ko
  INSTALL /local/mnt/workspace/AURA_V1/evidence/compile_closure_wcd937x_continuation_20260520_033221/artifacts/modules_dir/lib/modules/6.18.0-00006-g53d68d37d754/kernel/drivers/perf/arm-ccn.ko
  STRIP   /local/mnt/workspace/AURA_V1/evidence/compile_closure_wcd937x_continuation_20260520_033221/artifacts/modules_dir/lib/modules/6.18.0-00006-g53d68d37d754/kernel/drivers/iio/pressure/mpl3115.ko
  INSTALL /local/mnt/workspace/AURA_V1/evidence/compile_closure_wcd937x_continuation_20260520_033221/artifacts/modules_dir/lib/modules/6.18.0-00006-g53d68d37d754/kernel/drivers/perf/arm-cmn.ko
  STRIP   /local/mnt/workspace/AURA_V1/evidence/compile_closure_wcd937x_continuation_20260520_033221/artifacts/modules_dir/lib/modules/6.18.0-00006-g53d68d37d754/kernel/drivers/iio/trigger/stm32-timer-trigger.ko
  STRIP   /local/mnt/workspace/AURA_V1/evidence/compile_closure_wcd937x_continuation_20260520_033221/artifacts/modules_dir/lib/modules/6.18.0-00006-g53d68d37d754/kernel/drivers/perf/arm-cci.ko
  INSTALL /local/mnt/workspace/AURA_V1/evidence/compile_closure_wcd937x_continuation_20260520_033221/artifacts/modules_dir/lib/modules/6.18.0-00006-g53d68d37d754/kernel/drivers/perf/arm_dsu_pmu.ko
  STRIP   /local/mnt/workspace/AURA_V1/evidence/compile_closure_wcd937x_continuation_20260520_033221/artifacts/modules_dir/lib/modules/6.18.0-00006-g53d68d37d754/kernel/drivers/perf/arm-ccn.ko
  STRIP   /local/mnt/workspace/AURA_V1/evidence/compile_closure_wcd937x_continuation_20260520_033221/artifacts/modules_dir/lib/modules/6.18.0-00006-g53d68d37d754/kernel/drivers/perf/arm-cmn.ko
  INSTALL /local/mnt/workspace/AURA_V1/evidence/compile_closure_wcd937x_continuation_20260520_033221/artifacts/modules_dir/lib/modules/6.18.0-00006-g53d68d37d754/kernel/drivers/perf/arm_smmuv3_pmu.ko
  INSTALL /local/mnt/workspace/AURA_V1/evidence/compile_closure_wcd937x_continuation_20260520_033221/artifacts/modules_dir/lib/modules/6.18.0-00006-g53d68d37d754/kernel/drivers/perf/fsl_imx8_ddr_perf.ko
  STRIP   /local/mnt/workspace/AURA_V1/evidence/compile_closure_wcd937x_continuation_20260520_033221/artifacts/modules_dir/lib/modules/6.18.0-00006-g53d68d37d754/kernel/drivers/perf/arm_dsu_pmu.ko
  INSTALL /local/mnt/workspace/AURA_V1/evidence/compile_closure_wcd937x_continuation_20260520_033221/artifacts/modules_dir/lib/modules/6.18.0-00006-g53d68d37d754/kernel/drivers/perf/thunderx2_pmu.ko
  INSTALL /local/mnt/workspace/AURA_V1/evidence/compile_closure_wcd937x_continuation_20260520_033221/artifacts/modules_dir/lib/modules/6.18.0-00006-g53d68d37d754/kernel/drivers/perf/arm_spe_pmu.ko
  STRIP   /local/mnt/workspace/AURA_V1/evidence/compile_closure_wcd937x_continuation_20260520_033221/artifacts/modules_dir/lib/modules/6.18.0-00006-g53d68d37d754/kernel/drivers/perf/arm_smmuv3_pmu.ko
  STRIP   /local/mnt/workspace/AURA_V1/evidence/compile_closure_wcd937x_continuation_20260520_033221/artifacts/modules_dir/lib/modules/6.18.0-00006-g53d68d37d754/kernel/drivers/perf/fsl_imx8_ddr_perf.ko
  INSTALL /local/mnt/workspace/AURA_V1/evidence/compile_closure_wcd937x_continuation_20260520_033221/artifacts/modules_dir/lib/modules/6.18.0-00006-g53d68d37d754/kernel/drivers/perf/arm_dmc620_pmu.ko
  INSTALL /local/mnt/workspace/AURA_V1/evidence/compile_closure_wcd937x_continuation_20260520_033221/artifacts/modules_dir/lib/modules/6.18.0-00006-g53d68d37d754/kernel/drivers/perf/arm_cspmu/arm_cspmu_module.ko
  STRIP   /local/mnt/workspace/AURA_V1/evidence/compile_closure_wcd937x_continuation_20260520_033221/artifacts/modules_dir/lib/modules/6.18.0-00006-g53d68d37d754/kernel/drivers/perf/thunderx2_pmu.ko
  INSTALL /local/mnt/workspace/AURA_V1/evidence/compile_closure_wcd937x_continuation_20260520_033221/artifacts/modules_dir/lib/modules/6.18.0-00006-g53d68d37d754/kernel/drivers/perf/arm_cspmu/nvidia_cspmu.ko
  STRIP   /local/mnt/workspace/AURA_V1/evidence/compile_closure_wcd937x_continuation_20260520_033221/artifacts/modules_dir/lib/modules/6.18.0-00006-g53d68d37d754/kernel/drivers/perf/arm_spe_pmu.ko
  STRIP   /local/mnt/workspace/AURA_V1/evidence/compile_closure_wcd937x_continuation_20260520_033221/artifacts/modules_dir/lib/modules/6.18.0-00006-g53d68d37d754/kernel/drivers/perf/arm_dmc620_pmu.ko
  STRIP   /local/mnt/workspace/AURA_V1/evidence/compile_closure_wcd937x_continuation_20260520_033221/artifacts/modules_dir/lib/modules/6.18.0-00006-g53d68d37d754/kernel/drivers/perf/arm_cspmu/arm_cspmu_module.ko
  STRIP   /local/mnt/workspace/AURA_V1/evidence/compile_closure_wcd937x_continuation_20260520_033221/artifacts/modules_dir/lib/modules/6.18.0-00006-g53d68d37d754/kernel/drivers/perf/arm_cspmu/nvidia_cspmu.ko
  INSTALL /local/mnt/workspace/AURA_V1/evidence/compile_closure_wcd937x_continuation_20260520_033221/artifacts/modules_dir/lib/modules/6.18.0-00006-g53d68d37d754/kernel/drivers/perf/amlogic/meson_ddr_pmu_g12.ko
  INSTALL /local/mnt/workspace/AURA_V1/evidence/compile_closure_wcd937x_continuation_20260520_033221/artifacts/modules_dir/lib/modules/6.18.0-00006-g53d68d37d754/kernel/drivers/nvmem/layouts/sl28vpd.ko
  INSTALL /local/mnt/workspace/AURA_V1/evidence/compile_closure_wcd937x_continuation_20260520_033221/artifacts/modules_dir/lib/modules/6.18.0-00006-g53d68d37d754/kernel/drivers/nvmem/nvmem-imx-ocotp-ele.ko
  INSTALL /local/mnt/workspace/AURA_V1/evidence/compile_closure_wcd937x_continuation_20260520_033221/artifacts/modules_dir/lib/modules/6.18.0-00006-g53d68d37d754/kernel/drivers/nvmem/nvmem-layerscape-sfp.ko
  STRIP   /local/mnt/workspace/AURA_V1/evidence/compile_closure_wcd937x_continuation_20260520_033221/artifacts/modules_dir/lib/modules/6.18.0-00006-g53d68d37d754/kernel/drivers/perf/amlogic/meson_ddr_pmu_g12.ko
  STRIP   /local/mnt/workspace/AURA_V1/evidence/compile_closure_wcd937x_continuation_20260520_033221/artifacts/modules_dir/lib/modules/6.18.0-00006-g53d68d37d754/kernel/drivers/nvmem/layouts/sl28vpd.ko
  STRIP   /local/mnt/workspace/AURA_V1/evidence/compile_closure_wcd937x_continuation_20260520_033221/artifacts/modules_dir/lib/modules/6.18.0-00006-g53d68d37d754/kernel/drivers/nvmem/nvmem-imx-ocotp-ele.ko
  INSTALL /local/mnt/workspace/AURA_V1/evidence/compile_closure_wcd937x_continuation_20260520_033221/artifacts/modules_dir/lib/modules/6.18.0-00006-g53d68d37d754/kernel/drivers/nvmem/nvmem-max77759.ko
  STRIP   /local/mnt/workspace/AURA_V1/evidence/compile_closure_wcd937x_continuation_20260520_033221/artifacts/modules_dir/lib/modules/6.18.0-00006-g53d68d37d754/kernel/drivers/nvmem/nvmem-layerscape-sfp.ko
  INSTALL /local/mnt/workspace/AURA_V1/evidence/compile_closure_wcd937x_continuation_20260520_033221/artifacts/modules_dir/lib/modules/6.18.0-00006-g53d68d37d754/kernel/drivers/nvmem/nvmem_meson_efuse.ko
  INSTALL /local/mnt/workspace/AURA_V1/evidence/compile_closure_wcd937x_continuation_20260520_033221/artifacts/modules_dir/lib/modules/6.18.0-00006-g53d68d37d754/kernel/drivers/nvmem/nvmem_sec_qfprom.ko
  INSTALL /local/mnt/workspace/AURA_V1/evidence/compile_closure_wcd937x_continuation_20260520_033221/artifacts/modules_dir/lib/modules/6.18.0-00006-g53d68d37d754/kernel/drivers/nvmem/nvmem-rmem.ko
  STRIP   /local/mnt/workspace/AURA_V1/evidence/compile_closure_wcd937x_continuation_20260520_033221/artifacts/modules_dir/lib/modules/6.18.0-00006-g53d68d37d754/kernel/drivers/nvmem/nvmem-max77759.ko
  INSTALL /local/mnt/workspace/AURA_V1/evidence/compile_closure_wcd937x_continuation_20260520_033221/artifacts/modules_dir/lib/modules/6.18.0-00006-g53d68d37d754/kernel/drivers/nvmem/nvmem_qcom-spmi-sdam.ko
  STRIP   /local/mnt/workspace/AURA_V1/evidence/compile_closure_wcd937x_continuation_20260520_033221/artifacts/modules_dir/lib/modules/6.18.0-00006-g53d68d37d754/kernel/drivers/nvmem/nvmem_meson_efuse.ko
  STRIP   /local/mnt/workspace/AURA_V1/evidence/compile_closure_wcd937x_continuation_20260520_033221/artifacts/modules_dir/lib/modules/6.18.0-00006-g53d68d37d754/kernel/drivers/nvmem/nvmem_sec_qfprom.ko
  STRIP   /local/mnt/workspace/AURA_V1/evidence/compile_closure_wcd937x_continuation_20260520_033221/artifacts/modules_dir/lib/modules/6.18.0-00006-g53d68d37d754/kernel/drivers/nvmem/nvmem-rmem.ko
  INSTALL /local/mnt/workspace/AURA_V1/evidence/compile_closure_wcd937x_continuation_20260520_033221/artifacts/modules_dir/lib/modules/6.18.0-00006-g53d68d37d754/kernel/drivers/fpga/altera-cvp.ko
  STRIP   /local/mnt/workspace/AURA_V1/evidence/compile_closure_wcd937x_continuation_20260520_033221/artifacts/modules_dir/lib/modules/6.18.0-00006-g53d68d37d754/kernel/drivers/nvmem/nvmem_qcom-spmi-sdam.ko
  INSTALL /local/mnt/workspace/AURA_V1/evidence/compile_closure_wcd937x_continuation_20260520_033221/artifacts/modules_dir/lib/modules/6.18.0-00006-g53d68d37d754/kernel/drivers/fpga/stratix10-soc.ko
  INSTALL /local/mnt/workspace/AURA_V1/evidence/compile_closure_wcd937x_continuation_20260520_033221/artifacts/modules_dir/lib/modules/6.18.0-00006-g53d68d37d754/kernel/drivers/fpga/fpga-bridge.ko
  STRIP   /local/mnt/workspace/AURA_V1/evidence/compile_closure_wcd937x_continuation_20260520_033221/artifacts/modules_dir/lib/modules/6.18.0-00006-g53d68d37d754/kernel/drivers/fpga/altera-cvp.ko
  INSTALL /local/mnt/workspace/AURA_V1/evidence/compile_closure_wcd937x_continuation_20260520_033221/artifacts/modules_dir/lib/modules/6.18.0-00006-g53d68d37d754/kernel/drivers/fpga/altera-freeze-bridge.ko
  STRIP   /local/mnt/workspace/AURA_V1/evidence/compile_closure_wcd937x_continuation_20260520_033221/artifacts/modules_dir/lib/modules/6.18.0-00006-g53d68d37d754/kernel/drivers/fpga/stratix10-soc.ko
  STRIP   /local/mnt/workspace/AURA_V1/evidence/compile_closure_wcd937x_continuation_20260520_033221/artifacts/modules_dir/lib/modules/6.18.0-00006-g53d68d37d754/kernel/drivers/fpga/fpga-bridge.ko
  INSTALL /local/mnt/workspace/AURA_V1/evidence/compile_closure_wcd937x_continuation_20260520_033221/artifacts/modules_dir/lib/modules/6.18.0-00006-g53d68d37d754/kernel/drivers/fpga/fpga-region.ko
  INSTALL /local/mnt/workspace/AURA_V1/evidence/compile_closure_wcd937x_continuation_20260520_033221/artifacts/modules_dir/lib/modules/6.18.0-00006-g53d68d37d754/kernel/drivers/fpga/of-fpga-region.ko
  INSTALL /local/mnt/workspace/AURA_V1/evidence/compile_closure_wcd937x_continuation_20260520_033221/artifacts/modules_dir/lib/modules/6.18.0-00006-g53d68d37d754/kernel/drivers/mux/mux-gpio.ko
  STRIP   /local/mnt/workspace/AURA_V1/evidence/compile_closure_wcd937x_continuation_20260520_033221/artifacts/modules_dir/lib/modules/6.18.0-00006-g53d68d37d754/kernel/drivers/fpga/altera-freeze-bridge.ko
  INSTALL /local/mnt/workspace/AURA_V1/evidence/compile_closure_wcd937x_continuation_20260520_033221/artifacts/modules_dir/lib/modules/6.18.0-00006-g53d68d37d754/kernel/drivers/interconnect/imx/imx8mm-interconnect.ko
  STRIP   /local/mnt/workspace/AURA_V1/evidence/compile_closure_wcd937x_continuation_20260520_033221/artifacts/modules_dir/lib/modules/6.18.0-00006-g53d68d37d754/kernel/drivers/fpga/of-fpga-region.ko
  STRIP   /local/mnt/workspace/AURA_V1/evidence/compile_closure_wcd937x_continuation_20260520_033221/artifacts/modules_dir/lib/modules/6.18.0-00006-g53d68d37d754/kernel/drivers/fpga/fpga-region.ko
  STRIP   /local/mnt/workspace/AURA_V1/evidence/compile_closure_wcd937x_continuation_20260520_033221/artifacts/modules_dir/lib/modules/6.18.0-00006-g53d68d37d754/kernel/drivers/mux/mux-gpio.ko
  INSTALL /local/mnt/workspace/AURA_V1/evidence/compile_closure_wcd937x_continuation_20260520_033221/artifacts/modules_dir/lib/modules/6.18.0-00006-g53d68d37d754/kernel/drivers/interconnect/imx/imx8mq-interconnect.ko
  STRIP   /local/mnt/workspace/AURA_V1/evidence/compile_closure_wcd937x_continuation_20260520_033221/artifacts/modules_dir/lib/modules/6.18.0-00006-g53d68d37d754/kernel/drivers/interconnect/imx/imx8mm-interconnect.ko
  INSTALL /local/mnt/workspace/AURA_V1/evidence/compile_closure_wcd937x_continuation_20260520_033221/artifacts/modules_dir/lib/modules/6.18.0-00006-g53d68d37d754/kernel/drivers/interconnect/imx/imx8mn-interconnect.ko
  INSTALL /local/mnt/workspace/AURA_V1/evidence/compile_closure_wcd937x_continuation_20260520_033221/artifacts/modules_dir/lib/modules/6.18.0-00006-g53d68d37d754/kernel/drivers/interconnect/qcom/qnoc-msm8916.ko
  STRIP   /local/mnt/workspace/AURA_V1/evidence/compile_closure_wcd937x_continuation_20260520_033221/artifacts/modules_dir/lib/modules/6.18.0-00006-g53d68d37d754/kernel/drivers/interconnect/imx/imx8mq-interconnect.ko
  INSTALL /local/mnt/workspace/AURA_V1/evidence/compile_closure_wcd937x_continuation_20260520_033221/artifacts/modules_dir/lib/modules/6.18.0-00006-g53d68d37d754/kernel/drivers/interconnect/qcom/icc-osm-l3.ko
  STRIP   /local/mnt/workspace/AURA_V1/evidence/compile_closure_wcd937x_continuation_20260520_033221/artifacts/modules_dir/lib/modules/6.18.0-00006-g53d68d37d754/kernel/drivers/interconnect/imx/imx8mn-interconnect.ko
  STRIP   /local/mnt/workspace/AURA_V1/evidence/compile_closure_wcd937x_continuation_20260520_033221/artifacts/modules_dir/lib/modules/6.18.0-00006-g53d68d37d754/kernel/drivers/interconnect/qcom/qnoc-msm8916.ko
  INSTALL /local/mnt/workspace/AURA_V1/evidence/compile_closure_wcd937x_continuation_20260520_033221/artifacts/modules_dir/lib/modules/6.18.0-00006-g53d68d37d754/kernel/drivers/interconnect/qcom/qnoc-qcs404.ko
  INSTALL /local/mnt/workspace/AURA_V1/evidence/compile_closure_wcd937x_continuation_20260520_033221/artifacts/modules_dir/lib/modules/6.18.0-00006-g53d68d37d754/kernel/drivers/hte/hte-tegra194-test.ko
  STRIP   /local/mnt/workspace/AURA_V1/evidence/compile_closure_wcd937x_continuation_20260520_033221/artifacts/modules_dir/lib/modules/6.18.0-00006-g53d68d37d754/kernel/drivers/interconnect/qcom/icc-osm-l3.ko
  INSTALL /local/mnt/workspace/AURA_V1/evidence/compile_closure_wcd937x_continuation_20260520_033221/artifacts/modules_dir/lib/modules/6.18.0-00006-g53d68d37d754/kernel/drivers/slimbus/slimbus.ko
  INSTALL /local/mnt/workspace/AURA_V1/evidence/compile_closure_wcd937x_continuation_20260520_033221/artifacts/modules_dir/lib/modules/6.18.0-00006-g53d68d37d754/kernel/drivers/slimbus/slim-qcom-ngd-ctrl.ko
  STRIP   /local/mnt/workspace/AURA_V1/evidence/compile_closure_wcd937x_continuation_20260520_033221/artifacts/modules_dir/lib/modules/6.18.0-00006-g53d68d37d754/kernel/drivers/interconnect/qcom/qnoc-qcs404.ko
  STRIP   /local/mnt/workspace/AURA_V1/evidence/compile_closure_wcd937x_continuation_20260520_033221/artifacts/modules_dir/lib/modules/6.18.0-00006-g53d68d37d754/kernel/drivers/hte/hte-tegra194-test.ko
  INSTALL /local/mnt/workspace/AURA_V1/evidence/compile_closure_wcd937x_continuation_20260520_033221/artifacts/modules_dir/lib/modules/6.18.0-00006-g53d68d37d754/kernel/drivers/bluetooth/hci_uart.ko
  STRIP   /local/mnt/workspace/AURA_V1/evidence/compile_closure_wcd937x_continuation_20260520_033221/artifacts/modules_dir/lib/modules/6.18.0-00006-g53d68d37d754/kernel/drivers/slimbus/slimbus.ko
  STRIP   /local/mnt/workspace/AURA_V1/evidence/compile_closure_wcd937x_continuation_20260520_033221/artifacts/modules_dir/lib/modules/6.18.0-00006-g53d68d37d754/kernel/drivers/slimbus/slim-qcom-ngd-ctrl.ko
  INSTALL /local/mnt/workspace/AURA_V1/evidence/compile_closure_wcd937x_continuation_20260520_033221/artifacts/modules_dir/lib/modules/6.18.0-00006-g53d68d37d754/kernel/drivers/bluetooth/btusb.ko
  INSTALL /local/mnt/workspace/AURA_V1/evidence/compile_closure_wcd937x_continuation_20260520_033221/artifacts/modules_dir/lib/modules/6.18.0-00006-g53d68d37d754/kernel/drivers/bluetooth/btintel.ko
  INSTALL /local/mnt/workspace/AURA_V1/evidence/compile_closure_wcd937x_continuation_20260520_033221/artifacts/modules_dir/lib/modules/6.18.0-00006-g53d68d37d754/kernel/drivers/bluetooth/btmrvl.ko
  STRIP   /local/mnt/workspace/AURA_V1/evidence/compile_closure_wcd937x_continuation_20260520_033221/artifacts/modules_dir/lib/modules/6.18.0-00006-g53d68d37d754/kernel/drivers/bluetooth/hci_uart.ko
  STRIP   /local/mnt/workspace/AURA_V1/evidence/compile_closure_wcd937x_continuation_20260520_033221/artifacts/modules_dir/lib/modules/6.18.0-00006-g53d68d37d754/kernel/drivers/bluetooth/btusb.ko
  STRIP   /local/mnt/workspace/AURA_V1/evidence/compile_closure_wcd937x_continuation_20260520_033221/artifacts/modules_dir/lib/modules/6.18.0-00006-g53d68d37d754/kernel/drivers/bluetooth/btintel.ko
  STRIP   /local/mnt/workspace/AURA_V1/evidence/compile_closure_wcd937x_continuation_20260520_033221/artifacts/modules_dir/lib/modules/6.18.0-00006-g53d68d37d754/kernel/drivers/bluetooth/btmrvl.ko
  INSTALL /local/mnt/workspace/AURA_V1/evidence/compile_closure_wcd937x_continuation_20260520_033221/artifacts/modules_dir/lib/modules/6.18.0-00006-g53d68d37d754/kernel/drivers/bluetooth/btmrvl_sdio.ko
  INSTALL /local/mnt/workspace/AURA_V1/evidence/compile_closure_wcd937x_continuation_20260520_033221/artifacts/modules_dir/lib/modules/6.18.0-00006-g53d68d37d754/kernel/drivers/bluetooth/btqcomsmd.ko
  INSTALL /local/mnt/workspace/AURA_V1/evidence/compile_closure_wcd937x_continuation_20260520_033221/artifacts/modules_dir/lib/modules/6.18.0-00006-g53d68d37d754/kernel/drivers/bluetooth/btbcm.ko
  INSTALL /local/mnt/workspace/AURA_V1/evidence/compile_closure_wcd937x_continuation_20260520_033221/artifacts/modules_dir/lib/modules/6.18.0-00006-g53d68d37d754/kernel/drivers/bluetooth/btrtl.ko
  STRIP   /local/mnt/workspace/AURA_V1/evidence/compile_closure_wcd937x_continuation_20260520_033221/artifacts/modules_dir/lib/modules/6.18.0-00006-g53d68d37d754/kernel/drivers/bluetooth/btmrvl_sdio.ko
  STRIP   /local/mnt/workspace/AURA_V1/evidence/compile_closure_wcd937x_continuation_20260520_033221/artifacts/modules_dir/lib/modules/6.18.0-00006-g53d68d37d754/kernel/drivers/bluetooth/btqcomsmd.ko
  STRIP   /local/mnt/workspace/AURA_V1/evidence/compile_closure_wcd937x_continuation_20260520_033221/artifacts/modules_dir/lib/modules/6.18.0-00006-g53d68d37d754/kernel/drivers/bluetooth/btbcm.ko
  STRIP   /local/mnt/workspace/AURA_V1/evidence/compile_closure_wcd937x_continuation_20260520_033221/artifacts/modules_dir/lib/modules/6.18.0-00006-g53d68d37d754/kernel/drivers/bluetooth/btrtl.ko
  INSTALL /local/mnt/workspace/AURA_V1/evidence/compile_closure_wcd937x_continuation_20260520_033221/artifacts/modules_dir/lib/modules/6.18.0-00006-g53d68d37d754/kernel/drivers/bluetooth/btqca.ko
  INSTALL /local/mnt/workspace/AURA_V1/evidence/compile_closure_wcd937x_continuation_20260520_033221/artifacts/modules_dir/lib/modules/6.18.0-00006-g53d68d37d754/kernel/drivers/bluetooth/btmtk.ko
  INSTALL /local/mnt/workspace/AURA_V1/evidence/compile_closure_wcd937x_continuation_20260520_033221/artifacts/modules_dir/lib/modules/6.18.0-00006-g53d68d37d754/kernel/drivers/bluetooth/btnxpuart.ko
  INSTALL /local/mnt/workspace/AURA_V1/evidence/compile_closure_wcd937x_continuation_20260520_033221/artifacts/modules_dir/lib/modules/6.18.0-00006-g53d68d37d754/kernel/drivers/bluetooth/btrsi.ko
  STRIP   /local/mnt/workspace/AURA_V1/evidence/compile_closure_wcd937x_continuation_20260520_033221/artifacts/modules_dir/lib/modules/6.18.0-00006-g53d68d37d754/kernel/drivers/bluetooth/btqca.ko
  INSTALL /local/mnt/workspace/AURA_V1/evidence/compile_closure_wcd937x_continuation_20260520_033221/artifacts/modules_dir/lib/modules/6.18.0-00006-g53d68d37d754/kernel/drivers/greybus/greybus.ko
  STRIP   /local/mnt/workspace/AURA_V1/evidence/compile_closure_wcd937x_continuation_20260520_033221/artifacts/modules_dir/lib/modules/6.18.0-00006-g53d68d37d754/kernel/drivers/bluetooth/btmtk.ko
  STRIP   /local/mnt/workspace/AURA_V1/evidence/compile_closure_wcd937x_continuation_20260520_033221/artifacts/modules_dir/lib/modules/6.18.0-00006-g53d68d37d754/kernel/drivers/bluetooth/btnxpuart.ko
  STRIP   /local/mnt/workspace/AURA_V1/evidence/compile_closure_wcd937x_continuation_20260520_033221/artifacts/modules_dir/lib/modules/6.18.0-00006-g53d68d37d754/kernel/drivers/bluetooth/btrsi.ko
  INSTALL /local/mnt/workspace/AURA_V1/evidence/compile_closure_wcd937x_continuation_20260520_033221/artifacts/modules_dir/lib/modules/6.18.0-00006-g53d68d37d754/kernel/drivers/greybus/gb-beagleplay.ko
  INSTALL /local/mnt/workspace/AURA_V1/evidence/compile_closure_wcd937x_continuation_20260520_033221/artifacts/modules_dir/lib/modules/6.18.0-00006-g53d68d37d754/kernel/drivers/soundwire/soundwire-bus.ko
  INSTALL /local/mnt/workspace/AURA_V1/evidence/compile_closure_wcd937x_continuation_20260520_033221/artifacts/modules_dir/lib/modules/6.18.0-00006-g53d68d37d754/kernel/drivers/soundwire/soundwire-qcom.ko
  STRIP   /local/mnt/workspace/AURA_V1/evidence/compile_closure_wcd937x_continuation_20260520_033221/artifacts/modules_dir/lib/modules/6.18.0-00006-g53d68d37d754/kernel/drivers/greybus/greybus.ko
  INSTALL /local/mnt/workspace/AURA_V1/evidence/compile_closure_wcd937x_continuation_20260520_033221/artifacts/modules_dir/lib/modules/6.18.0-00006-g53d68d37d754/kernel/drivers/hwtracing/coresight/coresight.ko
  STRIP   /local/mnt/workspace/AURA_V1/evidence/compile_closure_wcd937x_continuation_20260520_033221/artifacts/modules_dir/lib/modules/6.18.0-00006-g53d68d37d754/kernel/drivers/greybus/gb-beagleplay.ko
  INSTALL /local/mnt/workspace/AURA_V1/evidence/compile_closure_wcd937x_continuation_20260520_033221/artifacts/modules_dir/lib/modules/6.18.0-00006-g53d68d37d754/kernel/drivers/hwtracing/coresight/coresight-tmc.ko
  STRIP   /local/mnt/workspace/AURA_V1/evidence/compile_closure_wcd937x_continuation_20260520_033221/artifacts/modules_dir/lib/modules/6.18.0-00006-g53d68d37d754/kernel/drivers/soundwire/soundwire-bus.ko
  STRIP   /local/mnt/workspace/AURA_V1/evidence/compile_closure_wcd937x_continuation_20260520_033221/artifacts/modules_dir/lib/modules/6.18.0-00006-g53d68d37d754/kernel/drivers/soundwire/soundwire-qcom.ko
  INSTALL /local/mnt/workspace/AURA_V1/evidence/compile_closure_wcd937x_continuation_20260520_033221/artifacts/modules_dir/lib/modules/6.18.0-00006-g53d68d37d754/kernel/drivers/hwtracing/coresight/coresight-tpiu.ko
  INSTALL /local/mnt/workspace/AURA_V1/evidence/compile_closure_wcd937x_continuation_20260520_033221/artifacts/modules_dir/lib/modules/6.18.0-00006-g53d68d37d754/kernel/drivers/hwtracing/coresight/coresight-etb10.ko
  STRIP   /local/mnt/workspace/AURA_V1/evidence/compile_closure_wcd937x_continuation_20260520_033221/artifacts/modules_dir/lib/modules/6.18.0-00006-g53d68d37d754/kernel/drivers/hwtracing/coresight/coresight.ko
  STRIP   /local/mnt/workspace/AURA_V1/evidence/compile_closure_wcd937x_continuation_20260520_033221/artifacts/modules_dir/lib/modules/6.18.0-00006-g53d68d37d754/kernel/drivers/hwtracing/coresight/coresight-tmc.ko
  INSTALL /local/mnt/workspace/AURA_V1/evidence/compile_closure_wcd937x_continuation_20260520_033221/artifacts/modules_dir/lib/modules/6.18.0-00006-g53d68d37d754/kernel/drivers/hwtracing/coresight/coresight-funnel.ko
  INSTALL /local/mnt/workspace/AURA_V1/evidence/compile_closure_wcd937x_continuation_20260520_033221/artifacts/modules_dir/lib/modules/6.18.0-00006-g53d68d37d754/kernel/drivers/hwtracing/coresight/coresight-replicator.ko
  STRIP   /local/mnt/workspace/AURA_V1/evidence/compile_closure_wcd937x_continuation_20260520_033221/artifacts/modules_dir/lib/modules/6.18.0-00006-g53d68d37d754/kernel/drivers/hwtracing/coresight/coresight-tpiu.ko
  STRIP   /local/mnt/workspace/AURA_V1/evidence/compile_closure_wcd937x_continuation_20260520_033221/artifacts/modules_dir/lib/modules/6.18.0-00006-g53d68d37d754/kernel/drivers/hwtracing/coresight/coresight-etb10.ko
  INSTALL /local/mnt/workspace/AURA_V1/evidence/compile_closure_wcd937x_continuation_20260520_033221/artifacts/modules_dir/lib/modules/6.18.0-00006-g53d68d37d754/kernel/drivers/hwtracing/coresight/coresight-stm.ko
  STRIP   /local/mnt/workspace/AURA_V1/evidence/compile_closure_wcd937x_continuation_20260520_033221/artifacts/modules_dir/lib/modules/6.18.0-00006-g53d68d37d754/kernel/drivers/hwtracing/coresight/coresight-funnel.ko
  INSTALL /local/mnt/workspace/AURA_V1/evidence/compile_closure_wcd937x_continuation_20260520_033221/artifacts/modules_dir/lib/modules/6.18.0-00006-g53d68d37d754/kernel/drivers/hwtracing/coresight/coresight-cpu-debug.ko
  STRIP   /local/mnt/workspace/AURA_V1/evidence/compile_closure_wcd937x_continuation_20260520_033221/artifacts/modules_dir/lib/modules/6.18.0-00006-g53d68d37d754/kernel/drivers/hwtracing/coresight/coresight-replicator.ko
  INSTALL /local/mnt/workspace/AURA_V1/evidence/compile_closure_wcd937x_continuation_20260520_033221/artifacts/modules_dir/lib/modules/6.18.0-00006-g53d68d37d754/kernel/drivers/hwtracing/coresight/coresight-catu.ko
  INSTALL /local/mnt/workspace/AURA_V1/evidence/compile_closure_wcd937x_continuation_20260520_033221/artifacts/modules_dir/lib/modules/6.18.0-00006-g53d68d37d754/kernel/drivers/hwtracing/coresight/coresight-cti.ko
  STRIP   /local/mnt/workspace/AURA_V1/evidence/compile_closure_wcd937x_continuation_20260520_033221/artifacts/modules_dir/lib/modules/6.18.0-00006-g53d68d37d754/kernel/drivers/hwtracing/coresight/coresight-stm.ko
  INSTALL /local/mnt/workspace/AURA_V1/evidence/compile_closure_wcd937x_continuation_20260520_033221/artifacts/modules_dir/lib/modules/6.18.0-00006-g53d68d37d754/kernel/drivers/hwtracing/stm/stm_core.ko
  INSTALL /local/mnt/workspace/AURA_V1/evidence/compile_closure_wcd937x_continuation_20260520_033221/artifacts/modules_dir/lib/modules/6.18.0-00006-g53d68d37d754/kernel/drivers/gnss/gnss.ko
  STRIP   /local/mnt/workspace/AURA_V1/evidence/compile_closure_wcd937x_continuation_20260520_033221/artifacts/modules_dir/lib/modules/6.18.0-00006-g53d68d37d754/kernel/drivers/hwtracing/coresight/coresight-cpu-debug.ko
  STRIP   /local/mnt/workspace/AURA_V1/evidence/compile_closure_wcd937x_continuation_20260520_033221/artifacts/modules_dir/lib/modules/6.18.0-00006-g53d68d37d754/kernel/drivers/hwtracing/coresight/coresight-catu.ko
  STRIP   /local/mnt/workspace/AURA_V1/evidence/compile_closure_wcd937x_continuation_20260520_033221/artifacts/modules_dir/lib/modules/6.18.0-00006-g53d68d37d754/kernel/drivers/hwtracing/coresight/coresight-cti.ko
  STRIP   /local/mnt/workspace/AURA_V1/evidence/compile_closure_wcd937x_continuation_20260520_033221/artifacts/modules_dir/lib/modules/6.18.0-00006-g53d68d37d754/kernel/drivers/hwtracing/stm/stm_core.ko
  INSTALL /local/mnt/workspace/AURA_V1/evidence/compile_closure_wcd937x_continuation_20260520_033221/artifacts/modules_dir/lib/modules/6.18.0-00006-g53d68d37d754/kernel/drivers/gnss/gnss-serial.ko
  STRIP   /local/mnt/workspace/AURA_V1/evidence/compile_closure_wcd937x_continuation_20260520_033221/artifacts/modules_dir/lib/modules/6.18.0-00006-g53d68d37d754/kernel/drivers/gnss/gnss.ko
  INSTALL /local/mnt/workspace/AURA_V1/evidence/compile_closure_wcd937x_continuation_20260520_033221/artifacts/modules_dir/lib/modules/6.18.0-00006-g53d68d37d754/kernel/drivers/gnss/gnss-mtk.ko
  INSTALL /local/mnt/workspace/AURA_V1/evidence/compile_closure_wcd937x_continuation_20260520_033221/artifacts/modules_dir/lib/modules/6.18.0-00006-g53d68d37d754/kernel/drivers/counter/counter.ko
  STRIP   /local/mnt/workspace/AURA_V1/evidence/compile_closure_wcd937x_continuation_20260520_033221/artifacts/modules_dir/lib/modules/6.18.0-00006-g53d68d37d754/kernel/drivers/gnss/gnss-serial.ko
  INSTALL /local/mnt/workspace/AURA_V1/evidence/compile_closure_wcd937x_continuation_20260520_033221/artifacts/modules_dir/lib/modules/6.18.0-00006-g53d68d37d754/kernel/drivers/counter/rz-mtu3-cnt.ko
  STRIP   /local/mnt/workspace/AURA_V1/evidence/compile_closure_wcd937x_continuation_20260520_033221/artifacts/modules_dir/lib/modules/6.18.0-00006-g53d68d37d754/kernel/drivers/gnss/gnss-mtk.ko
  INSTALL /local/mnt/workspace/AURA_V1/evidence/compile_closure_wcd937x_continuation_20260520_033221/artifacts/modules_dir/lib/modules/6.18.0-00006-g53d68d37d754/kernel/drivers/counter/stm32-timer-cnt.ko
  STRIP   /local/mnt/workspace/AURA_V1/evidence/compile_closure_wcd937x_continuation_20260520_033221/artifacts/modules_dir/lib/modules/6.18.0-00006-g53d68d37d754/kernel/drivers/counter/counter.ko
  INSTALL /local/mnt/workspace/AURA_V1/evidence/compile_closure_wcd937x_continuation_20260520_033221/artifacts/modules_dir/lib/modules/6.18.0-00006-g53d68d37d754/kernel/drivers/counter/ti-eqep.ko
  STRIP   /local/mnt/workspace/AURA_V1/evidence/compile_closure_wcd937x_continuation_20260520_033221/artifacts/modules_dir/lib/modules/6.18.0-00006-g53d68d37d754/kernel/drivers/counter/rz-mtu3-cnt.ko
  INSTALL /local/mnt/workspace/AURA_V1/evidence/compile_closure_wcd937x_continuation_20260520_033221/artifacts/modules_dir/lib/modules/6.18.0-00006-g53d68d37d754/kernel/sound/soundcore.ko
  INSTALL /local/mnt/workspace/AURA_V1/evidence/compile_closure_wcd937x_continuation_20260520_033221/artifacts/modules_dir/lib/modules/6.18.0-00006-g53d68d37d754/kernel/sound/core/snd.ko
  STRIP   /local/mnt/workspace/AURA_V1/evidence/compile_closure_wcd937x_continuation_20260520_033221/artifacts/modules_dir/lib/modules/6.18.0-00006-g53d68d37d754/kernel/drivers/counter/stm32-timer-cnt.ko
  STRIP   /local/mnt/workspace/AURA_V1/evidence/compile_closure_wcd937x_continuation_20260520_033221/artifacts/modules_dir/lib/modules/6.18.0-00006-g53d68d37d754/kernel/drivers/counter/ti-eqep.ko
  INSTALL /local/mnt/workspace/AURA_V1/evidence/compile_closure_wcd937x_continuation_20260520_033221/artifacts/modules_dir/lib/modules/6.18.0-00006-g53d68d37d754/kernel/sound/core/snd-timer.ko
  STRIP   /local/mnt/workspace/AURA_V1/evidence/compile_closure_wcd937x_continuation_20260520_033221/artifacts/modules_dir/lib/modules/6.18.0-00006-g53d68d37d754/kernel/sound/soundcore.ko
  INSTALL /local/mnt/workspace/AURA_V1/evidence/compile_closure_wcd937x_continuation_20260520_033221/artifacts/modules_dir/lib/modules/6.18.0-00006-g53d68d37d754/kernel/sound/core/snd-pcm.ko
  INSTALL /local/mnt/workspace/AURA_V1/evidence/compile_closure_wcd937x_continuation_20260520_033221/artifacts/modules_dir/lib/modules/6.18.0-00006-g53d68d37d754/kernel/sound/core/snd-pcm-dmaengine.ko
  STRIP   /local/mnt/workspace/AURA_V1/evidence/compile_closure_wcd937x_continuation_20260520_033221/artifacts/modules_dir/lib/modules/6.18.0-00006-g53d68d37d754/kernel/sound/core/snd.ko
  STRIP   /local/mnt/workspace/AURA_V1/evidence/compile_closure_wcd937x_continuation_20260520_033221/artifacts/modules_dir/lib/modules/6.18.0-00006-g53d68d37d754/kernel/sound/core/snd-timer.ko
  INSTALL /local/mnt/workspace/AURA_V1/evidence/compile_closure_wcd937x_continuation_20260520_033221/artifacts/modules_dir/lib/modules/6.18.0-00006-g53d68d37d754/kernel/sound/core/snd-compress.ko
  STRIP   /local/mnt/workspace/AURA_V1/evidence/compile_closure_wcd937x_continuation_20260520_033221/artifacts/modules_dir/lib/modules/6.18.0-00006-g53d68d37d754/kernel/sound/core/snd-pcm-dmaengine.ko
  STRIP   /local/mnt/workspace/AURA_V1/evidence/compile_closure_wcd937x_continuation_20260520_033221/artifacts/modules_dir/lib/modules/6.18.0-00006-g53d68d37d754/kernel/sound/core/snd-pcm.ko
  INSTALL /local/mnt/workspace/AURA_V1/evidence/compile_closure_wcd937x_continuation_20260520_033221/artifacts/modules_dir/lib/modules/6.18.0-00006-g53d68d37d754/kernel/sound/drivers/snd-aloop.ko
  INSTALL /local/mnt/workspace/AURA_V1/evidence/compile_closure_wcd937x_continuation_20260520_033221/artifacts/modules_dir/lib/modules/6.18.0-00006-g53d68d37d754/kernel/sound/soc/snd-soc-core.ko
  STRIP   /local/mnt/workspace/AURA_V1/evidence/compile_closure_wcd937x_continuation_20260520_033221/artifacts/modules_dir/lib/modules/6.18.0-00006-g53d68d37d754/kernel/sound/core/snd-compress.ko
  INSTALL /local/mnt/workspace/AURA_V1/evidence/compile_closure_wcd937x_continuation_20260520_033221/artifacts/modules_dir/lib/modules/6.18.0-00006-g53d68d37d754/kernel/sound/soc/codecs/snd-soc-adau7002.ko
  INSTALL /local/mnt/workspace/AURA_V1/evidence/compile_closure_wcd937x_continuation_20260520_033221/artifacts/modules_dir/lib/modules/6.18.0-00006-g53d68d37d754/kernel/sound/soc/codecs/snd-soc-ak4613.ko
  STRIP   /local/mnt/workspace/AURA_V1/evidence/compile_closure_wcd937x_continuation_20260520_033221/artifacts/modules_dir/lib/modules/6.18.0-00006-g53d68d37d754/kernel/sound/drivers/snd-aloop.ko
  INSTALL /local/mnt/workspace/AURA_V1/evidence/compile_closure_wcd937x_continuation_20260520_033221/artifacts/modules_dir/lib/modules/6.18.0-00006-g53d68d37d754/kernel/sound/soc/codecs/snd-soc-ak4619.ko
  STRIP   /local/mnt/workspace/AURA_V1/evidence/compile_closure_wcd937x_continuation_20260520_033221/artifacts/modules_dir/lib/modules/6.18.0-00006-g53d68d37d754/kernel/sound/soc/snd-soc-core.ko
  STRIP   /local/mnt/workspace/AURA_V1/evidence/compile_closure_wcd937x_continuation_20260520_033221/artifacts/modules_dir/lib/modules/6.18.0-00006-g53d68d37d754/kernel/sound/soc/codecs/snd-soc-adau7002.ko
  INSTALL /local/mnt/workspace/AURA_V1/evidence/compile_closure_wcd937x_continuation_20260520_033221/artifacts/modules_dir/lib/modules/6.18.0-00006-g53d68d37d754/kernel/sound/soc/codecs/snd-soc-bt-sco.ko
  STRIP   /local/mnt/workspace/AURA_V1/evidence/compile_closure_wcd937x_continuation_20260520_033221/artifacts/modules_dir/lib/modules/6.18.0-00006-g53d68d37d754/kernel/sound/soc/codecs/snd-soc-ak4613.ko
  STRIP   /local/mnt/workspace/AURA_V1/evidence/compile_closure_wcd937x_continuation_20260520_033221/artifacts/modules_dir/lib/modules/6.18.0-00006-g53d68d37d754/kernel/sound/soc/codecs/snd-soc-ak4619.ko
  INSTALL /local/mnt/workspace/AURA_V1/evidence/compile_closure_wcd937x_continuation_20260520_033221/artifacts/modules_dir/lib/modules/6.18.0-00006-g53d68d37d754/kernel/sound/soc/codecs/snd-soc-cros-ec-codec.ko
  STRIP   /local/mnt/workspace/AURA_V1/evidence/compile_closure_wcd937x_continuation_20260520_033221/artifacts/modules_dir/lib/modules/6.18.0-00006-g53d68d37d754/kernel/sound/soc/codecs/snd-soc-bt-sco.ko
  INSTALL /local/mnt/workspace/AURA_V1/evidence/compile_closure_wcd937x_continuation_20260520_033221/artifacts/modules_dir/lib/modules/6.18.0-00006-g53d68d37d754/kernel/sound/soc/codecs/snd-soc-da7213.ko
  INSTALL /local/mnt/workspace/AURA_V1/evidence/compile_closure_wcd937x_continuation_20260520_033221/artifacts/modules_dir/lib/modules/6.18.0-00006-g53d68d37d754/kernel/sound/soc/codecs/snd-soc-da7219.ko
  STRIP   /local/mnt/workspace/AURA_V1/evidence/compile_closure_wcd937x_continuation_20260520_033221/artifacts/modules_dir/lib/modules/6.18.0-00006-g53d68d37d754/kernel/sound/soc/codecs/snd-soc-cros-ec-codec.ko
  STRIP   /local/mnt/workspace/AURA_V1/evidence/compile_closure_wcd937x_continuation_20260520_033221/artifacts/modules_dir/lib/modules/6.18.0-00006-g53d68d37d754/kernel/sound/soc/codecs/snd-soc-da7213.ko
  INSTALL /local/mnt/workspace/AURA_V1/evidence/compile_closure_wcd937x_continuation_20260520_033221/artifacts/modules_dir/lib/modules/6.18.0-00006-g53d68d37d754/kernel/sound/soc/codecs/snd-soc-dmic.ko
  STRIP   /local/mnt/workspace/AURA_V1/evidence/compile_closure_wcd937x_continuation_20260520_033221/artifacts/modules_dir/lib/modules/6.18.0-00006-g53d68d37d754/kernel/sound/soc/codecs/snd-soc-da7219.ko
  INSTALL /local/mnt/workspace/AURA_V1/evidence/compile_closure_wcd937x_continuation_20260520_033221/artifacts/modules_dir/lib/modules/6.18.0-00006-g53d68d37d754/kernel/sound/soc/codecs/snd-soc-es7134.ko
  INSTALL /local/mnt/workspace/AURA_V1/evidence/compile_closure_wcd937x_continuation_20260520_033221/artifacts/modules_dir/lib/modules/6.18.0-00006-g53d68d37d754/kernel/sound/soc/codecs/snd-soc-es7241.ko
  INSTALL /local/mnt/workspace/AURA_V1/evidence/compile_closure_wcd937x_continuation_20260520_033221/artifacts/modules_dir/lib/modules/6.18.0-00006-g53d68d37d754/kernel/sound/soc/codecs/snd-soc-es8316.ko
  INSTALL /local/mnt/workspace/AURA_V1/evidence/compile_closure_wcd937x_continuation_20260520_033221/artifacts/modules_dir/lib/modules/6.18.0-00006-g53d68d37d754/kernel/sound/soc/codecs/snd-soc-es8326.ko
  INSTALL /local/mnt/workspace/AURA_V1/evidence/compile_closure_wcd937x_continuation_20260520_033221/artifacts/modules_dir/lib/modules/6.18.0-00006-g53d68d37d754/kernel/sound/soc/codecs/snd-soc-es8328.ko
  STRIP   /local/mnt/workspace/AURA_V1/evidence/compile_closure_wcd937x_continuation_20260520_033221/artifacts/modules_dir/lib/modules/6.18.0-00006-g53d68d37d754/kernel/sound/soc/codecs/snd-soc-dmic.ko
  STRIP   /local/mnt/workspace/AURA_V1/evidence/compile_closure_wcd937x_continuation_20260520_033221/artifacts/modules_dir/lib/modules/6.18.0-00006-g53d68d37d754/kernel/sound/soc/codecs/snd-soc-es7134.ko
  STRIP   /local/mnt/workspace/AURA_V1/evidence/compile_closure_wcd937x_continuation_20260520_033221/artifacts/modules_dir/lib/modules/6.18.0-00006-g53d68d37d754/kernel/sound/soc/codecs/snd-soc-es7241.ko
  STRIP   /local/mnt/workspace/AURA_V1/evidence/compile_closure_wcd937x_continuation_20260520_033221/artifacts/modules_dir/lib/modules/6.18.0-00006-g53d68d37d754/kernel/sound/soc/codecs/snd-soc-es8316.ko
  STRIP   /local/mnt/workspace/AURA_V1/evidence/compile_closure_wcd937x_continuation_20260520_033221/artifacts/modules_dir/lib/modules/6.18.0-00006-g53d68d37d754/kernel/sound/soc/codecs/snd-soc-es8326.ko
  STRIP   /local/mnt/workspace/AURA_V1/evidence/compile_closure_wcd937x_continuation_20260520_033221/artifacts/modules_dir/lib/modules/6.18.0-00006-g53d68d37d754/kernel/sound/soc/codecs/snd-soc-es8328.ko
  INSTALL /local/mnt/workspace/AURA_V1/evidence/compile_closure_wcd937x_continuation_20260520_033221/artifacts/modules_dir/lib/modules/6.18.0-00006-g53d68d37d754/kernel/sound/soc/codecs/snd-soc-es8328-i2c.ko
  INSTALL /local/mnt/workspace/AURA_V1/evidence/compile_closure_wcd937x_continuation_20260520_033221/artifacts/modules_dir/lib/modules/6.18.0-00006-g53d68d37d754/kernel/sound/soc/codecs/snd-soc-gtm601.ko
  INSTALL /local/mnt/workspace/AURA_V1/evidence/compile_closure_wcd937x_continuation_20260520_033221/artifacts/modules_dir/lib/modules/6.18.0-00006-g53d68d37d754/kernel/sound/soc/codecs/snd-soc-max98357a.ko
  STRIP   /local/mnt/workspace/AURA_V1/evidence/compile_closure_wcd937x_continuation_20260520_033221/artifacts/modules_dir/lib/modules/6.18.0-00006-g53d68d37d754/kernel/sound/soc/codecs/snd-soc-es8328-i2c.ko
  STRIP   /local/mnt/workspace/AURA_V1/evidence/compile_closure_wcd937x_continuation_20260520_033221/artifacts/modules_dir/lib/modules/6.18.0-00006-g53d68d37d754/kernel/sound/soc/codecs/snd-soc-gtm601.ko
  STRIP   /local/mnt/workspace/AURA_V1/evidence/compile_closure_wcd937x_continuation_20260520_033221/artifacts/modules_dir/lib/modules/6.18.0-00006-g53d68d37d754/kernel/sound/soc/codecs/snd-soc-max98357a.ko
  INSTALL /local/mnt/workspace/AURA_V1/evidence/compile_closure_wcd937x_continuation_20260520_033221/artifacts/modules_dir/lib/modules/6.18.0-00006-g53d68d37d754/kernel/sound/soc/codecs/snd-soc-max98927.ko
  INSTALL /local/mnt/workspace/AURA_V1/evidence/compile_closure_wcd937x_continuation_20260520_033221/artifacts/modules_dir/lib/modules/6.18.0-00006-g53d68d37d754/kernel/sound/soc/codecs/snd-soc-max98390.ko
  INSTALL /local/mnt/workspace/AURA_V1/evidence/compile_closure_wcd937x_continuation_20260520_033221/artifacts/modules_dir/lib/modules/6.18.0-00006-g53d68d37d754/kernel/sound/soc/codecs/snd-soc-msm8916-analog.ko
  INSTALL /local/mnt/workspace/AURA_V1/evidence/compile_closure_wcd937x_continuation_20260520_033221/artifacts/modules_dir/lib/modules/6.18.0-00006-g53d68d37d754/kernel/sound/soc/codecs/snd-soc-msm8916-digital.ko
  INSTALL /local/mnt/workspace/AURA_V1/evidence/compile_closure_wcd937x_continuation_20260520_033221/artifacts/modules_dir/lib/modules/6.18.0-00006-g53d68d37d754/kernel/sound/soc/codecs/snd-soc-mt6357.ko
  STRIP   /local/mnt/workspace/AURA_V1/evidence/compile_closure_wcd937x_continuation_20260520_033221/artifacts/modules_dir/lib/modules/6.18.0-00006-g53d68d37d754/kernel/sound/soc/codecs/snd-soc-max98927.ko
  STRIP   /local/mnt/workspace/AURA_V1/evidence/compile_closure_wcd937x_continuation_20260520_033221/artifacts/modules_dir/lib/modules/6.18.0-00006-g53d68d37d754/kernel/sound/soc/codecs/snd-soc-max98390.ko
  STRIP   /local/mnt/workspace/AURA_V1/evidence/compile_closure_wcd937x_continuation_20260520_033221/artifacts/modules_dir/lib/modules/6.18.0-00006-g53d68d37d754/kernel/sound/soc/codecs/snd-soc-msm8916-analog.ko
  STRIP   /local/mnt/workspace/AURA_V1/evidence/compile_closure_wcd937x_continuation_20260520_033221/artifacts/modules_dir/lib/modules/6.18.0-00006-g53d68d37d754/kernel/sound/soc/codecs/snd-soc-msm8916-digital.ko
  INSTALL /local/mnt/workspace/AURA_V1/evidence/compile_closure_wcd937x_continuation_20260520_033221/artifacts/modules_dir/lib/modules/6.18.0-00006-g53d68d37d754/kernel/sound/soc/codecs/snd-soc-mt6358.ko
  STRIP   /local/mnt/workspace/AURA_V1/evidence/compile_closure_wcd937x_continuation_20260520_033221/artifacts/modules_dir/lib/modules/6.18.0-00006-g53d68d37d754/kernel/sound/soc/codecs/snd-soc-mt6357.ko
  INSTALL /local/mnt/workspace/AURA_V1/evidence/compile_closure_wcd937x_continuation_20260520_033221/artifacts/modules_dir/lib/modules/6.18.0-00006-g53d68d37d754/kernel/sound/soc/codecs/snd-soc-mt6359.ko
  INSTALL /local/mnt/workspace/AURA_V1/evidence/compile_closure_wcd937x_continuation_20260520_033221/artifacts/modules_dir/lib/modules/6.18.0-00006-g53d68d37d754/kernel/sound/soc/codecs/snd-soc-nau8315.ko
  STRIP   /local/mnt/workspace/AURA_V1/evidence/compile_closure_wcd937x_continuation_20260520_033221/artifacts/modules_dir/lib/modules/6.18.0-00006-g53d68d37d754/kernel/sound/soc/codecs/snd-soc-mt6358.ko
  INSTALL /local/mnt/workspace/AURA_V1/evidence/compile_closure_wcd937x_continuation_20260520_033221/artifacts/modules_dir/lib/modules/6.18.0-00006-g53d68d37d754/kernel/sound/soc/codecs/snd-soc-nau8822.ko
  STRIP   /local/mnt/workspace/AURA_V1/evidence/compile_closure_wcd937x_continuation_20260520_033221/artifacts/modules_dir/lib/modules/6.18.0-00006-g53d68d37d754/kernel/sound/soc/codecs/snd-soc-mt6359.ko
  STRIP   /local/mnt/workspace/AURA_V1/evidence/compile_closure_wcd937x_continuation_20260520_033221/artifacts/modules_dir/lib/modules/6.18.0-00006-g53d68d37d754/kernel/sound/soc/codecs/snd-soc-nau8315.ko
  INSTALL /local/mnt/workspace/AURA_V1/evidence/compile_closure_wcd937x_continuation_20260520_033221/artifacts/modules_dir/lib/modules/6.18.0-00006-g53d68d37d754/kernel/sound/soc/codecs/snd-soc-nau8825.ko
  INSTALL /local/mnt/workspace/AURA_V1/evidence/compile_closure_wcd937x_continuation_20260520_033221/artifacts/modules_dir/lib/modules/6.18.0-00006-g53d68d37d754/kernel/sound/soc/codecs/snd-soc-hdmi-codec.ko
  STRIP   /local/mnt/workspace/AURA_V1/evidence/compile_closure_wcd937x_continuation_20260520_033221/artifacts/modules_dir/lib/modules/6.18.0-00006-g53d68d37d754/kernel/sound/soc/codecs/snd-soc-nau8822.ko
  INSTALL /local/mnt/workspace/AURA_V1/evidence/compile_closure_wcd937x_continuation_20260520_033221/artifacts/modules_dir/lib/modules/6.18.0-00006-g53d68d37d754/kernel/sound/soc/codecs/snd-soc-pcm3168a.ko
  INSTALL /local/mnt/workspace/AURA_V1/evidence/compile_closure_wcd937x_continuation_20260520_033221/artifacts/modules_dir/lib/modules/6.18.0-00006-g53d68d37d754/kernel/sound/soc/codecs/snd-soc-pcm3168a-i2c.ko
  STRIP   /local/mnt/workspace/AURA_V1/evidence/compile_closure_wcd937x_continuation_20260520_033221/artifacts/modules_dir/lib/modules/6.18.0-00006-g53d68d37d754/kernel/sound/soc/codecs/snd-soc-hdmi-codec.ko
  INSTALL /local/mnt/workspace/AURA_V1/evidence/compile_closure_wcd937x_continuation_20260520_033221/artifacts/modules_dir/lib/modules/6.18.0-00006-g53d68d37d754/kernel/sound/soc/codecs/snd-soc-rk3308.ko
  STRIP   /local/mnt/workspace/AURA_V1/evidence/compile_closure_wcd937x_continuation_20260520_033221/artifacts/modules_dir/lib/modules/6.18.0-00006-g53d68d37d754/kernel/sound/soc/codecs/snd-soc-nau8825.ko
  STRIP   /local/mnt/workspace/AURA_V1/evidence/compile_closure_wcd937x_continuation_20260520_033221/artifacts/modules_dir/lib/modules/6.18.0-00006-g53d68d37d754/kernel/sound/soc/codecs/snd-soc-pcm3168a.ko
  STRIP   /local/mnt/workspace/AURA_V1/evidence/compile_closure_wcd937x_continuation_20260520_033221/artifacts/modules_dir/lib/modules/6.18.0-00006-g53d68d37d754/kernel/sound/soc/codecs/snd-soc-pcm3168a-i2c.ko
  INSTALL /local/mnt/workspace/AURA_V1/evidence/compile_closure_wcd937x_continuation_20260520_033221/artifacts/modules_dir/lib/modules/6.18.0-00006-g53d68d37d754/kernel/sound/soc/codecs/snd-soc-rk817.ko
  INSTALL /local/mnt/workspace/AURA_V1/evidence/compile_closure_wcd937x_continuation_20260520_033221/artifacts/modules_dir/lib/modules/6.18.0-00006-g53d68d37d754/kernel/sound/soc/codecs/snd-soc-rl6231.ko
  STRIP   /local/mnt/workspace/AURA_V1/evidence/compile_closure_wcd937x_continuation_20260520_033221/artifacts/modules_dir/lib/modules/6.18.0-00006-g53d68d37d754/kernel/sound/soc/codecs/snd-soc-rk3308.ko
  INSTALL /local/mnt/workspace/AURA_V1/evidence/compile_closure_wcd937x_continuation_20260520_033221/artifacts/modules_dir/lib/modules/6.18.0-00006-g53d68d37d754/kernel/sound/soc/codecs/snd-soc-rt1011.ko
  STRIP   /local/mnt/workspace/AURA_V1/evidence/compile_closure_wcd937x_continuation_20260520_033221/artifacts/modules_dir/lib/modules/6.18.0-00006-g53d68d37d754/kernel/sound/soc/codecs/snd-soc-rk817.ko
  STRIP   /local/mnt/workspace/AURA_V1/evidence/compile_closure_wcd937x_continuation_20260520_033221/artifacts/modules_dir/lib/modules/6.18.0-00006-g53d68d37d754/kernel/sound/soc/codecs/snd-soc-rl6231.ko
  INSTALL /local/mnt/workspace/AURA_V1/evidence/compile_closure_wcd937x_continuation_20260520_033221/artifacts/modules_dir/lib/modules/6.18.0-00006-g53d68d37d754/kernel/sound/soc/codecs/snd-soc-rt1015.ko
  STRIP   /local/mnt/workspace/AURA_V1/evidence/compile_closure_wcd937x_continuation_20260520_033221/artifacts/modules_dir/lib/modules/6.18.0-00006-g53d68d37d754/kernel/sound/soc/codecs/snd-soc-rt1011.ko
  INSTALL /local/mnt/workspace/AURA_V1/evidence/compile_closure_wcd937x_continuation_20260520_033221/artifacts/modules_dir/lib/modules/6.18.0-00006-g53d68d37d754/kernel/sound/soc/codecs/snd-soc-rt1015p.ko
  INSTALL /local/mnt/workspace/AURA_V1/evidence/compile_closure_wcd937x_continuation_20260520_033221/artifacts/modules_dir/lib/modules/6.18.0-00006-g53d68d37d754/kernel/sound/soc/codecs/snd-soc-rt5514.ko
  INSTALL /local/mnt/workspace/AURA_V1/evidence/compile_closure_wcd937x_continuation_20260520_033221/artifacts/modules_dir/lib/modules/6.18.0-00006-g53d68d37d754/kernel/sound/soc/codecs/snd-soc-rt5514-spi.ko
  STRIP   /local/mnt/workspace/AURA_V1/evidence/compile_closure_wcd937x_continuation_20260520_033221/artifacts/modules_dir/lib/modules/6.18.0-00006-g53d68d37d754/kernel/sound/soc/codecs/snd-soc-rt1015.ko
  INSTALL /local/mnt/workspace/AURA_V1/evidence/compile_closure_wcd937x_continuation_20260520_033221/artifacts/modules_dir/lib/modules/6.18.0-00006-g53d68d37d754/kernel/sound/soc/codecs/snd-soc-rt5640.ko
  STRIP   /local/mnt/workspace/AURA_V1/evidence/compile_closure_wcd937x_continuation_20260520_033221/artifacts/modules_dir/lib/modules/6.18.0-00006-g53d68d37d754/kernel/sound/soc/codecs/snd-soc-rt1015p.ko
  STRIP   /local/mnt/workspace/AURA_V1/evidence/compile_closure_wcd937x_continuation_20260520_033221/artifacts/modules_dir/lib/modules/6.18.0-00006-g53d68d37d754/kernel/sound/soc/codecs/snd-soc-rt5514-spi.ko
  INSTALL /local/mnt/workspace/AURA_V1/evidence/compile_closure_wcd937x_continuation_20260520_033221/artifacts/modules_dir/lib/modules/6.18.0-00006-g53d68d37d754/kernel/sound/soc/codecs/snd-soc-rt5645.ko
  STRIP   /local/mnt/workspace/AURA_V1/evidence/compile_closure_wcd937x_continuation_20260520_033221/artifacts/modules_dir/lib/modules/6.18.0-00006-g53d68d37d754/kernel/sound/soc/codecs/snd-soc-rt5514.ko
  INSTALL /local/mnt/workspace/AURA_V1/evidence/compile_closure_wcd937x_continuation_20260520_033221/artifacts/modules_dir/lib/modules/6.18.0-00006-g53d68d37d754/kernel/sound/soc/codecs/snd-soc-rt5659.ko
  STRIP   /local/mnt/workspace/AURA_V1/evidence/compile_closure_wcd937x_continuation_20260520_033221/artifacts/modules_dir/lib/modules/6.18.0-00006-g53d68d37d754/kernel/sound/soc/codecs/snd-soc-rt5640.ko
  INSTALL /local/mnt/workspace/AURA_V1/evidence/compile_closure_wcd937x_continuation_20260520_033221/artifacts/modules_dir/lib/modules/6.18.0-00006-g53d68d37d754/kernel/sound/soc/codecs/snd-soc-rt5663.ko
  INSTALL /local/mnt/workspace/AURA_V1/evidence/compile_closure_wcd937x_continuation_20260520_033221/artifacts/modules_dir/lib/modules/6.18.0-00006-g53d68d37d754/kernel/sound/soc/codecs/snd-soc-rt5682.ko
  STRIP   /local/mnt/workspace/AURA_V1/evidence/compile_closure_wcd937x_continuation_20260520_033221/artifacts/modules_dir/lib/modules/6.18.0-00006-g53d68d37d754/kernel/sound/soc/codecs/snd-soc-rt5645.ko
  INSTALL /local/mnt/workspace/AURA_V1/evidence/compile_closure_wcd937x_continuation_20260520_033221/artifacts/modules_dir/lib/modules/6.18.0-00006-g53d68d37d754/kernel/sound/soc/codecs/snd-soc-rt5682-i2c.ko
  STRIP   /local/mnt/workspace/AURA_V1/evidence/compile_closure_wcd937x_continuation_20260520_033221/artifacts/modules_dir/lib/modules/6.18.0-00006-g53d68d37d754/kernel/sound/soc/codecs/snd-soc-rt5659.ko
  STRIP   /local/mnt/workspace/AURA_V1/evidence/compile_closure_wcd937x_continuation_20260520_033221/artifacts/modules_dir/lib/modules/6.18.0-00006-g53d68d37d754/kernel/sound/soc/codecs/snd-soc-rt5663.ko
  INSTALL /local/mnt/workspace/AURA_V1/evidence/compile_closure_wcd937x_continuation_20260520_033221/artifacts/modules_dir/lib/modules/6.18.0-00006-g53d68d37d754/kernel/sound/soc/codecs/snd-soc-rt5682s.ko
  STRIP   /local/mnt/workspace/AURA_V1/evidence/compile_closure_wcd937x_continuation_20260520_033221/artifacts/modules_dir/lib/modules/6.18.0-00006-g53d68d37d754/kernel/sound/soc/codecs/snd-soc-rt5682.ko
  STRIP   /local/mnt/workspace/AURA_V1/evidence/compile_closure_wcd937x_continuation_20260520_033221/artifacts/modules_dir/lib/modules/6.18.0-00006-g53d68d37d754/kernel/sound/soc/codecs/snd-soc-rt5682-i2c.ko
  INSTALL /local/mnt/workspace/AURA_V1/evidence/compile_closure_wcd937x_continuation_20260520_033221/artifacts/modules_dir/lib/modules/6.18.0-00006-g53d68d37d754/kernel/sound/soc/codecs/snd-soc-sgtl5000.ko
  INSTALL /local/mnt/workspace/AURA_V1/evidence/compile_closure_wcd937x_continuation_20260520_033221/artifacts/modules_dir/lib/modules/6.18.0-00006-g53d68d37d754/kernel/sound/soc/codecs/snd-soc-spdif-rx.ko
  STRIP   /local/mnt/workspace/AURA_V1/evidence/compile_closure_wcd937x_continuation_20260520_033221/artifacts/modules_dir/lib/modules/6.18.0-00006-g53d68d37d754/kernel/sound/soc/codecs/snd-soc-rt5682s.ko
  STRIP   /local/mnt/workspace/AURA_V1/evidence/compile_closure_wcd937x_continuation_20260520_033221/artifacts/modules_dir/lib/modules/6.18.0-00006-g53d68d37d754/kernel/sound/soc/codecs/snd-soc-sgtl5000.ko
  STRIP   /local/mnt/workspace/AURA_V1/evidence/compile_closure_wcd937x_continuation_20260520_033221/artifacts/modules_dir/lib/modules/6.18.0-00006-g53d68d37d754/kernel/sound/soc/codecs/snd-soc-spdif-rx.ko
  INSTALL /local/mnt/workspace/AURA_V1/evidence/compile_closure_wcd937x_continuation_20260520_033221/artifacts/modules_dir/lib/modules/6.18.0-00006-g53d68d37d754/kernel/sound/soc/codecs/snd-soc-spdif-tx.ko
  INSTALL /local/mnt/workspace/AURA_V1/evidence/compile_closure_wcd937x_continuation_20260520_033221/artifacts/modules_dir/lib/modules/6.18.0-00006-g53d68d37d754/kernel/sound/soc/codecs/snd-soc-tas2552.ko
  INSTALL /local/mnt/workspace/AURA_V1/evidence/compile_closure_wcd937x_continuation_20260520_033221/artifacts/modules_dir/lib/modules/6.18.0-00006-g53d68d37d754/kernel/sound/soc/codecs/snd-soc-tas571x.ko
  INSTALL /local/mnt/workspace/AURA_V1/evidence/compile_closure_wcd937x_continuation_20260520_033221/artifacts/modules_dir/lib/modules/6.18.0-00006-g53d68d37d754/kernel/sound/soc/codecs/snd-soc-tlv320aic31xx.ko
  INSTALL /local/mnt/workspace/AURA_V1/evidence/compile_closure_wcd937x_continuation_20260520_033221/artifacts/modules_dir/lib/modules/6.18.0-00006-g53d68d37d754/kernel/sound/soc/codecs/snd-soc-tlv320aic32x4.ko
  STRIP   /local/mnt/workspace/AURA_V1/evidence/compile_closure_wcd937x_continuation_20260520_033221/artifacts/modules_dir/lib/modules/6.18.0-00006-g53d68d37d754/kernel/sound/soc/codecs/snd-soc-spdif-tx.ko
  STRIP   /local/mnt/workspace/AURA_V1/evidence/compile_closure_wcd937x_continuation_20260520_033221/artifacts/modules_dir/lib/modules/6.18.0-00006-g53d68d37d754/kernel/sound/soc/codecs/snd-soc-tas2552.ko
  STRIP   /local/mnt/workspace/AURA_V1/evidence/compile_closure_wcd937x_continuation_20260520_033221/artifacts/modules_dir/lib/modules/6.18.0-00006-g53d68d37d754/kernel/sound/soc/codecs/snd-soc-tas571x.ko
  INSTALL /local/mnt/workspace/AURA_V1/evidence/compile_closure_wcd937x_continuation_20260520_033221/artifacts/modules_dir/lib/modules/6.18.0-00006-g53d68d37d754/kernel/sound/soc/codecs/snd-soc-tlv320aic32x4-i2c.ko
  STRIP   /local/mnt/workspace/AURA_V1/evidence/compile_closure_wcd937x_continuation_20260520_033221/artifacts/modules_dir/lib/modules/6.18.0-00006-g53d68d37d754/kernel/sound/soc/codecs/snd-soc-tlv320aic31xx.ko
  STRIP   /local/mnt/workspace/AURA_V1/evidence/compile_closure_wcd937x_continuation_20260520_033221/artifacts/modules_dir/lib/modules/6.18.0-00006-g53d68d37d754/kernel/sound/soc/codecs/snd-soc-tlv320aic32x4.ko
  INSTALL /local/mnt/workspace/AURA_V1/evidence/compile_closure_wcd937x_continuation_20260520_033221/artifacts/modules_dir/lib/modules/6.18.0-00006-g53d68d37d754/kernel/sound/soc/codecs/snd-soc-tlv320aic3x.ko
  INSTALL /local/mnt/workspace/AURA_V1/evidence/compile_closure_wcd937x_continuation_20260520_033221/artifacts/modules_dir/lib/modules/6.18.0-00006-g53d68d37d754/kernel/sound/soc/codecs/snd-soc-tlv320aic3x-i2c.ko
  STRIP   /local/mnt/workspace/AURA_V1/evidence/compile_closure_wcd937x_continuation_20260520_033221/artifacts/modules_dir/lib/modules/6.18.0-00006-g53d68d37d754/kernel/sound/soc/codecs/snd-soc-tlv320aic32x4-i2c.ko
  STRIP   /local/mnt/workspace/AURA_V1/evidence/compile_closure_wcd937x_continuation_20260520_033221/artifacts/modules_dir/lib/modules/6.18.0-00006-g53d68d37d754/kernel/sound/soc/codecs/snd-soc-tlv320aic3x.ko
  STRIP   /local/mnt/workspace/AURA_V1/evidence/compile_closure_wcd937x_continuation_20260520_033221/artifacts/modules_dir/lib/modules/6.18.0-00006-g53d68d37d754/kernel/sound/soc/codecs/snd-soc-tlv320aic3x-i2c.ko
  INSTALL /local/mnt/workspace/AURA_V1/evidence/compile_closure_wcd937x_continuation_20260520_033221/artifacts/modules_dir/lib/modules/6.18.0-00006-g53d68d37d754/kernel/sound/soc/codecs/snd-soc-ts3a227e.ko
  INSTALL /local/mnt/workspace/AURA_V1/evidence/compile_closure_wcd937x_continuation_20260520_033221/artifacts/modules_dir/lib/modules/6.18.0-00006-g53d68d37d754/kernel/sound/soc/codecs/snd-soc-wcd-classh.ko
  INSTALL /local/mnt/workspace/AURA_V1/evidence/compile_closure_wcd937x_continuation_20260520_033221/artifacts/modules_dir/lib/modules/6.18.0-00006-g53d68d37d754/kernel/sound/soc/codecs/snd-soc-wcd-common.ko
  INSTALL /local/mnt/workspace/AURA_V1/evidence/compile_closure_wcd937x_continuation_20260520_033221/artifacts/modules_dir/lib/modules/6.18.0-00006-g53d68d37d754/kernel/sound/soc/codecs/snd-soc-wcd-mbhc.ko
  INSTALL /local/mnt/workspace/AURA_V1/evidence/compile_closure_wcd937x_continuation_20260520_033221/artifacts/modules_dir/lib/modules/6.18.0-00006-g53d68d37d754/kernel/sound/soc/codecs/snd-soc-wcd9335.ko
  STRIP   /local/mnt/workspace/AURA_V1/evidence/compile_closure_wcd937x_continuation_20260520_033221/artifacts/modules_dir/lib/modules/6.18.0-00006-g53d68d37d754/kernel/sound/soc/codecs/snd-soc-wcd-classh.ko
  INSTALL /local/mnt/workspace/AURA_V1/evidence/compile_closure_wcd937x_continuation_20260520_033221/artifacts/modules_dir/lib/modules/6.18.0-00006-g53d68d37d754/kernel/sound/soc/codecs/snd-soc-wcd934x.ko
  STRIP   /local/mnt/workspace/AURA_V1/evidence/compile_closure_wcd937x_continuation_20260520_033221/artifacts/modules_dir/lib/modules/6.18.0-00006-g53d68d37d754/kernel/sound/soc/codecs/snd-soc-ts3a227e.ko
  STRIP   /local/mnt/workspace/AURA_V1/evidence/compile_closure_wcd937x_continuation_20260520_033221/artifacts/modules_dir/lib/modules/6.18.0-00006-g53d68d37d754/kernel/sound/soc/codecs/snd-soc-wcd-common.ko
  STRIP   /local/mnt/workspace/AURA_V1/evidence/compile_closure_wcd937x_continuation_20260520_033221/artifacts/modules_dir/lib/modules/6.18.0-00006-g53d68d37d754/kernel/sound/soc/codecs/snd-soc-wcd-mbhc.ko
  STRIP   /local/mnt/workspace/AURA_V1/evidence/compile_closure_wcd937x_continuation_20260520_033221/artifacts/modules_dir/lib/modules/6.18.0-00006-g53d68d37d754/kernel/sound/soc/codecs/snd-soc-wcd9335.ko
  INSTALL /local/mnt/workspace/AURA_V1/evidence/compile_closure_wcd937x_continuation_20260520_033221/artifacts/modules_dir/lib/modules/6.18.0-00006-g53d68d37d754/kernel/sound/soc/codecs/snd-soc-wcd938x.ko
  INSTALL /local/mnt/workspace/AURA_V1/evidence/compile_closure_wcd937x_continuation_20260520_033221/artifacts/modules_dir/lib/modules/6.18.0-00006-g53d68d37d754/kernel/sound/soc/codecs/snd-soc-wcd938x-sdw.ko
  STRIP   /local/mnt/workspace/AURA_V1/evidence/compile_closure_wcd937x_continuation_20260520_033221/artifacts/modules_dir/lib/modules/6.18.0-00006-g53d68d37d754/kernel/sound/soc/codecs/snd-soc-wcd934x.ko
  INSTALL /local/mnt/workspace/AURA_V1/evidence/compile_closure_wcd937x_continuation_20260520_033221/artifacts/modules_dir/lib/modules/6.18.0-00006-g53d68d37d754/kernel/sound/soc/codecs/snd-soc-wcd939x.ko
  STRIP   /local/mnt/workspace/AURA_V1/evidence/compile_closure_wcd937x_continuation_20260520_033221/artifacts/modules_dir/lib/modules/6.18.0-00006-g53d68d37d754/kernel/sound/soc/codecs/snd-soc-wcd938x.ko
  STRIP   /local/mnt/workspace/AURA_V1/evidence/compile_closure_wcd937x_continuation_20260520_033221/artifacts/modules_dir/lib/modules/6.18.0-00006-g53d68d37d754/kernel/sound/soc/codecs/snd-soc-wcd938x-sdw.ko
  INSTALL /local/mnt/workspace/AURA_V1/evidence/compile_closure_wcd937x_continuation_20260520_033221/artifacts/modules_dir/lib/modules/6.18.0-00006-g53d68d37d754/kernel/sound/soc/codecs/snd-soc-wcd939x-sdw.ko
  INSTALL /local/mnt/workspace/AURA_V1/evidence/compile_closure_wcd937x_continuation_20260520_033221/artifacts/modules_dir/lib/modules/6.18.0-00006-g53d68d37d754/kernel/sound/soc/codecs/snd-soc-wm8524.ko
  STRIP   /local/mnt/workspace/AURA_V1/evidence/compile_closure_wcd937x_continuation_20260520_033221/artifacts/modules_dir/lib/modules/6.18.0-00006-g53d68d37d754/kernel/sound/soc/codecs/snd-soc-wcd939x.ko
  INSTALL /local/mnt/workspace/AURA_V1/evidence/compile_closure_wcd937x_continuation_20260520_033221/artifacts/modules_dir/lib/modules/6.18.0-00006-g53d68d37d754/kernel/sound/soc/codecs/snd-soc-wm8904.ko
  INSTALL /local/mnt/workspace/AURA_V1/evidence/compile_closure_wcd937x_continuation_20260520_033221/artifacts/modules_dir/lib/modules/6.18.0-00006-g53d68d37d754/kernel/sound/soc/codecs/snd-soc-wm8960.ko
  STRIP   /local/mnt/workspace/AURA_V1/evidence/compile_closure_wcd937x_continuation_20260520_033221/artifacts/modules_dir/lib/modules/6.18.0-00006-g53d68d37d754/kernel/sound/soc/codecs/snd-soc-wcd939x-sdw.ko
  STRIP   /local/mnt/workspace/AURA_V1/evidence/compile_closure_wcd937x_continuation_20260520_033221/artifacts/modules_dir/lib/modules/6.18.0-00006-g53d68d37d754/kernel/sound/soc/codecs/snd-soc-wm8524.ko
  STRIP   /local/mnt/workspace/AURA_V1/evidence/compile_closure_wcd937x_continuation_20260520_033221/artifacts/modules_dir/lib/modules/6.18.0-00006-g53d68d37d754/kernel/sound/soc/codecs/snd-soc-wm8904.ko
  STRIP   /local/mnt/workspace/AURA_V1/evidence/compile_closure_wcd937x_continuation_20260520_033221/artifacts/modules_dir/lib/modules/6.18.0-00006-g53d68d37d754/kernel/sound/soc/codecs/snd-soc-wm8960.ko
  INSTALL /local/mnt/workspace/AURA_V1/evidence/compile_closure_wcd937x_continuation_20260520_033221/artifacts/modules_dir/lib/modules/6.18.0-00006-g53d68d37d754/kernel/sound/soc/codecs/snd-soc-wm8962.ko
  INSTALL /local/mnt/workspace/AURA_V1/evidence/compile_closure_wcd937x_continuation_20260520_033221/artifacts/modules_dir/lib/modules/6.18.0-00006-g53d68d37d754/kernel/sound/soc/codecs/snd-soc-wm8978.ko
  INSTALL /local/mnt/workspace/AURA_V1/evidence/compile_closure_wcd937x_continuation_20260520_033221/artifacts/modules_dir/lib/modules/6.18.0-00006-g53d68d37d754/kernel/sound/soc/codecs/snd-soc-wm8994.ko
  INSTALL /local/mnt/workspace/AURA_V1/evidence/compile_closure_wcd937x_continuation_20260520_033221/artifacts/modules_dir/lib/modules/6.18.0-00006-g53d68d37d754/kernel/sound/soc/codecs/snd-soc-wm-hubs.ko
  INSTALL /local/mnt/workspace/AURA_V1/evidence/compile_closure_wcd937x_continuation_20260520_033221/artifacts/modules_dir/lib/modules/6.18.0-00006-g53d68d37d754/kernel/sound/soc/codecs/snd-soc-wsa881x.ko
  STRIP   /local/mnt/workspace/AURA_V1/evidence/compile_closure_wcd937x_continuation_20260520_033221/artifacts/modules_dir/lib/modules/6.18.0-00006-g53d68d37d754/kernel/sound/soc/codecs/snd-soc-wm8962.ko
  STRIP   /local/mnt/workspace/AURA_V1/evidence/compile_closure_wcd937x_continuation_20260520_033221/artifacts/modules_dir/lib/modules/6.18.0-00006-g53d68d37d754/kernel/sound/soc/codecs/snd-soc-wm8978.ko
  STRIP   /local/mnt/workspace/AURA_V1/evidence/compile_closure_wcd937x_continuation_20260520_033221/artifacts/modules_dir/lib/modules/6.18.0-00006-g53d68d37d754/kernel/sound/soc/codecs/snd-soc-wm8994.ko
  STRIP   /local/mnt/workspace/AURA_V1/evidence/compile_closure_wcd937x_continuation_20260520_033221/artifacts/modules_dir/lib/modules/6.18.0-00006-g53d68d37d754/kernel/sound/soc/codecs/snd-soc-wsa881x.ko
  STRIP   /local/mnt/workspace/AURA_V1/evidence/compile_closure_wcd937x_continuation_20260520_033221/artifacts/modules_dir/lib/modules/6.18.0-00006-g53d68d37d754/kernel/sound/soc/codecs/snd-soc-wm-hubs.ko
  INSTALL /local/mnt/workspace/AURA_V1/evidence/compile_closure_wcd937x_continuation_20260520_033221/artifacts/modules_dir/lib/modules/6.18.0-00006-g53d68d37d754/kernel/sound/soc/codecs/snd-soc-wsa883x.ko
  INSTALL /local/mnt/workspace/AURA_V1/evidence/compile_closure_wcd937x_continuation_20260520_033221/artifacts/modules_dir/lib/modules/6.18.0-00006-g53d68d37d754/kernel/sound/soc/codecs/snd-soc-wsa884x.ko
  INSTALL /local/mnt/workspace/AURA_V1/evidence/compile_closure_wcd937x_continuation_20260520_033221/artifacts/modules_dir/lib/modules/6.18.0-00006-g53d68d37d754/kernel/sound/soc/codecs/snd-soc-simple-amplifier.ko
  STRIP   /local/mnt/workspace/AURA_V1/evidence/compile_closure_wcd937x_continuation_20260520_033221/artifacts/modules_dir/lib/modules/6.18.0-00006-g53d68d37d754/kernel/sound/soc/codecs/snd-soc-wsa883x.ko
  STRIP   /local/mnt/workspace/AURA_V1/evidence/compile_closure_wcd937x_continuation_20260520_033221/artifacts/modules_dir/lib/modules/6.18.0-00006-g53d68d37d754/kernel/sound/soc/codecs/snd-soc-wsa884x.ko
  STRIP   /local/mnt/workspace/AURA_V1/evidence/compile_closure_wcd937x_continuation_20260520_033221/artifacts/modules_dir/lib/modules/6.18.0-00006-g53d68d37d754/kernel/sound/soc/codecs/snd-soc-simple-amplifier.ko
  INSTALL /local/mnt/workspace/AURA_V1/evidence/compile_closure_wcd937x_continuation_20260520_033221/artifacts/modules_dir/lib/modules/6.18.0-00006-g53d68d37d754/kernel/sound/soc/codecs/snd-soc-lpass-macro-common.ko
  INSTALL /local/mnt/workspace/AURA_V1/evidence/compile_closure_wcd937x_continuation_20260520_033221/artifacts/modules_dir/lib/modules/6.18.0-00006-g53d68d37d754/kernel/sound/soc/codecs/snd-soc-lpass-wsa-macro.ko
  INSTALL /local/mnt/workspace/AURA_V1/evidence/compile_closure_wcd937x_continuation_20260520_033221/artifacts/modules_dir/lib/modules/6.18.0-00006-g53d68d37d754/kernel/sound/soc/codecs/snd-soc-lpass-va-macro.ko
  INSTALL /local/mnt/workspace/AURA_V1/evidence/compile_closure_wcd937x_continuation_20260520_033221/artifacts/modules_dir/lib/modules/6.18.0-00006-g53d68d37d754/kernel/sound/soc/codecs/snd-soc-lpass-rx-macro.ko
  INSTALL /local/mnt/workspace/AURA_V1/evidence/compile_closure_wcd937x_continuation_20260520_033221/artifacts/modules_dir/lib/modules/6.18.0-00006-g53d68d37d754/kernel/sound/soc/codecs/snd-soc-lpass-tx-macro.ko
  STRIP   /local/mnt/workspace/AURA_V1/evidence/compile_closure_wcd937x_continuation_20260520_033221/artifacts/modules_dir/lib/modules/6.18.0-00006-g53d68d37d754/kernel/sound/soc/codecs/snd-soc-lpass-macro-common.ko
  INSTALL /local/mnt/workspace/AURA_V1/evidence/compile_closure_wcd937x_continuation_20260520_033221/artifacts/modules_dir/lib/modules/6.18.0-00006-g53d68d37d754/kernel/sound/soc/codecs/snd-soc-simple-mux.ko
  STRIP   /local/mnt/workspace/AURA_V1/evidence/compile_closure_wcd937x_continuation_20260520_033221/artifacts/modules_dir/lib/modules/6.18.0-00006-g53d68d37d754/kernel/sound/soc/codecs/snd-soc-lpass-va-macro.ko
  STRIP   /local/mnt/workspace/AURA_V1/evidence/compile_closure_wcd937x_continuation_20260520_033221/artifacts/modules_dir/lib/modules/6.18.0-00006-g53d68d37d754/kernel/sound/soc/codecs/snd-soc-lpass-wsa-macro.ko
  STRIP   /local/mnt/workspace/AURA_V1/evidence/compile_closure_wcd937x_continuation_20260520_033221/artifacts/modules_dir/lib/modules/6.18.0-00006-g53d68d37d754/kernel/sound/soc/codecs/snd-soc-lpass-rx-macro.ko
  STRIP   /local/mnt/workspace/AURA_V1/evidence/compile_closure_wcd937x_continuation_20260520_033221/artifacts/modules_dir/lib/modules/6.18.0-00006-g53d68d37d754/kernel/sound/soc/codecs/snd-soc-lpass-tx-macro.ko
  INSTALL /local/mnt/workspace/AURA_V1/evidence/compile_closure_wcd937x_continuation_20260520_033221/artifacts/modules_dir/lib/modules/6.18.0-00006-g53d68d37d754/kernel/sound/soc/generic/snd-soc-simple-card-utils.ko
  INSTALL /local/mnt/workspace/AURA_V1/evidence/compile_closure_wcd937x_continuation_20260520_033221/artifacts/modules_dir/lib/modules/6.18.0-00006-g53d68d37d754/kernel/sound/soc/generic/snd-soc-simple-card.ko
  STRIP   /local/mnt/workspace/AURA_V1/evidence/compile_closure_wcd937x_continuation_20260520_033221/artifacts/modules_dir/lib/modules/6.18.0-00006-g53d68d37d754/kernel/sound/soc/codecs/snd-soc-simple-mux.ko
  INSTALL /local/mnt/workspace/AURA_V1/evidence/compile_closure_wcd937x_continuation_20260520_033221/artifacts/modules_dir/lib/modules/6.18.0-00006-g53d68d37d754/kernel/sound/soc/generic/snd-soc-audio-graph-card.ko
  STRIP   /local/mnt/workspace/AURA_V1/evidence/compile_closure_wcd937x_continuation_20260520_033221/artifacts/modules_dir/lib/modules/6.18.0-00006-g53d68d37d754/kernel/sound/soc/generic/snd-soc-simple-card-utils.ko
  STRIP   /local/mnt/workspace/AURA_V1/evidence/compile_closure_wcd937x_continuation_20260520_033221/artifacts/modules_dir/lib/modules/6.18.0-00006-g53d68d37d754/kernel/sound/soc/generic/snd-soc-simple-card.ko
  STRIP   /local/mnt/workspace/AURA_V1/evidence/compile_closure_wcd937x_continuation_20260520_033221/artifacts/modules_dir/lib/modules/6.18.0-00006-g53d68d37d754/kernel/sound/soc/generic/snd-soc-audio-graph-card.ko
  INSTALL /local/mnt/workspace/AURA_V1/evidence/compile_closure_wcd937x_continuation_20260520_033221/artifacts/modules_dir/lib/modules/6.18.0-00006-g53d68d37d754/kernel/sound/soc/generic/snd-soc-audio-graph-card2.ko
  INSTALL /local/mnt/workspace/AURA_V1/evidence/compile_closure_wcd937x_continuation_20260520_033221/artifacts/modules_dir/lib/modules/6.18.0-00006-g53d68d37d754/kernel/sound/soc/bcm/snd-soc-bcm2835-i2s.ko
  INSTALL /local/mnt/workspace/AURA_V1/evidence/compile_closure_wcd937x_continuation_20260520_033221/artifacts/modules_dir/lib/modules/6.18.0-00006-g53d68d37d754/kernel/sound/soc/fsl/snd-soc-fsl-audmix.ko
  INSTALL /local/mnt/workspace/AURA_V1/evidence/compile_closure_wcd937x_continuation_20260520_033221/artifacts/modules_dir/lib/modules/6.18.0-00006-g53d68d37d754/kernel/sound/soc/fsl/snd-soc-fsl-asoc-card.ko
  INSTALL /local/mnt/workspace/AURA_V1/evidence/compile_closure_wcd937x_continuation_20260520_033221/artifacts/modules_dir/lib/modules/6.18.0-00006-g53d68d37d754/kernel/sound/soc/fsl/snd-soc-fsl-asrc.ko
  STRIP   /local/mnt/workspace/AURA_V1/evidence/compile_closure_wcd937x_continuation_20260520_033221/artifacts/modules_dir/lib/modules/6.18.0-00006-g53d68d37d754/kernel/sound/soc/generic/snd-soc-audio-graph-card2.ko
  INSTALL /local/mnt/workspace/AURA_V1/evidence/compile_closure_wcd937x_continuation_20260520_033221/artifacts/modules_dir/lib/modules/6.18.0-00006-g53d68d37d754/kernel/sound/soc/fsl/snd-soc-fsl-sai.ko
  STRIP   /local/mnt/workspace/AURA_V1/evidence/compile_closure_wcd937x_continuation_20260520_033221/artifacts/modules_dir/lib/modules/6.18.0-00006-g53d68d37d754/kernel/sound/soc/bcm/snd-soc-bcm2835-i2s.ko
  STRIP   /local/mnt/workspace/AURA_V1/evidence/compile_closure_wcd937x_continuation_20260520_033221/artifacts/modules_dir/lib/modules/6.18.0-00006-g53d68d37d754/kernel/sound/soc/fsl/snd-soc-fsl-audmix.ko
  STRIP   /local/mnt/workspace/AURA_V1/evidence/compile_closure_wcd937x_continuation_20260520_033221/artifacts/modules_dir/lib/modules/6.18.0-00006-g53d68d37d754/kernel/sound/soc/fsl/snd-soc-fsl-asoc-card.ko
  INSTALL /local/mnt/workspace/AURA_V1/evidence/compile_closure_wcd937x_continuation_20260520_033221/artifacts/modules_dir/lib/modules/6.18.0-00006-g53d68d37d754/kernel/sound/soc/fsl/snd-soc-fsl-ssi.ko
  INSTALL /local/mnt/workspace/AURA_V1/evidence/compile_closure_wcd937x_continuation_20260520_033221/artifacts/modules_dir/lib/modules/6.18.0-00006-g53d68d37d754/kernel/sound/soc/fsl/snd-soc-fsl-spdif.ko
  STRIP   /local/mnt/workspace/AURA_V1/evidence/compile_closure_wcd937x_continuation_20260520_033221/artifacts/modules_dir/lib/modules/6.18.0-00006-g53d68d37d754/kernel/sound/soc/fsl/snd-soc-fsl-asrc.ko
  STRIP   /local/mnt/workspace/AURA_V1/evidence/compile_closure_wcd937x_continuation_20260520_033221/artifacts/modules_dir/lib/modules/6.18.0-00006-g53d68d37d754/kernel/sound/soc/fsl/snd-soc-fsl-sai.ko
  STRIP   /local/mnt/workspace/AURA_V1/evidence/compile_closure_wcd937x_continuation_20260520_033221/artifacts/modules_dir/lib/modules/6.18.0-00006-g53d68d37d754/kernel/sound/soc/fsl/snd-soc-fsl-ssi.ko
  STRIP   /local/mnt/workspace/AURA_V1/evidence/compile_closure_wcd937x_continuation_20260520_033221/artifacts/modules_dir/lib/modules/6.18.0-00006-g53d68d37d754/kernel/sound/soc/fsl/snd-soc-fsl-spdif.ko
  INSTALL /local/mnt/workspace/AURA_V1/evidence/compile_closure_wcd937x_continuation_20260520_033221/artifacts/modules_dir/lib/modules/6.18.0-00006-g53d68d37d754/kernel/sound/soc/fsl/snd-soc-fsl-esai.ko
  INSTALL /local/mnt/workspace/AURA_V1/evidence/compile_closure_wcd937x_continuation_20260520_033221/artifacts/modules_dir/lib/modules/6.18.0-00006-g53d68d37d754/kernel/sound/soc/fsl/snd-soc-fsl-micfil.ko
  INSTALL /local/mnt/workspace/AURA_V1/evidence/compile_closure_wcd937x_continuation_20260520_033221/artifacts/modules_dir/lib/modules/6.18.0-00006-g53d68d37d754/kernel/sound/soc/fsl/snd-soc-fsl-utils.ko
  INSTALL /local/mnt/workspace/AURA_V1/evidence/compile_closure_wcd937x_continuation_20260520_033221/artifacts/modules_dir/lib/modules/6.18.0-00006-g53d68d37d754/kernel/sound/soc/fsl/snd-soc-fsl-easrc.ko
  STRIP   /local/mnt/workspace/AURA_V1/evidence/compile_closure_wcd937x_continuation_20260520_033221/artifacts/modules_dir/lib/modules/6.18.0-00006-g53d68d37d754/kernel/sound/soc/fsl/snd-soc-fsl-esai.ko
  INSTALL /local/mnt/workspace/AURA_V1/evidence/compile_closure_wcd937x_continuation_20260520_033221/artifacts/modules_dir/lib/modules/6.18.0-00006-g53d68d37d754/kernel/sound/soc/fsl/snd-soc-imx-audmux.ko
  STRIP   /local/mnt/workspace/AURA_V1/evidence/compile_closure_wcd937x_continuation_20260520_033221/artifacts/modules_dir/lib/modules/6.18.0-00006-g53d68d37d754/kernel/sound/soc/fsl/snd-soc-fsl-micfil.ko
  INSTALL /local/mnt/workspace/AURA_V1/evidence/compile_closure_wcd937x_continuation_20260520_033221/artifacts/modules_dir/lib/modules/6.18.0-00006-g53d68d37d754/kernel/sound/soc/fsl/imx-pcm-dma.ko
  STRIP   /local/mnt/workspace/AURA_V1/evidence/compile_closure_wcd937x_continuation_20260520_033221/artifacts/modules_dir/lib/modules/6.18.0-00006-g53d68d37d754/kernel/sound/soc/fsl/snd-soc-fsl-easrc.ko
  STRIP   /local/mnt/workspace/AURA_V1/evidence/compile_closure_wcd937x_continuation_20260520_033221/artifacts/modules_dir/lib/modules/6.18.0-00006-g53d68d37d754/kernel/sound/soc/fsl/snd-soc-fsl-utils.ko
  INSTALL /local/mnt/workspace/AURA_V1/evidence/compile_closure_wcd937x_continuation_20260520_033221/artifacts/modules_dir/lib/modules/6.18.0-00006-g53d68d37d754/kernel/sound/soc/fsl/snd-soc-imx-sgtl5000.ko
  INSTALL /local/mnt/workspace/AURA_V1/evidence/compile_closure_wcd937x_continuation_20260520_033221/artifacts/modules_dir/lib/modules/6.18.0-00006-g53d68d37d754/kernel/sound/soc/fsl/snd-soc-imx-audmix.ko
  STRIP   /local/mnt/workspace/AURA_V1/evidence/compile_closure_wcd937x_continuation_20260520_033221/artifacts/modules_dir/lib/modules/6.18.0-00006-g53d68d37d754/kernel/sound/soc/fsl/snd-soc-imx-audmux.ko
  STRIP   /local/mnt/workspace/AURA_V1/evidence/compile_closure_wcd937x_continuation_20260520_033221/artifacts/modules_dir/lib/modules/6.18.0-00006-g53d68d37d754/kernel/sound/soc/fsl/imx-pcm-dma.ko
  INSTALL /local/mnt/workspace/AURA_V1/evidence/compile_closure_wcd937x_continuation_20260520_033221/artifacts/modules_dir/lib/modules/6.18.0-00006-g53d68d37d754/kernel/sound/soc/mediatek/common/snd-soc-mtk-common.ko
  STRIP   /local/mnt/workspace/AURA_V1/evidence/compile_closure_wcd937x_continuation_20260520_033221/artifacts/modules_dir/lib/modules/6.18.0-00006-g53d68d37d754/kernel/sound/soc/fsl/snd-soc-imx-sgtl5000.ko
  STRIP   /local/mnt/workspace/AURA_V1/evidence/compile_closure_wcd937x_continuation_20260520_033221/artifacts/modules_dir/lib/modules/6.18.0-00006-g53d68d37d754/kernel/sound/soc/fsl/snd-soc-imx-audmix.ko
  INSTALL /local/mnt/workspace/AURA_V1/evidence/compile_closure_wcd937x_continuation_20260520_033221/artifacts/modules_dir/lib/modules/6.18.0-00006-g53d68d37d754/kernel/sound/soc/mediatek/mt8183/snd-soc-mt8183-afe.ko
  STRIP   /local/mnt/workspace/AURA_V1/evidence/compile_closure_wcd937x_continuation_20260520_033221/artifacts/modules_dir/lib/modules/6.18.0-00006-g53d68d37d754/kernel/sound/soc/mediatek/common/snd-soc-mtk-common.ko
  INSTALL /local/mnt/workspace/AURA_V1/evidence/compile_closure_wcd937x_continuation_20260520_033221/artifacts/modules_dir/lib/modules/6.18.0-00006-g53d68d37d754/kernel/sound/soc/mediatek/mt8183/mt8183-mt6358-ts3a227-max98357.ko
  INSTALL /local/mnt/workspace/AURA_V1/evidence/compile_closure_wcd937x_continuation_20260520_033221/artifacts/modules_dir/lib/modules/6.18.0-00006-g53d68d37d754/kernel/sound/soc/mediatek/mt8183/mt8183-da7219-max98357.ko
  INSTALL /local/mnt/workspace/AURA_V1/evidence/compile_closure_wcd937x_continuation_20260520_033221/artifacts/modules_dir/lib/modules/6.18.0-00006-g53d68d37d754/kernel/sound/soc/mediatek/mt8188/snd-soc-mt8188-afe.ko
  INSTALL /local/mnt/workspace/AURA_V1/evidence/compile_closure_wcd937x_continuation_20260520_033221/artifacts/modules_dir/lib/modules/6.18.0-00006-g53d68d37d754/kernel/sound/soc/mediatek/mt8188/mt8188-mt6359.ko
  INSTALL /local/mnt/workspace/AURA_V1/evidence/compile_closure_wcd937x_continuation_20260520_033221/artifacts/modules_dir/lib/modules/6.18.0-00006-g53d68d37d754/kernel/sound/soc/mediatek/mt8192/snd-soc-mt8192-afe.ko
  STRIP   /local/mnt/workspace/AURA_V1/evidence/compile_closure_wcd937x_continuation_20260520_033221/artifacts/modules_dir/lib/modules/6.18.0-00006-g53d68d37d754/kernel/sound/soc/mediatek/mt8183/snd-soc-mt8183-afe.ko
  STRIP   /local/mnt/workspace/AURA_V1/evidence/compile_closure_wcd937x_continuation_20260520_033221/artifacts/modules_dir/lib/modules/6.18.0-00006-g53d68d37d754/kernel/sound/soc/mediatek/mt8183/mt8183-mt6358-ts3a227-max98357.ko
  STRIP   /local/mnt/workspace/AURA_V1/evidence/compile_closure_wcd937x_continuation_20260520_033221/artifacts/modules_dir/lib/modules/6.18.0-00006-g53d68d37d754/kernel/sound/soc/mediatek/mt8183/mt8183-da7219-max98357.ko
  INSTALL /local/mnt/workspace/AURA_V1/evidence/compile_closure_wcd937x_continuation_20260520_033221/artifacts/modules_dir/lib/modules/6.18.0-00006-g53d68d37d754/kernel/sound/soc/mediatek/mt8192/mt8192-mt6359-rt1015-rt5682.ko
  STRIP   /local/mnt/workspace/AURA_V1/evidence/compile_closure_wcd937x_continuation_20260520_033221/artifacts/modules_dir/lib/modules/6.18.0-00006-g53d68d37d754/kernel/sound/soc/mediatek/mt8188/mt8188-mt6359.ko
  STRIP   /local/mnt/workspace/AURA_V1/evidence/compile_closure_wcd937x_continuation_20260520_033221/artifacts/modules_dir/lib/modules/6.18.0-00006-g53d68d37d754/kernel/sound/soc/mediatek/mt8188/snd-soc-mt8188-afe.ko
  INSTALL /local/mnt/workspace/AURA_V1/evidence/compile_closure_wcd937x_continuation_20260520_033221/artifacts/modules_dir/lib/modules/6.18.0-00006-g53d68d37d754/kernel/sound/soc/mediatek/mt8195/snd-soc-mt8195-afe.ko
  STRIP   /local/mnt/workspace/AURA_V1/evidence/compile_closure_wcd937x_continuation_20260520_033221/artifacts/modules_dir/lib/modules/6.18.0-00006-g53d68d37d754/kernel/sound/soc/mediatek/mt8192/snd-soc-mt8192-afe.ko
  STRIP   /local/mnt/workspace/AURA_V1/evidence/compile_closure_wcd937x_continuation_20260520_033221/artifacts/modules_dir/lib/modules/6.18.0-00006-g53d68d37d754/kernel/sound/soc/mediatek/mt8192/mt8192-mt6359-rt1015-rt5682.ko
  STRIP   /local/mnt/workspace/AURA_V1/evidence/compile_closure_wcd937x_continuation_20260520_033221/artifacts/modules_dir/lib/modules/6.18.0-00006-g53d68d37d754/kernel/sound/soc/mediatek/mt8195/snd-soc-mt8195-afe.ko
  INSTALL /local/mnt/workspace/AURA_V1/evidence/compile_closure_wcd937x_continuation_20260520_033221/artifacts/modules_dir/lib/modules/6.18.0-00006-g53d68d37d754/kernel/sound/soc/mediatek/mt8195/mt8195-mt6359.ko
  INSTALL /local/mnt/workspace/AURA_V1/evidence/compile_closure_wcd937x_continuation_20260520_033221/artifacts/modules_dir/lib/modules/6.18.0-00006-g53d68d37d754/kernel/sound/soc/mediatek/mt8365/snd-soc-mt8365-pcm.ko
  INSTALL /local/mnt/workspace/AURA_V1/evidence/compile_closure_wcd937x_continuation_20260520_033221/artifacts/modules_dir/lib/modules/6.18.0-00006-g53d68d37d754/kernel/sound/soc/mediatek/mt8365/mt8365-mt6357.ko
  INSTALL /local/mnt/workspace/AURA_V1/evidence/compile_closure_wcd937x_continuation_20260520_033221/artifacts/modules_dir/lib/modules/6.18.0-00006-g53d68d37d754/kernel/sound/soc/meson/snd-soc-meson-aiu.ko
  INSTALL /local/mnt/workspace/AURA_V1/evidence/compile_closure_wcd937x_continuation_20260520_033221/artifacts/modules_dir/lib/modules/6.18.0-00006-g53d68d37d754/kernel/sound/soc/meson/snd-soc-meson-axg-fifo.ko
  STRIP   /local/mnt/workspace/AURA_V1/evidence/compile_closure_wcd937x_continuation_20260520_033221/artifacts/modules_dir/lib/modules/6.18.0-00006-g53d68d37d754/kernel/sound/soc/mediatek/mt8365/snd-soc-mt8365-pcm.ko
  STRIP   /local/mnt/workspace/AURA_V1/evidence/compile_closure_wcd937x_continuation_20260520_033221/artifacts/modules_dir/lib/modules/6.18.0-00006-g53d68d37d754/kernel/sound/soc/mediatek/mt8195/mt8195-mt6359.ko
  STRIP   /local/mnt/workspace/AURA_V1/evidence/compile_closure_wcd937x_continuation_20260520_033221/artifacts/modules_dir/lib/modules/6.18.0-00006-g53d68d37d754/kernel/sound/soc/mediatek/mt8365/mt8365-mt6357.ko
  STRIP   /local/mnt/workspace/AURA_V1/evidence/compile_closure_wcd937x_continuation_20260520_033221/artifacts/modules_dir/lib/modules/6.18.0-00006-g53d68d37d754/kernel/sound/soc/meson/snd-soc-meson-aiu.ko
  STRIP   /local/mnt/workspace/AURA_V1/evidence/compile_closure_wcd937x_continuation_20260520_033221/artifacts/modules_dir/lib/modules/6.18.0-00006-g53d68d37d754/kernel/sound/soc/meson/snd-soc-meson-axg-fifo.ko
  INSTALL /local/mnt/workspace/AURA_V1/evidence/compile_closure_wcd937x_continuation_20260520_033221/artifacts/modules_dir/lib/modules/6.18.0-00006-g53d68d37d754/kernel/sound/soc/meson/snd-soc-meson-axg-frddr.ko
  INSTALL /local/mnt/workspace/AURA_V1/evidence/compile_closure_wcd937x_continuation_20260520_033221/artifacts/modules_dir/lib/modules/6.18.0-00006-g53d68d37d754/kernel/sound/soc/meson/snd-soc-meson-axg-toddr.ko
  INSTALL /local/mnt/workspace/AURA_V1/evidence/compile_closure_wcd937x_continuation_20260520_033221/artifacts/modules_dir/lib/modules/6.18.0-00006-g53d68d37d754/kernel/sound/soc/meson/snd-soc-meson-axg-tdm-formatter.ko
  INSTALL /local/mnt/workspace/AURA_V1/evidence/compile_closure_wcd937x_continuation_20260520_033221/artifacts/modules_dir/lib/modules/6.18.0-00006-g53d68d37d754/kernel/sound/soc/meson/snd-soc-meson-axg-tdm-interface.ko
  STRIP   /local/mnt/workspace/AURA_V1/evidence/compile_closure_wcd937x_continuation_20260520_033221/artifacts/modules_dir/lib/modules/6.18.0-00006-g53d68d37d754/kernel/sound/soc/meson/snd-soc-meson-axg-frddr.ko
  STRIP   /local/mnt/workspace/AURA_V1/evidence/compile_closure_wcd937x_continuation_20260520_033221/artifacts/modules_dir/lib/modules/6.18.0-00006-g53d68d37d754/kernel/sound/soc/meson/snd-soc-meson-axg-toddr.ko
  STRIP   /local/mnt/workspace/AURA_V1/evidence/compile_closure_wcd937x_continuation_20260520_033221/artifacts/modules_dir/lib/modules/6.18.0-00006-g53d68d37d754/kernel/sound/soc/meson/snd-soc-meson-axg-tdm-formatter.ko
  INSTALL /local/mnt/workspace/AURA_V1/evidence/compile_closure_wcd937x_continuation_20260520_033221/artifacts/modules_dir/lib/modules/6.18.0-00006-g53d68d37d754/kernel/sound/soc/meson/snd-soc-meson-axg-tdmin.ko
  STRIP   /local/mnt/workspace/AURA_V1/evidence/compile_closure_wcd937x_continuation_20260520_033221/artifacts/modules_dir/lib/modules/6.18.0-00006-g53d68d37d754/kernel/sound/soc/meson/snd-soc-meson-axg-tdm-interface.ko
  INSTALL /local/mnt/workspace/AURA_V1/evidence/compile_closure_wcd937x_continuation_20260520_033221/artifacts/modules_dir/lib/modules/6.18.0-00006-g53d68d37d754/kernel/sound/soc/meson/snd-soc-meson-axg-tdmout.ko
  INSTALL /local/mnt/workspace/AURA_V1/evidence/compile_closure_wcd937x_continuation_20260520_033221/artifacts/modules_dir/lib/modules/6.18.0-00006-g53d68d37d754/kernel/sound/soc/meson/snd-soc-meson-axg-sound-card.ko
  INSTALL /local/mnt/workspace/AURA_V1/evidence/compile_closure_wcd937x_continuation_20260520_033221/artifacts/modules_dir/lib/modules/6.18.0-00006-g53d68d37d754/kernel/sound/soc/meson/snd-soc-meson-axg-spdifin.ko
  STRIP   /local/mnt/workspace/AURA_V1/evidence/compile_closure_wcd937x_continuation_20260520_033221/artifacts/modules_dir/lib/modules/6.18.0-00006-g53d68d37d754/kernel/sound/soc/meson/snd-soc-meson-axg-tdmin.ko
  STRIP   /local/mnt/workspace/AURA_V1/evidence/compile_closure_wcd937x_continuation_20260520_033221/artifacts/modules_dir/lib/modules/6.18.0-00006-g53d68d37d754/kernel/sound/soc/meson/snd-soc-meson-axg-tdmout.ko
  STRIP   /local/mnt/workspace/AURA_V1/evidence/compile_closure_wcd937x_continuation_20260520_033221/artifacts/modules_dir/lib/modules/6.18.0-00006-g53d68d37d754/kernel/sound/soc/meson/snd-soc-meson-axg-sound-card.ko
  STRIP   /local/mnt/workspace/AURA_V1/evidence/compile_closure_wcd937x_continuation_20260520_033221/artifacts/modules_dir/lib/modules/6.18.0-00006-g53d68d37d754/kernel/sound/soc/meson/snd-soc-meson-axg-spdifin.ko
  INSTALL /local/mnt/workspace/AURA_V1/evidence/compile_closure_wcd937x_continuation_20260520_033221/artifacts/modules_dir/lib/modules/6.18.0-00006-g53d68d37d754/kernel/sound/soc/meson/snd-soc-meson-axg-spdifout.ko
  INSTALL /local/mnt/workspace/AURA_V1/evidence/compile_closure_wcd937x_continuation_20260520_033221/artifacts/modules_dir/lib/modules/6.18.0-00006-g53d68d37d754/kernel/sound/soc/meson/snd-soc-meson-axg-pdm.ko
  INSTALL /local/mnt/workspace/AURA_V1/evidence/compile_closure_wcd937x_continuation_20260520_033221/artifacts/modules_dir/lib/modules/6.18.0-00006-g53d68d37d754/kernel/sound/soc/meson/snd-soc-meson-card-utils.ko
  INSTALL /local/mnt/workspace/AURA_V1/evidence/compile_closure_wcd937x_continuation_20260520_033221/artifacts/modules_dir/lib/modules/6.18.0-00006-g53d68d37d754/kernel/sound/soc/meson/snd-soc-meson-codec-glue.ko
  STRIP   /local/mnt/workspace/AURA_V1/evidence/compile_closure_wcd937x_continuation_20260520_033221/artifacts/modules_dir/lib/modules/6.18.0-00006-g53d68d37d754/kernel/sound/soc/meson/snd-soc-meson-axg-spdifout.ko
  STRIP   /local/mnt/workspace/AURA_V1/evidence/compile_closure_wcd937x_continuation_20260520_033221/artifacts/modules_dir/lib/modules/6.18.0-00006-g53d68d37d754/kernel/sound/soc/meson/snd-soc-meson-axg-pdm.ko
  STRIP   /local/mnt/workspace/AURA_V1/evidence/compile_closure_wcd937x_continuation_20260520_033221/artifacts/modules_dir/lib/modules/6.18.0-00006-g53d68d37d754/kernel/sound/soc/meson/snd-soc-meson-card-utils.ko
  INSTALL /local/mnt/workspace/AURA_V1/evidence/compile_closure_wcd937x_continuation_20260520_033221/artifacts/modules_dir/lib/modules/6.18.0-00006-g53d68d37d754/kernel/sound/soc/meson/snd-soc-meson-gx-sound-card.ko
  STRIP   /local/mnt/workspace/AURA_V1/evidence/compile_closure_wcd937x_continuation_20260520_033221/artifacts/modules_dir/lib/modules/6.18.0-00006-g53d68d37d754/kernel/sound/soc/meson/snd-soc-meson-codec-glue.ko
  INSTALL /local/mnt/workspace/AURA_V1/evidence/compile_closure_wcd937x_continuation_20260520_033221/artifacts/modules_dir/lib/modules/6.18.0-00006-g53d68d37d754/kernel/sound/soc/meson/snd-soc-meson-g12a-toacodec.ko
  INSTALL /local/mnt/workspace/AURA_V1/evidence/compile_closure_wcd937x_continuation_20260520_033221/artifacts/modules_dir/lib/modules/6.18.0-00006-g53d68d37d754/kernel/sound/soc/meson/snd-soc-meson-g12a-tohdmitx.ko
  INSTALL /local/mnt/workspace/AURA_V1/evidence/compile_closure_wcd937x_continuation_20260520_033221/artifacts/modules_dir/lib/modules/6.18.0-00006-g53d68d37d754/kernel/sound/soc/meson/snd-soc-meson-t9015.ko
  INSTALL /local/mnt/workspace/AURA_V1/evidence/compile_closure_wcd937x_continuation_20260520_033221/artifacts/modules_dir/lib/modules/6.18.0-00006-g53d68d37d754/kernel/sound/soc/qcom/snd-soc-lpass-cpu.ko
  STRIP   /local/mnt/workspace/AURA_V1/evidence/compile_closure_wcd937x_continuation_20260520_033221/artifacts/modules_dir/lib/modules/6.18.0-00006-g53d68d37d754/kernel/sound/soc/meson/snd-soc-meson-gx-sound-card.ko
  STRIP   /local/mnt/workspace/AURA_V1/evidence/compile_closure_wcd937x_continuation_20260520_033221/artifacts/modules_dir/lib/modules/6.18.0-00006-g53d68d37d754/kernel/sound/soc/meson/snd-soc-meson-g12a-toacodec.ko
  STRIP   /local/mnt/workspace/AURA_V1/evidence/compile_closure_wcd937x_continuation_20260520_033221/artifacts/modules_dir/lib/modules/6.18.0-00006-g53d68d37d754/kernel/sound/soc/meson/snd-soc-meson-g12a-tohdmitx.ko
  STRIP   /local/mnt/workspace/AURA_V1/evidence/compile_closure_wcd937x_continuation_20260520_033221/artifacts/modules_dir/lib/modules/6.18.0-00006-g53d68d37d754/kernel/sound/soc/meson/snd-soc-meson-t9015.ko
  INSTALL /local/mnt/workspace/AURA_V1/evidence/compile_closure_wcd937x_continuation_20260520_033221/artifacts/modules_dir/lib/modules/6.18.0-00006-g53d68d37d754/kernel/sound/soc/qcom/snd-soc-lpass-cdc-dma.ko
  INSTALL /local/mnt/workspace/AURA_V1/evidence/compile_closure_wcd937x_continuation_20260520_033221/artifacts/modules_dir/lib/modules/6.18.0-00006-g53d68d37d754/kernel/sound/soc/qcom/snd-soc-lpass-hdmi.ko
  STRIP   /local/mnt/workspace/AURA_V1/evidence/compile_closure_wcd937x_continuation_20260520_033221/artifacts/modules_dir/lib/modules/6.18.0-00006-g53d68d37d754/kernel/sound/soc/qcom/snd-soc-lpass-cpu.ko
  INSTALL /local/mnt/workspace/AURA_V1/evidence/compile_closure_wcd937x_continuation_20260520_033221/artifacts/modules_dir/lib/modules/6.18.0-00006-g53d68d37d754/kernel/sound/soc/qcom/snd-soc-lpass-platform.ko
  STRIP   /local/mnt/workspace/AURA_V1/evidence/compile_closure_wcd937x_continuation_20260520_033221/artifacts/modules_dir/lib/modules/6.18.0-00006-g53d68d37d754/kernel/sound/soc/qcom/snd-soc-lpass-cdc-dma.ko
  STRIP   /local/mnt/workspace/AURA_V1/evidence/compile_closure_wcd937x_continuation_20260520_033221/artifacts/modules_dir/lib/modules/6.18.0-00006-g53d68d37d754/kernel/sound/soc/qcom/snd-soc-lpass-hdmi.ko
  INSTALL /local/mnt/workspace/AURA_V1/evidence/compile_closure_wcd937x_continuation_20260520_033221/artifacts/modules_dir/lib/modules/6.18.0-00006-g53d68d37d754/kernel/sound/soc/qcom/snd-soc-lpass-apq8016.ko
  STRIP   /local/mnt/workspace/AURA_V1/evidence/compile_closure_wcd937x_continuation_20260520_033221/artifacts/modules_dir/lib/modules/6.18.0-00006-g53d68d37d754/kernel/sound/soc/qcom/snd-soc-lpass-platform.ko
  INSTALL /local/mnt/workspace/AURA_V1/evidence/compile_closure_wcd937x_continuation_20260520_033221/artifacts/modules_dir/lib/modules/6.18.0-00006-g53d68d37d754/kernel/sound/soc/qcom/snd-soc-lpass-sc7180.ko
  INSTALL /local/mnt/workspace/AURA_V1/evidence/compile_closure_wcd937x_continuation_20260520_033221/artifacts/modules_dir/lib/modules/6.18.0-00006-g53d68d37d754/kernel/sound/soc/qcom/snd-soc-lpass-sc7280.ko
  INSTALL /local/mnt/workspace/AURA_V1/evidence/compile_closure_wcd937x_continuation_20260520_033221/artifacts/modules_dir/lib/modules/6.18.0-00006-g53d68d37d754/kernel/sound/soc/qcom/snd-soc-apq8016-sbc.ko
  INSTALL /local/mnt/workspace/AURA_V1/evidence/compile_closure_wcd937x_continuation_20260520_033221/artifacts/modules_dir/lib/modules/6.18.0-00006-g53d68d37d754/kernel/sound/soc/qcom/snd-soc-apq8096.ko
  STRIP   /local/mnt/workspace/AURA_V1/evidence/compile_closure_wcd937x_continuation_20260520_033221/artifacts/modules_dir/lib/modules/6.18.0-00006-g53d68d37d754/kernel/sound/soc/qcom/snd-soc-lpass-apq8016.ko
  STRIP   /local/mnt/workspace/AURA_V1/evidence/compile_closure_wcd937x_continuation_20260520_033221/artifacts/modules_dir/lib/modules/6.18.0-00006-g53d68d37d754/kernel/sound/soc/qcom/snd-soc-lpass-sc7180.ko
  STRIP   /local/mnt/workspace/AURA_V1/evidence/compile_closure_wcd937x_continuation_20260520_033221/artifacts/modules_dir/lib/modules/6.18.0-00006-g53d68d37d754/kernel/sound/soc/qcom/snd-soc-lpass-sc7280.ko
  INSTALL /local/mnt/workspace/AURA_V1/evidence/compile_closure_wcd937x_continuation_20260520_033221/artifacts/modules_dir/lib/modules/6.18.0-00006-g53d68d37d754/kernel/sound/soc/qcom/snd-soc-sc7180.ko
  INSTALL /local/mnt/workspace/AURA_V1/evidence/compile_closure_wcd937x_continuation_20260520_033221/artifacts/modules_dir/lib/modules/6.18.0-00006-g53d68d37d754/kernel/sound/soc/qcom/snd-soc-sc7280.ko
  STRIP   /local/mnt/workspace/AURA_V1/evidence/compile_closure_wcd937x_continuation_20260520_033221/artifacts/modules_dir/lib/modules/6.18.0-00006-g53d68d37d754/kernel/sound/soc/qcom/snd-soc-apq8016-sbc.ko
  STRIP   /local/mnt/workspace/AURA_V1/evidence/compile_closure_wcd937x_continuation_20260520_033221/artifacts/modules_dir/lib/modules/6.18.0-00006-g53d68d37d754/kernel/sound/soc/qcom/snd-soc-apq8096.ko
  INSTALL /local/mnt/workspace/AURA_V1/evidence/compile_closure_wcd937x_continuation_20260520_033221/artifacts/modules_dir/lib/modules/6.18.0-00006-g53d68d37d754/kernel/sound/soc/qcom/snd-soc-sc8280xp.ko
  STRIP   /local/mnt/workspace/AURA_V1/evidence/compile_closure_wcd937x_continuation_20260520_033221/artifacts/modules_dir/lib/modules/6.18.0-00006-g53d68d37d754/kernel/sound/soc/qcom/snd-soc-sc7180.ko
  STRIP   /local/mnt/workspace/AURA_V1/evidence/compile_closure_wcd937x_continuation_20260520_033221/artifacts/modules_dir/lib/modules/6.18.0-00006-g53d68d37d754/kernel/sound/soc/qcom/snd-soc-sc7280.ko
  STRIP   /local/mnt/workspace/AURA_V1/evidence/compile_closure_wcd937x_continuation_20260520_033221/artifacts/modules_dir/lib/modules/6.18.0-00006-g53d68d37d754/kernel/sound/soc/qcom/snd-soc-sc8280xp.ko
  INSTALL /local/mnt/workspace/AURA_V1/evidence/compile_closure_wcd937x_continuation_20260520_033221/artifacts/modules_dir/lib/modules/6.18.0-00006-g53d68d37d754/kernel/sound/soc/qcom/snd-soc-sdm845.ko
  INSTALL /local/mnt/workspace/AURA_V1/evidence/compile_closure_wcd937x_continuation_20260520_033221/artifacts/modules_dir/lib/modules/6.18.0-00006-g53d68d37d754/kernel/sound/soc/qcom/snd-soc-sm8250.ko
  INSTALL /local/mnt/workspace/AURA_V1/evidence/compile_closure_wcd937x_continuation_20260520_033221/artifacts/modules_dir/lib/modules/6.18.0-00006-g53d68d37d754/kernel/sound/soc/qcom/snd-soc-qcom-common.ko
  INSTALL /local/mnt/workspace/AURA_V1/evidence/compile_closure_wcd937x_continuation_20260520_033221/artifacts/modules_dir/lib/modules/6.18.0-00006-g53d68d37d754/kernel/sound/soc/qcom/snd-soc-qcom-sdw.ko
  STRIP   /local/mnt/workspace/AURA_V1/evidence/compile_closure_wcd937x_continuation_20260520_033221/artifacts/modules_dir/lib/modules/6.18.0-00006-g53d68d37d754/kernel/sound/soc/qcom/snd-soc-sdm845.ko
  INSTALL /local/mnt/workspace/AURA_V1/evidence/compile_closure_wcd937x_continuation_20260520_033221/artifacts/modules_dir/lib/modules/6.18.0-00006-g53d68d37d754/kernel/sound/soc/qcom/snd-soc-x1e80100.ko
  STRIP   /local/mnt/workspace/AURA_V1/evidence/compile_closure_wcd937x_continuation_20260520_033221/artifacts/modules_dir/lib/modules/6.18.0-00006-g53d68d37d754/kernel/sound/soc/qcom/snd-soc-sm8250.ko
  INSTALL /local/mnt/workspace/AURA_V1/evidence/compile_closure_wcd937x_continuation_20260520_033221/artifacts/modules_dir/lib/modules/6.18.0-00006-g53d68d37d754/kernel/sound/soc/qcom/qdsp6/snd-q6dsp-common.ko
  STRIP   /local/mnt/workspace/AURA_V1/evidence/compile_closure_wcd937x_continuation_20260520_033221/artifacts/modules_dir/lib/modules/6.18.0-00006-g53d68d37d754/kernel/sound/soc/qcom/snd-soc-qcom-common.ko
  STRIP   /local/mnt/workspace/AURA_V1/evidence/compile_closure_wcd937x_continuation_20260520_033221/artifacts/modules_dir/lib/modules/6.18.0-00006-g53d68d37d754/kernel/sound/soc/qcom/snd-soc-qcom-sdw.ko
  INSTALL /local/mnt/workspace/AURA_V1/evidence/compile_closure_wcd937x_continuation_20260520_033221/artifacts/modules_dir/lib/modules/6.18.0-00006-g53d68d37d754/kernel/sound/soc/qcom/qdsp6/q6core.ko
  STRIP   /local/mnt/workspace/AURA_V1/evidence/compile_closure_wcd937x_continuation_20260520_033221/artifacts/modules_dir/lib/modules/6.18.0-00006-g53d68d37d754/kernel/sound/soc/qcom/snd-soc-x1e80100.ko
  INSTALL /local/mnt/workspace/AURA_V1/evidence/compile_closure_wcd937x_continuation_20260520_033221/artifacts/modules_dir/lib/modules/6.18.0-00006-g53d68d37d754/kernel/sound/soc/qcom/qdsp6/q6afe.ko
  INSTALL /local/mnt/workspace/AURA_V1/evidence/compile_closure_wcd937x_continuation_20260520_033221/artifacts/modules_dir/lib/modules/6.18.0-00006-g53d68d37d754/kernel/sound/soc/qcom/qdsp6/q6afe-dai.ko
  STRIP   /local/mnt/workspace/AURA_V1/evidence/compile_closure_wcd937x_continuation_20260520_033221/artifacts/modules_dir/lib/modules/6.18.0-00006-g53d68d37d754/kernel/sound/soc/qcom/qdsp6/snd-q6dsp-common.ko
  STRIP   /local/mnt/workspace/AURA_V1/evidence/compile_closure_wcd937x_continuation_20260520_033221/artifacts/modules_dir/lib/modules/6.18.0-00006-g53d68d37d754/kernel/sound/soc/qcom/qdsp6/q6core.ko
  STRIP   /local/mnt/workspace/AURA_V1/evidence/compile_closure_wcd937x_continuation_20260520_033221/artifacts/modules_dir/lib/modules/6.18.0-00006-g53d68d37d754/kernel/sound/soc/qcom/qdsp6/q6afe.ko
  STRIP   /local/mnt/workspace/AURA_V1/evidence/compile_closure_wcd937x_continuation_20260520_033221/artifacts/modules_dir/lib/modules/6.18.0-00006-g53d68d37d754/kernel/sound/soc/qcom/qdsp6/q6afe-dai.ko
  INSTALL /local/mnt/workspace/AURA_V1/evidence/compile_closure_wcd937x_continuation_20260520_033221/artifacts/modules_dir/lib/modules/6.18.0-00006-g53d68d37d754/kernel/sound/soc/qcom/qdsp6/q6afe-clocks.ko
  INSTALL /local/mnt/workspace/AURA_V1/evidence/compile_closure_wcd937x_continuation_20260520_033221/artifacts/modules_dir/lib/modules/6.18.0-00006-g53d68d37d754/kernel/sound/soc/qcom/qdsp6/q6adm.ko
  INSTALL /local/mnt/workspace/AURA_V1/evidence/compile_closure_wcd937x_continuation_20260520_033221/artifacts/modules_dir/lib/modules/6.18.0-00006-g53d68d37d754/kernel/sound/soc/qcom/qdsp6/q6routing.ko
  INSTALL /local/mnt/workspace/AURA_V1/evidence/compile_closure_wcd937x_continuation_20260520_033221/artifacts/modules_dir/lib/modules/6.18.0-00006-g53d68d37d754/kernel/sound/soc/qcom/qdsp6/q6asm.ko
  STRIP   /local/mnt/workspace/AURA_V1/evidence/compile_closure_wcd937x_continuation_20260520_033221/artifacts/modules_dir/lib/modules/6.18.0-00006-g53d68d37d754/kernel/sound/soc/qcom/qdsp6/q6afe-clocks.ko
  STRIP   /local/mnt/workspace/AURA_V1/evidence/compile_closure_wcd937x_continuation_20260520_033221/artifacts/modules_dir/lib/modules/6.18.0-00006-g53d68d37d754/kernel/sound/soc/qcom/qdsp6/q6adm.ko
  INSTALL /local/mnt/workspace/AURA_V1/evidence/compile_closure_wcd937x_continuation_20260520_033221/artifacts/modules_dir/lib/modules/6.18.0-00006-g53d68d37d754/kernel/sound/soc/qcom/qdsp6/q6asm-dai.ko
  INSTALL /local/mnt/workspace/AURA_V1/evidence/compile_closure_wcd937x_continuation_20260520_033221/artifacts/modules_dir/lib/modules/6.18.0-00006-g53d68d37d754/kernel/sound/soc/qcom/qdsp6/snd-q6apm.ko
  STRIP   /local/mnt/workspace/AURA_V1/evidence/compile_closure_wcd937x_continuation_20260520_033221/artifacts/modules_dir/lib/modules/6.18.0-00006-g53d68d37d754/kernel/sound/soc/qcom/qdsp6/q6routing.ko
  STRIP   /local/mnt/workspace/AURA_V1/evidence/compile_closure_wcd937x_continuation_20260520_033221/artifacts/modules_dir/lib/modules/6.18.0-00006-g53d68d37d754/kernel/sound/soc/qcom/qdsp6/q6asm.ko
  INSTALL /local/mnt/workspace/AURA_V1/evidence/compile_closure_wcd937x_continuation_20260520_033221/artifacts/modules_dir/lib/modules/6.18.0-00006-g53d68d37d754/kernel/sound/soc/qcom/qdsp6/q6apm-dai.ko
  STRIP   /local/mnt/workspace/AURA_V1/evidence/compile_closure_wcd937x_continuation_20260520_033221/artifacts/modules_dir/lib/modules/6.18.0-00006-g53d68d37d754/kernel/sound/soc/qcom/qdsp6/q6asm-dai.ko
  INSTALL /local/mnt/workspace/AURA_V1/evidence/compile_closure_wcd937x_continuation_20260520_033221/artifacts/modules_dir/lib/modules/6.18.0-00006-g53d68d37d754/kernel/sound/soc/qcom/qdsp6/q6apm-lpass-dais.ko
  STRIP   /local/mnt/workspace/AURA_V1/evidence/compile_closure_wcd937x_continuation_20260520_033221/artifacts/modules_dir/lib/modules/6.18.0-00006-g53d68d37d754/kernel/sound/soc/qcom/qdsp6/snd-q6apm.ko
  INSTALL /local/mnt/workspace/AURA_V1/evidence/compile_closure_wcd937x_continuation_20260520_033221/artifacts/modules_dir/lib/modules/6.18.0-00006-g53d68d37d754/kernel/sound/soc/qcom/qdsp6/q6prm.ko
  STRIP   /local/mnt/workspace/AURA_V1/evidence/compile_closure_wcd937x_continuation_20260520_033221/artifacts/modules_dir/lib/modules/6.18.0-00006-g53d68d37d754/kernel/sound/soc/qcom/qdsp6/q6apm-dai.ko
  INSTALL /local/mnt/workspace/AURA_V1/evidence/compile_closure_wcd937x_continuation_20260520_033221/artifacts/modules_dir/lib/modules/6.18.0-00006-g53d68d37d754/kernel/sound/soc/qcom/qdsp6/q6prm-clocks.ko
  STRIP   /local/mnt/workspace/AURA_V1/evidence/compile_closure_wcd937x_continuation_20260520_033221/artifacts/modules_dir/lib/modules/6.18.0-00006-g53d68d37d754/kernel/sound/soc/qcom/qdsp6/q6apm-lpass-dais.ko
  INSTALL /local/mnt/workspace/AURA_V1/evidence/compile_closure_wcd937x_continuation_20260520_033221/artifacts/modules_dir/lib/modules/6.18.0-00006-g53d68d37d754/kernel/sound/soc/renesas/rcar/snd-soc-rcar.ko
  STRIP   /local/mnt/workspace/AURA_V1/evidence/compile_closure_wcd937x_continuation_20260520_033221/artifacts/modules_dir/lib/modules/6.18.0-00006-g53d68d37d754/kernel/sound/soc/qcom/qdsp6/q6prm.ko
  STRIP   /local/mnt/workspace/AURA_V1/evidence/compile_closure_wcd937x_continuation_20260520_033221/artifacts/modules_dir/lib/modules/6.18.0-00006-g53d68d37d754/kernel/sound/soc/qcom/qdsp6/q6prm-clocks.ko
  INSTALL /local/mnt/workspace/AURA_V1/evidence/compile_closure_wcd937x_continuation_20260520_033221/artifacts/modules_dir/lib/modules/6.18.0-00006-g53d68d37d754/kernel/sound/soc/renesas/rcar/snd-soc-msiof.ko
  STRIP   /local/mnt/workspace/AURA_V1/evidence/compile_closure_wcd937x_continuation_20260520_033221/artifacts/modules_dir/lib/modules/6.18.0-00006-g53d68d37d754/kernel/sound/soc/renesas/rcar/snd-soc-rcar.ko
  INSTALL /local/mnt/workspace/AURA_V1/evidence/compile_closure_wcd937x_continuation_20260520_033221/artifacts/modules_dir/lib/modules/6.18.0-00006-g53d68d37d754/kernel/sound/soc/renesas/snd-soc-rz-ssi.ko
  INSTALL /local/mnt/workspace/AURA_V1/evidence/compile_closure_wcd937x_continuation_20260520_033221/artifacts/modules_dir/lib/modules/6.18.0-00006-g53d68d37d754/kernel/sound/soc/rockchip/snd-soc-rockchip-i2s.ko
  INSTALL /local/mnt/workspace/AURA_V1/evidence/compile_closure_wcd937x_continuation_20260520_033221/artifacts/modules_dir/lib/modules/6.18.0-00006-g53d68d37d754/kernel/sound/soc/rockchip/snd-soc-rockchip-sai.ko
  STRIP   /local/mnt/workspace/AURA_V1/evidence/compile_closure_wcd937x_continuation_20260520_033221/artifacts/modules_dir/lib/modules/6.18.0-00006-g53d68d37d754/kernel/sound/soc/renesas/rcar/snd-soc-msiof.ko
  INSTALL /local/mnt/workspace/AURA_V1/evidence/compile_closure_wcd937x_continuation_20260520_033221/artifacts/modules_dir/lib/modules/6.18.0-00006-g53d68d37d754/kernel/sound/soc/rockchip/snd-soc-rockchip-spdif.ko
  INSTALL /local/mnt/workspace/AURA_V1/evidence/compile_closure_wcd937x_continuation_20260520_033221/artifacts/modules_dir/lib/modules/6.18.0-00006-g53d68d37d754/kernel/sound/soc/rockchip/snd-soc-rockchip-i2s-tdm.ko
  INSTALL /local/mnt/workspace/AURA_V1/evidence/compile_closure_wcd937x_continuation_20260520_033221/artifacts/modules_dir/lib/modules/6.18.0-00006-g53d68d37d754/kernel/sound/soc/rockchip/snd-soc-rockchip-rt5645.ko
  STRIP   /local/mnt/workspace/AURA_V1/evidence/compile_closure_wcd937x_continuation_20260520_033221/artifacts/modules_dir/lib/modules/6.18.0-00006-g53d68d37d754/kernel/sound/soc/renesas/snd-soc-rz-ssi.ko
  STRIP   /local/mnt/workspace/AURA_V1/evidence/compile_closure_wcd937x_continuation_20260520_033221/artifacts/modules_dir/lib/modules/6.18.0-00006-g53d68d37d754/kernel/sound/soc/rockchip/snd-soc-rockchip-i2s.ko
  STRIP   /local/mnt/workspace/AURA_V1/evidence/compile_closure_wcd937x_continuation_20260520_033221/artifacts/modules_dir/lib/modules/6.18.0-00006-g53d68d37d754/kernel/sound/soc/rockchip/snd-soc-rockchip-sai.ko
  STRIP   /local/mnt/workspace/AURA_V1/evidence/compile_closure_wcd937x_continuation_20260520_033221/artifacts/modules_dir/lib/modules/6.18.0-00006-g53d68d37d754/kernel/sound/soc/rockchip/snd-soc-rockchip-spdif.ko
  STRIP   /local/mnt/workspace/AURA_V1/evidence/compile_closure_wcd937x_continuation_20260520_033221/artifacts/modules_dir/lib/modules/6.18.0-00006-g53d68d37d754/kernel/sound/soc/rockchip/snd-soc-rockchip-i2s-tdm.ko
  STRIP   /local/mnt/workspace/AURA_V1/evidence/compile_closure_wcd937x_continuation_20260520_033221/artifacts/modules_dir/lib/modules/6.18.0-00006-g53d68d37d754/kernel/sound/soc/rockchip/snd-soc-rockchip-rt5645.ko
  INSTALL /local/mnt/workspace/AURA_V1/evidence/compile_closure_wcd937x_continuation_20260520_033221/artifacts/modules_dir/lib/modules/6.18.0-00006-g53d68d37d754/kernel/sound/soc/rockchip/snd-soc-rk3399-gru-sound.ko
  INSTALL /local/mnt/workspace/AURA_V1/evidence/compile_closure_wcd937x_continuation_20260520_033221/artifacts/modules_dir/lib/modules/6.18.0-00006-g53d68d37d754/kernel/sound/soc/samsung/snd-soc-s3c-dma.ko
  INSTALL /local/mnt/workspace/AURA_V1/evidence/compile_closure_wcd937x_continuation_20260520_033221/artifacts/modules_dir/lib/modules/6.18.0-00006-g53d68d37d754/kernel/sound/soc/sof/mediatek/mtk-adsp-common.ko
  STRIP   /local/mnt/workspace/AURA_V1/evidence/compile_closure_wcd937x_continuation_20260520_033221/artifacts/modules_dir/lib/modules/6.18.0-00006-g53d68d37d754/kernel/sound/soc/rockchip/snd-soc-rk3399-gru-sound.ko
  STRIP   /local/mnt/workspace/AURA_V1/evidence/compile_closure_wcd937x_continuation_20260520_033221/artifacts/modules_dir/lib/modules/6.18.0-00006-g53d68d37d754/kernel/sound/soc/samsung/snd-soc-s3c-dma.ko
  INSTALL /local/mnt/workspace/AURA_V1/evidence/compile_closure_wcd937x_continuation_20260520_033221/artifacts/modules_dir/lib/modules/6.18.0-00006-g53d68d37d754/kernel/sound/soc/sof/mediatek/mt8195/snd-sof-mt8195.ko
  INSTALL /local/mnt/workspace/AURA_V1/evidence/compile_closure_wcd937x_continuation_20260520_033221/artifacts/modules_dir/lib/modules/6.18.0-00006-g53d68d37d754/kernel/sound/soc/sof/mediatek/mt8186/snd-sof-mt8186.ko
  STRIP   /local/mnt/workspace/AURA_V1/evidence/compile_closure_wcd937x_continuation_20260520_033221/artifacts/modules_dir/lib/modules/6.18.0-00006-g53d68d37d754/kernel/sound/soc/sof/mediatek/mtk-adsp-common.ko
  INSTALL /local/mnt/workspace/AURA_V1/evidence/compile_closure_wcd937x_continuation_20260520_033221/artifacts/modules_dir/lib/modules/6.18.0-00006-g53d68d37d754/kernel/sound/soc/sof/snd-sof.ko
  INSTALL /local/mnt/workspace/AURA_V1/evidence/compile_closure_wcd937x_continuation_20260520_033221/artifacts/modules_dir/lib/modules/6.18.0-00006-g53d68d37d754/kernel/sound/soc/sof/snd-sof-utils.ko
  STRIP   /local/mnt/workspace/AURA_V1/evidence/compile_closure_wcd937x_continuation_20260520_033221/artifacts/modules_dir/lib/modules/6.18.0-00006-g53d68d37d754/kernel/sound/soc/sof/mediatek/mt8195/snd-sof-mt8195.ko
  STRIP   /local/mnt/workspace/AURA_V1/evidence/compile_closure_wcd937x_continuation_20260520_033221/artifacts/modules_dir/lib/modules/6.18.0-00006-g53d68d37d754/kernel/sound/soc/sof/mediatek/mt8186/snd-sof-mt8186.ko
  INSTALL /local/mnt/workspace/AURA_V1/evidence/compile_closure_wcd937x_continuation_20260520_033221/artifacts/modules_dir/lib/modules/6.18.0-00006-g53d68d37d754/kernel/sound/soc/sof/snd-sof-of.ko
  STRIP   /local/mnt/workspace/AURA_V1/evidence/compile_closure_wcd937x_continuation_20260520_033221/artifacts/modules_dir/lib/modules/6.18.0-00006-g53d68d37d754/kernel/sound/soc/sof/snd-sof-utils.ko
  INSTALL /local/mnt/workspace/AURA_V1/evidence/compile_closure_wcd937x_continuation_20260520_033221/artifacts/modules_dir/lib/modules/6.18.0-00006-g53d68d37d754/kernel/sound/soc/sof/xtensa/snd-sof-xtensa-dsp.ko
  STRIP   /local/mnt/workspace/AURA_V1/evidence/compile_closure_wcd937x_continuation_20260520_033221/artifacts/modules_dir/lib/modules/6.18.0-00006-g53d68d37d754/kernel/sound/soc/sof/snd-sof.ko
  INSTALL /local/mnt/workspace/AURA_V1/evidence/compile_closure_wcd937x_continuation_20260520_033221/artifacts/modules_dir/lib/modules/6.18.0-00006-g53d68d37d754/kernel/sound/soc/sunxi/sun4i-i2s.ko
  STRIP   /local/mnt/workspace/AURA_V1/evidence/compile_closure_wcd937x_continuation_20260520_033221/artifacts/modules_dir/lib/modules/6.18.0-00006-g53d68d37d754/kernel/sound/soc/sof/snd-sof-of.ko
  INSTALL /local/mnt/workspace/AURA_V1/evidence/compile_closure_wcd937x_continuation_20260520_033221/artifacts/modules_dir/lib/modules/6.18.0-00006-g53d68d37d754/kernel/sound/soc/sunxi/sun4i-spdif.ko
  STRIP   /local/mnt/workspace/AURA_V1/evidence/compile_closure_wcd937x_continuation_20260520_033221/artifacts/modules_dir/lib/modules/6.18.0-00006-g53d68d37d754/kernel/sound/soc/sof/xtensa/snd-sof-xtensa-dsp.ko
  STRIP   /local/mnt/workspace/AURA_V1/evidence/compile_closure_wcd937x_continuation_20260520_033221/artifacts/modules_dir/lib/modules/6.18.0-00006-g53d68d37d754/kernel/sound/soc/sunxi/sun4i-i2s.ko
  INSTALL /local/mnt/workspace/AURA_V1/evidence/compile_closure_wcd937x_continuation_20260520_033221/artifacts/modules_dir/lib/modules/6.18.0-00006-g53d68d37d754/kernel/sound/soc/sunxi/sun8i-codec-analog.ko
  INSTALL /local/mnt/workspace/AURA_V1/evidence/compile_closure_wcd937x_continuation_20260520_033221/artifacts/modules_dir/lib/modules/6.18.0-00006-g53d68d37d754/kernel/sound/soc/sunxi/sun50i-codec-analog.ko
  STRIP   /local/mnt/workspace/AURA_V1/evidence/compile_closure_wcd937x_continuation_20260520_033221/artifacts/modules_dir/lib/modules/6.18.0-00006-g53d68d37d754/kernel/sound/soc/sunxi/sun4i-spdif.ko
  INSTALL /local/mnt/workspace/AURA_V1/evidence/compile_closure_wcd937x_continuation_20260520_033221/artifacts/modules_dir/lib/modules/6.18.0-00006-g53d68d37d754/kernel/sound/soc/sunxi/sun8i-codec.ko
  STRIP   /local/mnt/workspace/AURA_V1/evidence/compile_closure_wcd937x_continuation_20260520_033221/artifacts/modules_dir/lib/modules/6.18.0-00006-g53d68d37d754/kernel/sound/soc/sunxi/sun50i-codec-analog.ko
  STRIP   /local/mnt/workspace/AURA_V1/evidence/compile_closure_wcd937x_continuation_20260520_033221/artifacts/modules_dir/lib/modules/6.18.0-00006-g53d68d37d754/kernel/sound/soc/sunxi/sun8i-codec-analog.ko
  INSTALL /local/mnt/workspace/AURA_V1/evidence/compile_closure_wcd937x_continuation_20260520_033221/artifacts/modules_dir/lib/modules/6.18.0-00006-g53d68d37d754/kernel/sound/soc/sunxi/sun8i-adda-pr-regmap.ko
  INSTALL /local/mnt/workspace/AURA_V1/evidence/compile_closure_wcd937x_continuation_20260520_033221/artifacts/modules_dir/lib/modules/6.18.0-00006-g53d68d37d754/kernel/sound/soc/tegra/snd-soc-tegra-pcm.ko
  INSTALL /local/mnt/workspace/AURA_V1/evidence/compile_closure_wcd937x_continuation_20260520_033221/artifacts/modules_dir/lib/modules/6.18.0-00006-g53d68d37d754/kernel/sound/soc/tegra/snd-soc-tegra210-dmic.ko
  STRIP   /local/mnt/workspace/AURA_V1/evidence/compile_closure_wcd937x_continuation_20260520_033221/artifacts/modules_dir/lib/modules/6.18.0-00006-g53d68d37d754/kernel/sound/soc/sunxi/sun8i-codec.ko
  INSTALL /local/mnt/workspace/AURA_V1/evidence/compile_closure_wcd937x_continuation_20260520_033221/artifacts/modules_dir/lib/modules/6.18.0-00006-g53d68d37d754/kernel/sound/soc/tegra/snd-soc-tegra210-ahub.ko
  STRIP   /local/mnt/workspace/AURA_V1/evidence/compile_closure_wcd937x_continuation_20260520_033221/artifacts/modules_dir/lib/modules/6.18.0-00006-g53d68d37d754/kernel/sound/soc/tegra/snd-soc-tegra-pcm.ko
  STRIP   /local/mnt/workspace/AURA_V1/evidence/compile_closure_wcd937x_continuation_20260520_033221/artifacts/modules_dir/lib/modules/6.18.0-00006-g53d68d37d754/kernel/sound/soc/sunxi/sun8i-adda-pr-regmap.ko
  INSTALL /local/mnt/workspace/AURA_V1/evidence/compile_closure_wcd937x_continuation_20260520_033221/artifacts/modules_dir/lib/modules/6.18.0-00006-g53d68d37d754/kernel/sound/soc/tegra/snd-soc-tegra210-i2s.ko
  STRIP   /local/mnt/workspace/AURA_V1/evidence/compile_closure_wcd937x_continuation_20260520_033221/artifacts/modules_dir/lib/modules/6.18.0-00006-g53d68d37d754/kernel/sound/soc/tegra/snd-soc-tegra210-dmic.ko
  INSTALL /local/mnt/workspace/AURA_V1/evidence/compile_closure_wcd937x_continuation_20260520_033221/artifacts/modules_dir/lib/modules/6.18.0-00006-g53d68d37d754/kernel/sound/soc/tegra/snd-soc-tegra186-asrc.ko
  INSTALL /local/mnt/workspace/AURA_V1/evidence/compile_closure_wcd937x_continuation_20260520_033221/artifacts/modules_dir/lib/modules/6.18.0-00006-g53d68d37d754/kernel/sound/soc/tegra/snd-soc-tegra186-dspk.ko
  INSTALL /local/mnt/workspace/AURA_V1/evidence/compile_closure_wcd937x_continuation_20260520_033221/artifacts/modules_dir/lib/modules/6.18.0-00006-g53d68d37d754/kernel/sound/soc/tegra/snd-soc-tegra210-admaif.ko
  STRIP   /local/mnt/workspace/AURA_V1/evidence/compile_closure_wcd937x_continuation_20260520_033221/artifacts/modules_dir/lib/modules/6.18.0-00006-g53d68d37d754/kernel/sound/soc/tegra/snd-soc-tegra210-i2s.ko
  INSTALL /local/mnt/workspace/AURA_V1/evidence/compile_closure_wcd937x_continuation_20260520_033221/artifacts/modules_dir/lib/modules/6.18.0-00006-g53d68d37d754/kernel/sound/soc/tegra/snd-soc-tegra210-mvc.ko
  STRIP   /local/mnt/workspace/AURA_V1/evidence/compile_closure_wcd937x_continuation_20260520_033221/artifacts/modules_dir/lib/modules/6.18.0-00006-g53d68d37d754/kernel/sound/soc/tegra/snd-soc-tegra210-ahub.ko
  STRIP   /local/mnt/workspace/AURA_V1/evidence/compile_closure_wcd937x_continuation_20260520_033221/artifacts/modules_dir/lib/modules/6.18.0-00006-g53d68d37d754/kernel/sound/soc/tegra/snd-soc-tegra186-asrc.ko
  STRIP   /local/mnt/workspace/AURA_V1/evidence/compile_closure_wcd937x_continuation_20260520_033221/artifacts/modules_dir/lib/modules/6.18.0-00006-g53d68d37d754/kernel/sound/soc/tegra/snd-soc-tegra186-dspk.ko
  STRIP   /local/mnt/workspace/AURA_V1/evidence/compile_closure_wcd937x_continuation_20260520_033221/artifacts/modules_dir/lib/modules/6.18.0-00006-g53d68d37d754/kernel/sound/soc/tegra/snd-soc-tegra210-admaif.ko
  INSTALL /local/mnt/workspace/AURA_V1/evidence/compile_closure_wcd937x_continuation_20260520_033221/artifacts/modules_dir/lib/modules/6.18.0-00006-g53d68d37d754/kernel/sound/soc/tegra/snd-soc-tegra210-sfc.ko
  INSTALL /local/mnt/workspace/AURA_V1/evidence/compile_closure_wcd937x_continuation_20260520_033221/artifacts/modules_dir/lib/modules/6.18.0-00006-g53d68d37d754/kernel/sound/soc/tegra/snd-soc-tegra210-amx.ko
  STRIP   /local/mnt/workspace/AURA_V1/evidence/compile_closure_wcd937x_continuation_20260520_033221/artifacts/modules_dir/lib/modules/6.18.0-00006-g53d68d37d754/kernel/sound/soc/tegra/snd-soc-tegra210-mvc.ko
  INSTALL /local/mnt/workspace/AURA_V1/evidence/compile_closure_wcd937x_continuation_20260520_033221/artifacts/modules_dir/lib/modules/6.18.0-00006-g53d68d37d754/kernel/sound/soc/tegra/snd-soc-tegra210-adx.ko
  STRIP   /local/mnt/workspace/AURA_V1/evidence/compile_closure_wcd937x_continuation_20260520_033221/artifacts/modules_dir/lib/modules/6.18.0-00006-g53d68d37d754/kernel/sound/soc/tegra/snd-soc-tegra210-sfc.ko
  STRIP   /local/mnt/workspace/AURA_V1/evidence/compile_closure_wcd937x_continuation_20260520_033221/artifacts/modules_dir/lib/modules/6.18.0-00006-g53d68d37d754/kernel/sound/soc/tegra/snd-soc-tegra210-amx.ko
  INSTALL /local/mnt/workspace/AURA_V1/evidence/compile_closure_wcd937x_continuation_20260520_033221/artifacts/modules_dir/lib/modules/6.18.0-00006-g53d68d37d754/kernel/sound/soc/tegra/snd-soc-tegra210-mixer.ko
  STRIP   /local/mnt/workspace/AURA_V1/evidence/compile_closure_wcd937x_continuation_20260520_033221/artifacts/modules_dir/lib/modules/6.18.0-00006-g53d68d37d754/kernel/sound/soc/tegra/snd-soc-tegra210-adx.ko
  INSTALL /local/mnt/workspace/AURA_V1/evidence/compile_closure_wcd937x_continuation_20260520_033221/artifacts/modules_dir/lib/modules/6.18.0-00006-g53d68d37d754/kernel/sound/soc/tegra/snd-soc-tegra210-ope.ko
  INSTALL /local/mnt/workspace/AURA_V1/evidence/compile_closure_wcd937x_continuation_20260520_033221/artifacts/modules_dir/lib/modules/6.18.0-00006-g53d68d37d754/kernel/sound/soc/tegra/snd-soc-tegra-audio-graph-card.ko
  INSTALL /local/mnt/workspace/AURA_V1/evidence/compile_closure_wcd937x_continuation_20260520_033221/artifacts/modules_dir/lib/modules/6.18.0-00006-g53d68d37d754/kernel/sound/soc/ti/snd-soc-ti-edma.ko
  STRIP   /local/mnt/workspace/AURA_V1/evidence/compile_closure_wcd937x_continuation_20260520_033221/artifacts/modules_dir/lib/modules/6.18.0-00006-g53d68d37d754/kernel/sound/soc/tegra/snd-soc-tegra210-mixer.ko
  INSTALL /local/mnt/workspace/AURA_V1/evidence/compile_closure_wcd937x_continuation_20260520_033221/artifacts/modules_dir/lib/modules/6.18.0-00006-g53d68d37d754/kernel/sound/soc/ti/snd-soc-ti-sdma.ko
  STRIP   /local/mnt/workspace/AURA_V1/evidence/compile_closure_wcd937x_continuation_20260520_033221/artifacts/modules_dir/lib/modules/6.18.0-00006-g53d68d37d754/kernel/sound/soc/tegra/snd-soc-tegra210-ope.ko
  STRIP   /local/mnt/workspace/AURA_V1/evidence/compile_closure_wcd937x_continuation_20260520_033221/artifacts/modules_dir/lib/modules/6.18.0-00006-g53d68d37d754/kernel/sound/soc/tegra/snd-soc-tegra-audio-graph-card.ko
  INSTALL /local/mnt/workspace/AURA_V1/evidence/compile_closure_wcd937x_continuation_20260520_033221/artifacts/modules_dir/lib/modules/6.18.0-00006-g53d68d37d754/kernel/sound/soc/ti/snd-soc-ti-udma.ko
  STRIP   /local/mnt/workspace/AURA_V1/evidence/compile_closure_wcd937x_continuation_20260520_033221/artifacts/modules_dir/lib/modules/6.18.0-00006-g53d68d37d754/kernel/sound/soc/ti/snd-soc-ti-edma.ko
  STRIP   /local/mnt/workspace/AURA_V1/evidence/compile_closure_wcd937x_continuation_20260520_033221/artifacts/modules_dir/lib/modules/6.18.0-00006-g53d68d37d754/kernel/sound/soc/ti/snd-soc-ti-sdma.ko
  INSTALL /local/mnt/workspace/AURA_V1/evidence/compile_closure_wcd937x_continuation_20260520_033221/artifacts/modules_dir/lib/modules/6.18.0-00006-g53d68d37d754/kernel/sound/soc/ti/snd-soc-davinci-mcasp.ko
  STRIP   /local/mnt/workspace/AURA_V1/evidence/compile_closure_wcd937x_continuation_20260520_033221/artifacts/modules_dir/lib/modules/6.18.0-00006-g53d68d37d754/kernel/sound/soc/ti/snd-soc-ti-udma.ko
  STRIP   /local/mnt/workspace/AURA_V1/evidence/compile_closure_wcd937x_continuation_20260520_033221/artifacts/modules_dir/lib/modules/6.18.0-00006-g53d68d37d754/kernel/sound/soc/ti/snd-soc-davinci-mcasp.ko
  INSTALL /local/mnt/workspace/AURA_V1/evidence/compile_closure_wcd937x_continuation_20260520_033221/artifacts/modules_dir/lib/modules/6.18.0-00006-g53d68d37d754/kernel/sound/soc/ti/snd-soc-j721e-evm.ko
  INSTALL /local/mnt/workspace/AURA_V1/evidence/compile_closure_wcd937x_continuation_20260520_033221/artifacts/modules_dir/lib/modules/6.18.0-00006-g53d68d37d754/kernel/sound/hda/core/snd-hda-core.ko
  INSTALL /local/mnt/workspace/AURA_V1/evidence/compile_closure_wcd937x_continuation_20260520_033221/artifacts/modules_dir/lib/modules/6.18.0-00006-g53d68d37d754/kernel/sound/hda/common/snd-hda-codec.ko
  INSTALL /local/mnt/workspace/AURA_V1/evidence/compile_closure_wcd937x_continuation_20260520_033221/artifacts/modules_dir/lib/modules/6.18.0-00006-g53d68d37d754/kernel/sound/hda/codecs/hdmi/snd-hda-codec-hdmi.ko
  STRIP   /local/mnt/workspace/AURA_V1/evidence/compile_closure_wcd937x_continuation_20260520_033221/artifacts/modules_dir/lib/modules/6.18.0-00006-g53d68d37d754/kernel/sound/soc/ti/snd-soc-j721e-evm.ko
  INSTALL /local/mnt/workspace/AURA_V1/evidence/compile_closure_wcd937x_continuation_20260520_033221/artifacts/modules_dir/lib/modules/6.18.0-00006-g53d68d37d754/kernel/sound/hda/codecs/hdmi/snd-hda-codec-simplehdmi.ko
  INSTALL /local/mnt/workspace/AURA_V1/evidence/compile_closure_wcd937x_continuation_20260520_033221/artifacts/modules_dir/lib/modules/6.18.0-00006-g53d68d37d754/kernel/sound/hda/codecs/hdmi/snd-hda-codec-intelhdmi.ko
  INSTALL /local/mnt/workspace/AURA_V1/evidence/compile_closure_wcd937x_continuation_20260520_033221/artifacts/modules_dir/lib/modules/6.18.0-00006-g53d68d37d754/kernel/sound/hda/codecs/hdmi/snd-hda-codec-atihdmi.ko
  STRIP   /local/mnt/workspace/AURA_V1/evidence/compile_closure_wcd937x_continuation_20260520_033221/artifacts/modules_dir/lib/modules/6.18.0-00006-g53d68d37d754/kernel/sound/hda/common/snd-hda-codec.ko
  STRIP   /local/mnt/workspace/AURA_V1/evidence/compile_closure_wcd937x_continuation_20260520_033221/artifacts/modules_dir/lib/modules/6.18.0-00006-g53d68d37d754/kernel/sound/hda/codecs/hdmi/snd-hda-codec-hdmi.ko
  STRIP   /local/mnt/workspace/AURA_V1/evidence/compile_closure_wcd937x_continuation_20260520_033221/artifacts/modules_dir/lib/modules/6.18.0-00006-g53d68d37d754/kernel/sound/hda/core/snd-hda-core.ko
  STRIP   /local/mnt/workspace/AURA_V1/evidence/compile_closure_wcd937x_continuation_20260520_033221/artifacts/modules_dir/lib/modules/6.18.0-00006-g53d68d37d754/kernel/sound/hda/codecs/hdmi/snd-hda-codec-simplehdmi.ko
  STRIP   /local/mnt/workspace/AURA_V1/evidence/compile_closure_wcd937x_continuation_20260520_033221/artifacts/modules_dir/lib/modules/6.18.0-00006-g53d68d37d754/kernel/sound/hda/codecs/hdmi/snd-hda-codec-intelhdmi.ko
  STRIP   /local/mnt/workspace/AURA_V1/evidence/compile_closure_wcd937x_continuation_20260520_033221/artifacts/modules_dir/lib/modules/6.18.0-00006-g53d68d37d754/kernel/sound/hda/codecs/hdmi/snd-hda-codec-atihdmi.ko
  INSTALL /local/mnt/workspace/AURA_V1/evidence/compile_closure_wcd937x_continuation_20260520_033221/artifacts/modules_dir/lib/modules/6.18.0-00006-g53d68d37d754/kernel/sound/hda/codecs/hdmi/snd-hda-codec-nvhdmi.ko
  INSTALL /local/mnt/workspace/AURA_V1/evidence/compile_closure_wcd937x_continuation_20260520_033221/artifacts/modules_dir/lib/modules/6.18.0-00006-g53d68d37d754/kernel/sound/hda/codecs/hdmi/snd-hda-codec-nvhdmi-mcp.ko
  STRIP   /local/mnt/workspace/AURA_V1/evidence/compile_closure_wcd937x_continuation_20260520_033221/artifacts/modules_dir/lib/modules/6.18.0-00006-g53d68d37d754/kernel/sound/hda/codecs/hdmi/snd-hda-codec-nvhdmi.ko
  STRIP   /local/mnt/workspace/AURA_V1/evidence/compile_closure_wcd937x_continuation_20260520_033221/artifacts/modules_dir/lib/modules/6.18.0-00006-g53d68d37d754/kernel/sound/hda/codecs/hdmi/snd-hda-codec-nvhdmi-mcp.ko
  INSTALL /local/mnt/workspace/AURA_V1/evidence/compile_closure_wcd937x_continuation_20260520_033221/artifacts/modules_dir/lib/modules/6.18.0-00006-g53d68d37d754/kernel/sound/hda/codecs/hdmi/snd-hda-codec-tegrahdmi.ko
  INSTALL /local/mnt/workspace/AURA_V1/evidence/compile_closure_wcd937x_continuation_20260520_033221/artifacts/modules_dir/lib/modules/6.18.0-00006-g53d68d37d754/kernel/sound/hda/controllers/snd-hda-tegra.ko
  INSTALL /local/mnt/workspace/AURA_V1/evidence/compile_closure_wcd937x_continuation_20260520_033221/artifacts/modules_dir/lib/modules/6.18.0-00006-g53d68d37d754/kernel/net/802/psnap.ko
  INSTALL /local/mnt/workspace/AURA_V1/evidence/compile_closure_wcd937x_continuation_20260520_033221/artifacts/modules_dir/lib/modules/6.18.0-00006-g53d68d37d754/kernel/net/802/stp.ko
  INSTALL /local/mnt/workspace/AURA_V1/evidence/compile_closure_wcd937x_continuation_20260520_033221/artifacts/modules_dir/lib/modules/6.18.0-00006-g53d68d37d754/kernel/net/802/garp.ko
  INSTALL /local/mnt/workspace/AURA_V1/evidence/compile_closure_wcd937x_continuation_20260520_033221/artifacts/modules_dir/lib/modules/6.18.0-00006-g53d68d37d754/kernel/net/802/mrp.ko
  STRIP   /local/mnt/workspace/AURA_V1/evidence/compile_closure_wcd937x_continuation_20260520_033221/artifacts/modules_dir/lib/modules/6.18.0-00006-g53d68d37d754/kernel/sound/hda/codecs/hdmi/snd-hda-codec-tegrahdmi.ko
  STRIP   /local/mnt/workspace/AURA_V1/evidence/compile_closure_wcd937x_continuation_20260520_033221/artifacts/modules_dir/lib/modules/6.18.0-00006-g53d68d37d754/kernel/sound/hda/controllers/snd-hda-tegra.ko
  STRIP   /local/mnt/workspace/AURA_V1/evidence/compile_closure_wcd937x_continuation_20260520_033221/artifacts/modules_dir/lib/modules/6.18.0-00006-g53d68d37d754/kernel/net/802/stp.ko
  STRIP   /local/mnt/workspace/AURA_V1/evidence/compile_closure_wcd937x_continuation_20260520_033221/artifacts/modules_dir/lib/modules/6.18.0-00006-g53d68d37d754/kernel/net/802/psnap.ko
  STRIP   /local/mnt/workspace/AURA_V1/evidence/compile_closure_wcd937x_continuation_20260520_033221/artifacts/modules_dir/lib/modules/6.18.0-00006-g53d68d37d754/kernel/net/802/garp.ko
  STRIP   /local/mnt/workspace/AURA_V1/evidence/compile_closure_wcd937x_continuation_20260520_033221/artifacts/modules_dir/lib/modules/6.18.0-00006-g53d68d37d754/kernel/net/802/mrp.ko
  INSTALL /local/mnt/workspace/AURA_V1/evidence/compile_closure_wcd937x_continuation_20260520_033221/artifacts/modules_dir/lib/modules/6.18.0-00006-g53d68d37d754/kernel/net/sched/act_gact.ko
  INSTALL /local/mnt/workspace/AURA_V1/evidence/compile_closure_wcd937x_continuation_20260520_033221/artifacts/modules_dir/lib/modules/6.18.0-00006-g53d68d37d754/kernel/net/sched/act_mirred.ko
  STRIP   /local/mnt/workspace/AURA_V1/evidence/compile_closure_wcd937x_continuation_20260520_033221/artifacts/modules_dir/lib/modules/6.18.0-00006-g53d68d37d754/kernel/net/sched/act_gact.ko
  STRIP   /local/mnt/workspace/AURA_V1/evidence/compile_closure_wcd937x_continuation_20260520_033221/artifacts/modules_dir/lib/modules/6.18.0-00006-g53d68d37d754/kernel/net/sched/act_mirred.ko
  INSTALL /local/mnt/workspace/AURA_V1/evidence/compile_closure_wcd937x_continuation_20260520_033221/artifacts/modules_dir/lib/modules/6.18.0-00006-g53d68d37d754/kernel/net/sched/act_gate.ko
  INSTALL /local/mnt/workspace/AURA_V1/evidence/compile_closure_wcd937x_continuation_20260520_033221/artifacts/modules_dir/lib/modules/6.18.0-00006-g53d68d37d754/kernel/net/sched/sch_ingress.ko
  INSTALL /local/mnt/workspace/AURA_V1/evidence/compile_closure_wcd937x_continuation_20260520_033221/artifacts/modules_dir/lib/modules/6.18.0-00006-g53d68d37d754/kernel/net/sched/sch_mqprio.ko
  INSTALL /local/mnt/workspace/AURA_V1/evidence/compile_closure_wcd937x_continuation_20260520_033221/artifacts/modules_dir/lib/modules/6.18.0-00006-g53d68d37d754/kernel/net/sched/sch_mqprio_lib.ko
  INSTALL /local/mnt/workspace/AURA_V1/evidence/compile_closure_wcd937x_continuation_20260520_033221/artifacts/modules_dir/lib/modules/6.18.0-00006-g53d68d37d754/kernel/net/sched/sch_cbs.ko
  INSTALL /local/mnt/workspace/AURA_V1/evidence/compile_closure_wcd937x_continuation_20260520_033221/artifacts/modules_dir/lib/modules/6.18.0-00006-g53d68d37d754/kernel/net/sched/sch_etf.ko
  STRIP   /local/mnt/workspace/AURA_V1/evidence/compile_closure_wcd937x_continuation_20260520_033221/artifacts/modules_dir/lib/modules/6.18.0-00006-g53d68d37d754/kernel/net/sched/act_gate.ko
  STRIP   /local/mnt/workspace/AURA_V1/evidence/compile_closure_wcd937x_continuation_20260520_033221/artifacts/modules_dir/lib/modules/6.18.0-00006-g53d68d37d754/kernel/net/sched/sch_ingress.ko
  STRIP   /local/mnt/workspace/AURA_V1/evidence/compile_closure_wcd937x_continuation_20260520_033221/artifacts/modules_dir/lib/modules/6.18.0-00006-g53d68d37d754/kernel/net/sched/sch_mqprio.ko
  STRIP   /local/mnt/workspace/AURA_V1/evidence/compile_closure_wcd937x_continuation_20260520_033221/artifacts/modules_dir/lib/modules/6.18.0-00006-g53d68d37d754/kernel/net/sched/sch_cbs.ko
  STRIP   /local/mnt/workspace/AURA_V1/evidence/compile_closure_wcd937x_continuation_20260520_033221/artifacts/modules_dir/lib/modules/6.18.0-00006-g53d68d37d754/kernel/net/sched/sch_mqprio_lib.ko
  STRIP   /local/mnt/workspace/AURA_V1/evidence/compile_closure_wcd937x_continuation_20260520_033221/artifacts/modules_dir/lib/modules/6.18.0-00006-g53d68d37d754/kernel/net/sched/sch_etf.ko
  INSTALL /local/mnt/workspace/AURA_V1/evidence/compile_closure_wcd937x_continuation_20260520_033221/artifacts/modules_dir/lib/modules/6.18.0-00006-g53d68d37d754/kernel/net/sched/sch_taprio.ko
  INSTALL /local/mnt/workspace/AURA_V1/evidence/compile_closure_wcd937x_continuation_20260520_033221/artifacts/modules_dir/lib/modules/6.18.0-00006-g53d68d37d754/kernel/net/sched/cls_basic.ko
  INSTALL /local/mnt/workspace/AURA_V1/evidence/compile_closure_wcd937x_continuation_20260520_033221/artifacts/modules_dir/lib/modules/6.18.0-00006-g53d68d37d754/kernel/net/sched/cls_flower.ko
  STRIP   /local/mnt/workspace/AURA_V1/evidence/compile_closure_wcd937x_continuation_20260520_033221/artifacts/modules_dir/lib/modules/6.18.0-00006-g53d68d37d754/kernel/net/sched/sch_taprio.ko
  STRIP   /local/mnt/workspace/AURA_V1/evidence/compile_closure_wcd937x_continuation_20260520_033221/artifacts/modules_dir/lib/modules/6.18.0-00006-g53d68d37d754/kernel/net/sched/cls_basic.ko
  INSTALL /local/mnt/workspace/AURA_V1/evidence/compile_closure_wcd937x_continuation_20260520_033221/artifacts/modules_dir/lib/modules/6.18.0-00006-g53d68d37d754/kernel/net/netfilter/nf_conntrack.ko
  STRIP   /local/mnt/workspace/AURA_V1/evidence/compile_closure_wcd937x_continuation_20260520_033221/artifacts/modules_dir/lib/modules/6.18.0-00006-g53d68d37d754/kernel/net/sched/cls_flower.ko
  INSTALL /local/mnt/workspace/AURA_V1/evidence/compile_closure_wcd937x_continuation_20260520_033221/artifacts/modules_dir/lib/modules/6.18.0-00006-g53d68d37d754/kernel/net/netfilter/nf_log_syslog.ko
  INSTALL /local/mnt/workspace/AURA_V1/evidence/compile_closure_wcd937x_continuation_20260520_033221/artifacts/modules_dir/lib/modules/6.18.0-00006-g53d68d37d754/kernel/net/netfilter/x_tables.ko
  INSTALL /local/mnt/workspace/AURA_V1/evidence/compile_closure_wcd937x_continuation_20260520_033221/artifacts/modules_dir/lib/modules/6.18.0-00006-g53d68d37d754/kernel/net/netfilter/xt_tcpudp.ko
  INSTALL /local/mnt/workspace/AURA_V1/evidence/compile_closure_wcd937x_continuation_20260520_033221/artifacts/modules_dir/lib/modules/6.18.0-00006-g53d68d37d754/kernel/net/netfilter/xt_mark.ko
  STRIP   /local/mnt/workspace/AURA_V1/evidence/compile_closure_wcd937x_continuation_20260520_033221/artifacts/modules_dir/lib/modules/6.18.0-00006-g53d68d37d754/kernel/net/netfilter/nf_conntrack.ko
  STRIP   /local/mnt/workspace/AURA_V1/evidence/compile_closure_wcd937x_continuation_20260520_033221/artifacts/modules_dir/lib/modules/6.18.0-00006-g53d68d37d754/kernel/net/netfilter/nf_log_syslog.ko
  STRIP   /local/mnt/workspace/AURA_V1/evidence/compile_closure_wcd937x_continuation_20260520_033221/artifacts/modules_dir/lib/modules/6.18.0-00006-g53d68d37d754/kernel/net/netfilter/x_tables.ko
  STRIP   /local/mnt/workspace/AURA_V1/evidence/compile_closure_wcd937x_continuation_20260520_033221/artifacts/modules_dir/lib/modules/6.18.0-00006-g53d68d37d754/kernel/net/netfilter/xt_tcpudp.ko
  STRIP   /local/mnt/workspace/AURA_V1/evidence/compile_closure_wcd937x_continuation_20260520_033221/artifacts/modules_dir/lib/modules/6.18.0-00006-g53d68d37d754/kernel/net/netfilter/xt_mark.ko
  INSTALL /local/mnt/workspace/AURA_V1/evidence/compile_closure_wcd937x_continuation_20260520_033221/artifacts/modules_dir/lib/modules/6.18.0-00006-g53d68d37d754/kernel/net/netfilter/xt_LOG.ko
  INSTALL /local/mnt/workspace/AURA_V1/evidence/compile_closure_wcd937x_continuation_20260520_033221/artifacts/modules_dir/lib/modules/6.18.0-00006-g53d68d37d754/kernel/net/netfilter/xt_addrtype.ko
  INSTALL /local/mnt/workspace/AURA_V1/evidence/compile_closure_wcd937x_continuation_20260520_033221/artifacts/modules_dir/lib/modules/6.18.0-00006-g53d68d37d754/kernel/net/netfilter/xt_conntrack.ko
  STRIP   /local/mnt/workspace/AURA_V1/evidence/compile_closure_wcd937x_continuation_20260520_033221/artifacts/modules_dir/lib/modules/6.18.0-00006-g53d68d37d754/kernel/net/netfilter/xt_LOG.ko
  STRIP   /local/mnt/workspace/AURA_V1/evidence/compile_closure_wcd937x_continuation_20260520_033221/artifacts/modules_dir/lib/modules/6.18.0-00006-g53d68d37d754/kernel/net/netfilter/xt_addrtype.ko
  STRIP   /local/mnt/workspace/AURA_V1/evidence/compile_closure_wcd937x_continuation_20260520_033221/artifacts/modules_dir/lib/modules/6.18.0-00006-g53d68d37d754/kernel/net/netfilter/xt_conntrack.ko
  INSTALL /local/mnt/workspace/AURA_V1/evidence/compile_closure_wcd937x_continuation_20260520_033221/artifacts/modules_dir/lib/modules/6.18.0-00006-g53d68d37d754/kernel/net/netfilter/xt_ipvs.ko
  INSTALL /local/mnt/workspace/AURA_V1/evidence/compile_closure_wcd937x_continuation_20260520_033221/artifacts/modules_dir/lib/modules/6.18.0-00006-g53d68d37d754/kernel/net/netfilter/ipvs/ip_vs.ko
  INSTALL /local/mnt/workspace/AURA_V1/evidence/compile_closure_wcd937x_continuation_20260520_033221/artifacts/modules_dir/lib/modules/6.18.0-00006-g53d68d37d754/kernel/net/ipv4/netfilter/nf_defrag_ipv4.ko
  INSTALL /local/mnt/workspace/AURA_V1/evidence/compile_closure_wcd937x_continuation_20260520_033221/artifacts/modules_dir/lib/modules/6.18.0-00006-g53d68d37d754/kernel/net/ipv4/ip_tunnel.ko
  INSTALL /local/mnt/workspace/AURA_V1/evidence/compile_closure_wcd937x_continuation_20260520_033221/artifacts/modules_dir/lib/modules/6.18.0-00006-g53d68d37d754/kernel/net/ipv4/tunnel4.ko
  STRIP   /local/mnt/workspace/AURA_V1/evidence/compile_closure_wcd937x_continuation_20260520_033221/artifacts/modules_dir/lib/modules/6.18.0-00006-g53d68d37d754/kernel/net/netfilter/xt_ipvs.ko
  INSTALL /local/mnt/workspace/AURA_V1/evidence/compile_closure_wcd937x_continuation_20260520_033221/artifacts/modules_dir/lib/modules/6.18.0-00006-g53d68d37d754/kernel/net/ipv6/netfilter/nf_defrag_ipv6.ko
  STRIP   /local/mnt/workspace/AURA_V1/evidence/compile_closure_wcd937x_continuation_20260520_033221/artifacts/modules_dir/lib/modules/6.18.0-00006-g53d68d37d754/kernel/net/ipv4/ip_tunnel.ko
  STRIP   /local/mnt/workspace/AURA_V1/evidence/compile_closure_wcd937x_continuation_20260520_033221/artifacts/modules_dir/lib/modules/6.18.0-00006-g53d68d37d754/kernel/net/ipv4/tunnel4.ko
  STRIP   /local/mnt/workspace/AURA_V1/evidence/compile_closure_wcd937x_continuation_20260520_033221/artifacts/modules_dir/lib/modules/6.18.0-00006-g53d68d37d754/kernel/net/ipv4/netfilter/nf_defrag_ipv4.ko
  INSTALL /local/mnt/workspace/AURA_V1/evidence/compile_closure_wcd937x_continuation_20260520_033221/artifacts/modules_dir/lib/modules/6.18.0-00006-g53d68d37d754/kernel/net/ipv6/ipv6.ko
  INSTALL /local/mnt/workspace/AURA_V1/evidence/compile_closure_wcd937x_continuation_20260520_033221/artifacts/modules_dir/lib/modules/6.18.0-00006-g53d68d37d754/kernel/net/ipv6/sit.ko
  STRIP   /local/mnt/workspace/AURA_V1/evidence/compile_closure_wcd937x_continuation_20260520_033221/artifacts/modules_dir/lib/modules/6.18.0-00006-g53d68d37d754/kernel/net/ipv6/netfilter/nf_defrag_ipv6.ko
  INSTALL /local/mnt/workspace/AURA_V1/evidence/compile_closure_wcd937x_continuation_20260520_033221/artifacts/modules_dir/lib/modules/6.18.0-00006-g53d68d37d754/kernel/net/dsa/dsa_core.ko
  STRIP   /local/mnt/workspace/AURA_V1/evidence/compile_closure_wcd937x_continuation_20260520_033221/artifacts/modules_dir/lib/modules/6.18.0-00006-g53d68d37d754/kernel/net/netfilter/ipvs/ip_vs.ko
  STRIP   /local/mnt/workspace/AURA_V1/evidence/compile_closure_wcd937x_continuation_20260520_033221/artifacts/modules_dir/lib/modules/6.18.0-00006-g53d68d37d754/kernel/net/ipv6/sit.ko
  INSTALL /local/mnt/workspace/AURA_V1/evidence/compile_closure_wcd937x_continuation_20260520_033221/artifacts/modules_dir/lib/modules/6.18.0-00006-g53d68d37d754/kernel/net/dsa/tag_brcm.ko
  STRIP   /local/mnt/workspace/AURA_V1/evidence/compile_closure_wcd937x_continuation_20260520_033221/artifacts/modules_dir/lib/modules/6.18.0-00006-g53d68d37d754/kernel/net/dsa/dsa_core.ko
  INSTALL /local/mnt/workspace/AURA_V1/evidence/compile_closure_wcd937x_continuation_20260520_033221/artifacts/modules_dir/lib/modules/6.18.0-00006-g53d68d37d754/kernel/net/dsa/tag_none.ko
  INSTALL /local/mnt/workspace/AURA_V1/evidence/compile_closure_wcd937x_continuation_20260520_033221/artifacts/modules_dir/lib/modules/6.18.0-00006-g53d68d37d754/kernel/net/dsa/tag_ocelot.ko
  INSTALL /local/mnt/workspace/AURA_V1/evidence/compile_closure_wcd937x_continuation_20260520_033221/artifacts/modules_dir/lib/modules/6.18.0-00006-g53d68d37d754/kernel/net/dsa/tag_ocelot_8021q.ko
  STRIP   /local/mnt/workspace/AURA_V1/evidence/compile_closure_wcd937x_continuation_20260520_033221/artifacts/modules_dir/lib/modules/6.18.0-00006-g53d68d37d754/kernel/net/ipv6/ipv6.ko
  INSTALL /local/mnt/workspace/AURA_V1/evidence/compile_closure_wcd937x_continuation_20260520_033221/artifacts/modules_dir/lib/modules/6.18.0-00006-g53d68d37d754/kernel/net/8021q/8021q.ko
  STRIP   /local/mnt/workspace/AURA_V1/evidence/compile_closure_wcd937x_continuation_20260520_033221/artifacts/modules_dir/lib/modules/6.18.0-00006-g53d68d37d754/kernel/net/dsa/tag_brcm.ko
  STRIP   /local/mnt/workspace/AURA_V1/evidence/compile_closure_wcd937x_continuation_20260520_033221/artifacts/modules_dir/lib/modules/6.18.0-00006-g53d68d37d754/kernel/net/dsa/tag_none.ko
  STRIP   /local/mnt/workspace/AURA_V1/evidence/compile_closure_wcd937x_continuation_20260520_033221/artifacts/modules_dir/lib/modules/6.18.0-00006-g53d68d37d754/kernel/net/dsa/tag_ocelot.ko
  STRIP   /local/mnt/workspace/AURA_V1/evidence/compile_closure_wcd937x_continuation_20260520_033221/artifacts/modules_dir/lib/modules/6.18.0-00006-g53d68d37d754/kernel/net/dsa/tag_ocelot_8021q.ko
  INSTALL /local/mnt/workspace/AURA_V1/evidence/compile_closure_wcd937x_continuation_20260520_033221/artifacts/modules_dir/lib/modules/6.18.0-00006-g53d68d37d754/kernel/net/wireless/cfg80211.ko
  INSTALL /local/mnt/workspace/AURA_V1/evidence/compile_closure_wcd937x_continuation_20260520_033221/artifacts/modules_dir/lib/modules/6.18.0-00006-g53d68d37d754/kernel/net/llc/llc.ko
  STRIP   /local/mnt/workspace/AURA_V1/evidence/compile_closure_wcd937x_continuation_20260520_033221/artifacts/modules_dir/lib/modules/6.18.0-00006-g53d68d37d754/kernel/net/8021q/8021q.ko
  STRIP   /local/mnt/workspace/AURA_V1/evidence/compile_closure_wcd937x_continuation_20260520_033221/artifacts/modules_dir/lib/modules/6.18.0-00006-g53d68d37d754/kernel/net/llc/llc.ko
  INSTALL /local/mnt/workspace/AURA_V1/evidence/compile_closure_wcd937x_continuation_20260520_033221/artifacts/modules_dir/lib/modules/6.18.0-00006-g53d68d37d754/kernel/net/bridge/bridge.ko
  INSTALL /local/mnt/workspace/AURA_V1/evidence/compile_closure_wcd937x_continuation_20260520_033221/artifacts/modules_dir/lib/modules/6.18.0-00006-g53d68d37d754/kernel/net/bridge/br_netfilter.ko
  INSTALL /local/mnt/workspace/AURA_V1/evidence/compile_closure_wcd937x_continuation_20260520_033221/artifacts/modules_dir/lib/modules/6.18.0-00006-g53d68d37d754/kernel/net/can/can.ko
  INSTALL /local/mnt/workspace/AURA_V1/evidence/compile_closure_wcd937x_continuation_20260520_033221/artifacts/modules_dir/lib/modules/6.18.0-00006-g53d68d37d754/kernel/net/can/can-raw.ko
  STRIP   /local/mnt/workspace/AURA_V1/evidence/compile_closure_wcd937x_continuation_20260520_033221/artifacts/modules_dir/lib/modules/6.18.0-00006-g53d68d37d754/kernel/net/wireless/cfg80211.ko
  STRIP   /local/mnt/workspace/AURA_V1/evidence/compile_closure_wcd937x_continuation_20260520_033221/artifacts/modules_dir/lib/modules/6.18.0-00006-g53d68d37d754/kernel/net/bridge/br_netfilter.ko
  INSTALL /local/mnt/workspace/AURA_V1/evidence/compile_closure_wcd937x_continuation_20260520_033221/artifacts/modules_dir/lib/modules/6.18.0-00006-g53d68d37d754/kernel/net/can/can-bcm.ko
  STRIP   /local/mnt/workspace/AURA_V1/evidence/compile_closure_wcd937x_continuation_20260520_033221/artifacts/modules_dir/lib/modules/6.18.0-00006-g53d68d37d754/kernel/net/can/can-raw.ko
  STRIP   /local/mnt/workspace/AURA_V1/evidence/compile_closure_wcd937x_continuation_20260520_033221/artifacts/modules_dir/lib/modules/6.18.0-00006-g53d68d37d754/kernel/net/can/can.ko
  INSTALL /local/mnt/workspace/AURA_V1/evidence/compile_closure_wcd937x_continuation_20260520_033221/artifacts/modules_dir/lib/modules/6.18.0-00006-g53d68d37d754/kernel/net/can/can-gw.ko
  STRIP   /local/mnt/workspace/AURA_V1/evidence/compile_closure_wcd937x_continuation_20260520_033221/artifacts/modules_dir/lib/modules/6.18.0-00006-g53d68d37d754/kernel/net/bridge/bridge.ko
  INSTALL /local/mnt/workspace/AURA_V1/evidence/compile_closure_wcd937x_continuation_20260520_033221/artifacts/modules_dir/lib/modules/6.18.0-00006-g53d68d37d754/kernel/net/bluetooth/bluetooth.ko
  STRIP   /local/mnt/workspace/AURA_V1/evidence/compile_closure_wcd937x_continuation_20260520_033221/artifacts/modules_dir/lib/modules/6.18.0-00006-g53d68d37d754/kernel/net/can/can-bcm.ko
  INSTALL /local/mnt/workspace/AURA_V1/evidence/compile_closure_wcd937x_continuation_20260520_033221/artifacts/modules_dir/lib/modules/6.18.0-00006-g53d68d37d754/kernel/net/bluetooth/hidp/hidp.ko
  STRIP   /local/mnt/workspace/AURA_V1/evidence/compile_closure_wcd937x_continuation_20260520_033221/artifacts/modules_dir/lib/modules/6.18.0-00006-g53d68d37d754/kernel/net/can/can-gw.ko
  INSTALL /local/mnt/workspace/AURA_V1/evidence/compile_closure_wcd937x_continuation_20260520_033221/artifacts/modules_dir/lib/modules/6.18.0-00006-g53d68d37d754/kernel/net/mac80211/mac80211.ko
  INSTALL /local/mnt/workspace/AURA_V1/evidence/compile_closure_wcd937x_continuation_20260520_033221/artifacts/modules_dir/lib/modules/6.18.0-00006-g53d68d37d754/kernel/net/rfkill/rfkill.ko
  INSTALL /local/mnt/workspace/AURA_V1/evidence/compile_closure_wcd937x_continuation_20260520_033221/artifacts/modules_dir/lib/modules/6.18.0-00006-g53d68d37d754/kernel/net/rfkill/rfkill-gpio.ko
  INSTALL /local/mnt/workspace/AURA_V1/evidence/compile_closure_wcd937x_continuation_20260520_033221/artifacts/modules_dir/lib/modules/6.18.0-00006-g53d68d37d754/kernel/net/nfc/nfc.ko
  STRIP   /local/mnt/workspace/AURA_V1/evidence/compile_closure_wcd937x_continuation_20260520_033221/artifacts/modules_dir/lib/modules/6.18.0-00006-g53d68d37d754/kernel/net/bluetooth/hidp/hidp.ko
  INSTALL /local/mnt/workspace/AURA_V1/evidence/compile_closure_wcd937x_continuation_20260520_033221/artifacts/modules_dir/lib/modules/6.18.0-00006-g53d68d37d754/kernel/net/nfc/nci/nci.ko
  STRIP   /local/mnt/workspace/AURA_V1/evidence/compile_closure_wcd937x_continuation_20260520_033221/artifacts/modules_dir/lib/modules/6.18.0-00006-g53d68d37d754/kernel/net/bluetooth/bluetooth.ko
  STRIP   /local/mnt/workspace/AURA_V1/evidence/compile_closure_wcd937x_continuation_20260520_033221/artifacts/modules_dir/lib/modules/6.18.0-00006-g53d68d37d754/kernel/net/rfkill/rfkill.ko
  STRIP   /local/mnt/workspace/AURA_V1/evidence/compile_closure_wcd937x_continuation_20260520_033221/artifacts/modules_dir/lib/modules/6.18.0-00006-g53d68d37d754/kernel/net/rfkill/rfkill-gpio.ko
  INSTALL /local/mnt/workspace/AURA_V1/evidence/compile_closure_wcd937x_continuation_20260520_033221/artifacts/modules_dir/lib/modules/6.18.0-00006-g53d68d37d754/kernel/net/hsr/hsr.ko
  STRIP   /local/mnt/workspace/AURA_V1/evidence/compile_closure_wcd937x_continuation_20260520_033221/artifacts/modules_dir/lib/modules/6.18.0-00006-g53d68d37d754/kernel/net/nfc/nfc.ko
  STRIP   /local/mnt/workspace/AURA_V1/evidence/compile_closure_wcd937x_continuation_20260520_033221/artifacts/modules_dir/lib/modules/6.18.0-00006-g53d68d37d754/kernel/net/nfc/nci/nci.ko
  INSTALL /local/mnt/workspace/AURA_V1/evidence/compile_closure_wcd937x_continuation_20260520_033221/artifacts/modules_dir/lib/modules/6.18.0-00006-g53d68d37d754/kernel/net/qrtr/qrtr.ko
  STRIP   /local/mnt/workspace/AURA_V1/evidence/compile_closure_wcd937x_continuation_20260520_033221/artifacts/modules_dir/lib/modules/6.18.0-00006-g53d68d37d754/kernel/net/hsr/hsr.ko
  INSTALL /local/mnt/workspace/AURA_V1/evidence/compile_closure_wcd937x_continuation_20260520_033221/artifacts/modules_dir/lib/modules/6.18.0-00006-g53d68d37d754/kernel/net/qrtr/qrtr-smd.ko
  STRIP   /local/mnt/workspace/AURA_V1/evidence/compile_closure_wcd937x_continuation_20260520_033221/artifacts/modules_dir/lib/modules/6.18.0-00006-g53d68d37d754/kernel/net/mac80211/mac80211.ko
  INSTALL /local/mnt/workspace/AURA_V1/evidence/compile_closure_wcd937x_continuation_20260520_033221/artifacts/modules_dir/lib/modules/6.18.0-00006-g53d68d37d754/kernel/net/qrtr/qrtr-tun.ko
  STRIP   /local/mnt/workspace/AURA_V1/evidence/compile_closure_wcd937x_continuation_20260520_033221/artifacts/modules_dir/lib/modules/6.18.0-00006-g53d68d37d754/kernel/net/qrtr/qrtr.ko
  STRIP   /local/mnt/workspace/AURA_V1/evidence/compile_closure_wcd937x_continuation_20260520_033221/artifacts/modules_dir/lib/modules/6.18.0-00006-g53d68d37d754/kernel/net/qrtr/qrtr-smd.ko
  STRIP   /local/mnt/workspace/AURA_V1/evidence/compile_closure_wcd937x_continuation_20260520_033221/artifacts/modules_dir/lib/modules/6.18.0-00006-g53d68d37d754/kernel/net/qrtr/qrtr-tun.ko
  INSTALL /local/mnt/workspace/AURA_V1/evidence/compile_closure_wcd937x_continuation_20260520_033221/artifacts/modules_dir/lib/modules/6.18.0-00006-g53d68d37d754/kernel/net/qrtr/qrtr-mhi.ko
  STRIP   /local/mnt/workspace/AURA_V1/evidence/compile_closure_wcd937x_continuation_20260520_033221/artifacts/modules_dir/lib/modules/6.18.0-00006-g53d68d37d754/kernel/net/qrtr/qrtr-mhi.ko
  DEPMOD  /local/mnt/workspace/AURA_V1/evidence/compile_closure_wcd937x_continuation_20260520_033221/artifacts/modules_dir/lib/modules/6.18.0-00006-g53d68d37d754
